uuid,titre,nb_postes,statut,rome_code,date_debut,ville,type_contrat,nb_jours_contrat,nb_mois_contrat,nb_annees_contrat,diplome_obligatoire,niveau_etude,region_sud,region_nord,region_ile,created_at,updated_at,diplome,description,telephone,email,source,source_id,employer_id,ridet,designation,forme_juridique,enseigne,ville_physique,adresse_physique,rome_code_v3
2026061906ef,1 Agent informateur et animateur jeunesse,1,ACTIVE,K1205,2026-06-12 11:00:00+11:00,KONE,CDD,0,0,0,false,4,false,true,false,2026-06-19 15:00:29+11:00,2026-06-19 15:00:29+11:00,,"<b>1 Agent informateur et animateur jeunesse (H/F)</b>, sera chargé de l’accueil, l’information, et l’orientation des usagers en face à face (entretiens individuels) ou au standard téléphonique ; l’information du public sur les services du pôle socioprofessionnel en face à face ou au standard téléphonique ; la gestion de l'activité sur le plan des formalités administratives (saisie informations état civil, projet, besoins ; l’organisation et l’animation de l’espace ; l’organisation et l’animation des ateliers d’informations - L’animation et l’organisation de l’espace d’accueil et d’information ; l’actualisation de l’affichage, les informations mises à la disposition du public - Le suivi administratif et informatique des dossiers des usagers ; la réalisation des tâches administratives de base ; l’organisation des entretiens avec le Conseiller en Insertion Socioprofessionnel (CISP) ; la gestion de l’agenda du CISP (calage des rencontres individuelles avec le CISP) ; la veille active sur les missions d’accueil, d’information et d’orientation en identifiant et en analysant les besoins des jeunes afin de proposer des projets d’actions spécifiques. Titulaire d’un Bac ou d’un titre professionnel agent d’accueil et d’information apprécié avec minimum 3 ans d’expérience exigée dans la communication ou dans l’accueil, ou dans l’information du public de l’insertion socioprofessionnelle. Maîtrise de l’outil informatique (Word, Excel…etc.). Bonnes connaissances des spécificités du public en insertion. Bonne connaissance du public jeune. Bonnes connaissances des dispositifs, partenaires, mesures et outils d’insertion. Bonnes connaissances des différents règlements en vigueur dans le cadre de l’insertion socioprofessionnelle et des démarches à suivre. Bonnes connaissances en techniques d’accueil, d’entretien individuel, d’animation de groupe. Bonnes connaissances de l’environnement socioéconomique de la Province Nord (monde de l’entreprise…). Bonne connaissance du réseau partenariale spécifique à sa zone d’intervention. Bonnes capacités à travailler en réseau multi partenarial.  Bonnes capacités relationnelles et de communication, d’écoute, d’empathie et de discrétion, motivation positive pour les actions et projets au service des jeunes. Rigueur, adaptabilité, autonomie, organisation et capacités à travailler en équipe. Esprit d’initiative et méthodique, capacités d’analyse et de synthèse. Aisance rédactionnelle. Sens de l’accueil.  Bon relationnel. Qualités relationnelles. Capacité d’expression claire et avec courtoisie ; Excellente présentation. Réserve et respect de la confidentialité. Permis B exigé. Des déplacements réguliers sur l’ensemble du territoire et auprès différents partenaires de l’insertion socioprofessionnelle. Possibilité de travailler les weekends et jours fériés. CDD à temps complet. Lieu de travail : Koné",,recrutement@cap-emploi.nc,"Pour toute information complémentaire concernant cette offre d'emploi, vous pouvez contacter les conseillers du CAP Emploi à l'adresse suivante : <a href=""mailto:recrutement@cap-emploi.nc?subject=Offre%20ODE%20%23147275%20-%201%20Agent%20informateur%20et%20animateur%20jeunesse"">recrutement@cap-emploi.nc</a>. En cliquant sur ce lien, l'objet de votre message est automatiquement renseigné avec la référence de l'offre. Sinon, merci d'indiquer impérativement le n° de l'offre dans votre message, sans quoi votre demande ne pourra pas être traitée.",ODE,,,,,,,,K1205
20260619017a,1 Commercial,1,ACTIVE,D1407,2026-06-18 11:00:00+11:00,KONE,CDD,0,0,0,false,5,false,true,false,2026-06-19 15:00:29+11:00,2026-06-19 15:00:29+11:00,,"<b>1 Commercial (H/F)</b>, sera chargé d’accueillir, conseiller et accompagner les clients professionnels et particuliers ; identifier les besoins et proposer les produits et services adaptés ; développer et fidéliser un portefeuille clients ; réaliser les devis, commandes, factures et assurer leur suivi ; promouvoir les offres commerciales et les opérations promotionnelles ; participer au développement du chiffre d'affaires du magasin ; assurer le suivi des commandes et la satisfaction client ; contribuer à la gestion des stocks et aux réapprovisionnements ; veiller à la bonne présentation du magasin et à la mise en valeur des produits ; être force de proposition pour développer l'activité sur le secteur Nord. Titulaire Bac +2 exigé. Minimum 2 ans d'expérience professionnelle dans un secteur d'activité similaire exigée. Les atouts qui feront la différence : Expérience dans la vente de pièces détachées automobiles ou de produits techniques. Connaissances en mécanique automobile ou en équipements de garage. Expérience auprès d'une clientèle de professionnels. Expérience en développement commercial ou en relation client. Aimer le contact client et savoir créer une relation de confiance. Être autonome, dynamique et organisé. Faire preuve d'initiative et d'adaptabilité. Posséder un excellent sens du service. Maîtriser les outils informatiques courants. Permis B souhaité. CDD à temps complet. Lieu de travail : Koné",,recrutement@cap-emploi.nc,"Pour toute information complémentaire concernant cette offre d'emploi, vous pouvez contacter les conseillers du CAP Emploi à l'adresse suivante : <a href=""mailto:recrutement@cap-emploi.nc?subject=Offre%20ODE%20%23147289%20-%201%20Commercial"">recrutement@cap-emploi.nc</a>. En cliquant sur ce lien, l'objet de votre message est automatiquement renseigné avec la référence de l'offre. Sinon, merci d'indiquer impérativement le n° de l'offre dans votre message, sans quoi votre demande ne pourra pas être traitée.",ODE,,,,,,,,D1407
20260619003a,1 Chef du service milieux et ressources aquatiques,1,ACTIVE,M1301,2026-06-12 11:00:00+11:00,KONE,CDD,0,0,0,false,7,false,true,false,2026-06-19 15:00:29+11:00,2026-06-19 15:00:29+11:00,,"<b>1 Chef du service milieux et ressources aquatiques (H/F)</b>, sera chargé de la coordination de la mise en œuvre des orientations stratégiques dans les secteurs des pêches, de l’aquaculture, de la gestion des ressources aquatiques et de l’environnement marin, en lien avec les agents chargés des secteurs ; du montage, de l’instruction et du suivi de certains projets en lien avec les agents chargés des secteurs ; de l’animation et de l’encadrement d’une équipe de cadres et de techniciens, en lien avec les responsables des antennes (services décentralisés) ; de la gestion de la délégation des missions aux agents du service ; de la gestion du service et de ses moyens (budget, matériel, etc.). Titulaire d’un diplôme de niveau 7 dans le domaine. Être titulaire de 5 ans d’expérience minimum dans un poste et contexte similaire. Connaissance des contextes socio-économique, foncier et environnemental de la Province Nord. Connaissance du contexte des filières aquacoles et des pêches, de l’environnement marin ainsi que du contexte institutionnel et réglementaire en Nouvelle-Calédonie. Connaissance en économie d’entreprise. Connaissance dans l’analyse d’études d’impact environnementales. Maîtrise de la langue anglaise. Gestion en mode projet et gestion participative. Expérience en concertation territoriale. Expérience avérée en management et animation d’une équipe. Bonne capacité de synthèse des informations, de rédaction de rapports, notes et tableaux de bord. Sens des relations humaines. Sens du travail en équipe et du reporting. Bonne adaptation à des situations et des interlocuteurs variés. Sens de l’écoute et de la diplomatie. Esprit de rigueur, d’autonomie et d’initiative. Permis B exigé. CDD à temps complet. Lieu de travail : Koné",,recrutement@cap-emploi.nc,"Pour toute information complémentaire concernant cette offre d'emploi, vous pouvez contacter les conseillers du CAP Emploi à l'adresse suivante : <a href=""mailto:recrutement@cap-emploi.nc?subject=Offre%20ODE%20%23147276%20-%201%20Chef%20du%20service%20milieux%20et%20ressources%20aquatiques"">recrutement@cap-emploi.nc</a>. En cliquant sur ce lien, l'objet de votre message est automatiquement renseigné avec la référence de l'offre. Sinon, merci d'indiquer impérativement le n° de l'offre dans votre message, sans quoi votre demande ne pourra pas être traitée.",ODE,,,,,,,,M1301
202606194156,1 Responsable magasin,1,ACTIVE,D1301,2026-06-18 11:00:00+11:00,KONE,CDD,0,0,0,false,5,false,true,false,2026-06-19 15:00:29+11:00,2026-06-19 15:00:29+11:00,,"<b>1 Responsable magasin (H/F)</b>, sera chargé d’assurer l'accueil, le conseil et la fidélisation de la clientèle ; développer l'activité commerciale du magasin ; identifier les besoins des clients et proposer les solutions adaptées ; établir les devis, commandes, factures et assurer leur suivi ; gérer les stocks, les approvisionnements et les inventaires ; veiller à la bonne tenue et à l'attractivité du magasin ; mettre en place les opérations commerciales et promotions ; assurer le suivi des commandes et des livraisons ; garantir le respect des procédures administratives et commerciales ; être force de proposition pour développer l'activité locale. Titulaire Bac +2 exigé. Minimum 2 ans d'expérience professionnelle dans un secteur d'activité similaire exigée. Les atouts qui feront la différence : Expérience dans la gestion d'un magasin ou d'un centre de profit. Expérience dans la vente de pièces détachées ou de produits techniques. Connaissances en mécanique automobile, équipements de garage ou pièces détachées. Expérience auprès d'une clientèle de professionnels. Être autonome, rigoureux et organisé. Posséder un fort sens du commerce et de la relation client. Apprécier les responsabilités et la polyvalence. Savoir gérer vos priorités et prendre des initiatives. Avoir le sens du résultat et de la satisfaction client. Maîtriser les outils informatiques courants. Permis B souhaité. CDD à temps complet. Lieu de travail : Koné",,recrutement@cap-emploi.nc,"Pour toute information complémentaire concernant cette offre d'emploi, vous pouvez contacter les conseillers du CAP Emploi à l'adresse suivante : <a href=""mailto:recrutement@cap-emploi.nc?subject=Offre%20ODE%20%23147288%20-%201%20Responsable%20magasin"">recrutement@cap-emploi.nc</a>. En cliquant sur ce lien, l'objet de votre message est automatiquement renseigné avec la référence de l'offre. Sinon, merci d'indiquer impérativement le n° de l'offre dans votre message, sans quoi votre demande ne pourra pas être traitée.",ODE,,,,,,,,D1301
20260619ce0a,1 Vendeur comptoir expérimenté,1,ACTIVE,D1213,2026-06-18 11:00:00+11:00,KONE,CDD,0,0,0,false,4,false,true,false,2026-06-19 15:00:29+11:00,2026-06-19 15:00:29+11:00,,"<b>1 Vendeur comptoir expérimenté (H/F)</b>, sera chargé d’accueillir, renseigner et conseiller les clients au comptoir et par téléphone ; identifier les besoins en pièces détachées, consommables et équipements d'atelier ; rechercher les références produites et proposer les solutions adaptées ; établir les devis, pro-forma, bons de commande et bons de livraison ; assurer les encaissements, la facturation et le suivi administratif des ventes ; gérer les commandes clients et assurer leur suivi jusqu'à la livraison ; veiller à la bonne tenue du magasin et à la qualité de la présentation des produits ; participer à la gestion des stocks, aux réapprovisionnements et aux inventaires ; mettre en place les opérations promotionnelles et contribuer au développement commercial du point de vente ; assurer le bon fonctionnement quotidien du magasin dans le respect des procédures de l'entreprise. Titulaire d’un BAC exigé. Minimum 2 ans d'expérience professionnelle dans un secteur d'activité similaire exigée. Être autonome, organisé et capable de gérer vos priorités. Avoir un excellent sens du service et de la relation client. Faire preuve de rigueur, d'initiative et de réactivité. Apprécier les postes polyvalents et les responsabilités. Posséder un bon esprit d'équipe tout en étant capable de travailler seul. Maîtriser les outils informatiques courants. Les atouts qui feront la différence : Expérience dans la vente de pièces détachées automobiles ou de produits techniques. Connaissances en mécanique automobile et/ou en équipements de garage. Expérience dans la gestion autonome d'un point de vente ou d'un magasin. Permis B exigé. CDD à temps complet. Lieu de travail : Koné",,recrutement@cap-emploi.nc,"Pour toute information complémentaire concernant cette offre d'emploi, vous pouvez contacter les conseillers du CAP Emploi à l'adresse suivante : <a href=""mailto:recrutement@cap-emploi.nc?subject=Offre%20ODE%20%23147287%20-%201%20Vendeur%20comptoir%20exp%C3%A9riment%C3%A9"">recrutement@cap-emploi.nc</a>. En cliquant sur ce lien, l'objet de votre message est automatiquement renseigné avec la référence de l'offre. Sinon, merci d'indiquer impérativement le n° de l'offre dans votre message, sans quoi votre demande ne pourra pas être traitée.",ODE,,,,,,,,D1213
202606199fa9,1 Gestionnaire du parc automobile,1,ACTIVE,I1103,2026-06-12 11:00:00+11:00,KONE,CDD,0,0,0,false,SANS_DIPLOME,false,true,false,2026-06-19 15:00:28+11:00,2026-06-19 15:00:28+11:00,,"<b>1 Gestionnaire du parc automobile (H/F)</b>, sera chargé d’assurer la gestion du PARKOTO de KONE et de ses sites décentralisés (Voh et Poya) ; organiser l'utilisation des véhicules et la gestion des déplacements selon les besoins ; assurer la comptabilité et le suivi / entretien / maintenance du parc et de ses sites décentralisés ; assurer la suppléance des référents carburant et sinistres ; participer à la mise en application du plan de gestion de la flotte ; assister et conseiller le chef de service pour le renouvellement des véhicules et dans le cadre des ventes aux enchères publiques ; réceptionner les véhicules neufs et vérifier leur conformité avec la commande ; être le référent PCEPN (Plan Climat Energie de la Province Nord) pour la DAJAP ; assurer la suppléance des gestionnaires des parkotos ; Baccalauréat exigé. Connaissance de WORD / EXCEL. Connaissance du logiciel ASTRE. Connaissances mécaniques appréciées. Rigueur. Réactivité. Sens du travail en équipe. Sens de l’organisation. Permis B exigé. CDD à temps complet. Lieu de travail : Koné",,recrutement@cap-emploi.nc,"Pour toute information complémentaire concernant cette offre d'emploi, vous pouvez contacter les conseillers du CAP Emploi à l'adresse suivante : <a href=""mailto:recrutement@cap-emploi.nc?subject=Offre%20ODE%20%23147274%20-%201%20Gestionnaire%20du%20parc%20automobile"">recrutement@cap-emploi.nc</a>. En cliquant sur ce lien, l'objet de votre message est automatiquement renseigné avec la référence de l'offre. Sinon, merci d'indiquer impérativement le n° de l'offre dans votre message, sans quoi votre demande ne pourra pas être traitée.",ODE,,,,,,,,I1103
202606190241,1 Mécanicien sur engins minier - Kaala Gomen,1,ACTIVE,I1603,2026-06-11 11:00:00+11:00,KAALA-GOMEN,CDI,0,0,0,false,3,false,true,false,2026-06-19 15:00:28+11:00,2026-06-19 15:00:28+11:00,,"<b>1 Mécanicien sur engins minier (H/F)</b>, sera chargé de garantir la sécurité des biens et des personnes ; diagnostiquer et réparer les pannes ; entretenir les engins ; réparer l’outillage et faire le reporting. CAP à BAC Pro en mécanique d’engins, maintenance des matériels et expérience professionnelle de 5 ans minimum sur un poste similaire exigés. Connaissances spécifiques sur les systèmes mécaniques, hydrauliques, électriques et électroniques des engins Caterpillar, maîtrise des consignes de sécurité et des procédures de maintenance, connaissance pratique des logiciels de diagnostic SIS et AX. Capacité à diagnostiquer des pannes et à évaluer la meilleure solution de réparation, maîtrise des techniques de démontage, réparation et remontage des organes d’engins et des opérations d’entretien préventif et courant des équipements. Permis B obligatoire. Logement non fourni. CDI à temps complet. Lieu de travail : Kaala-Gomen (Ouaco).",,recrutement@cap-emploi.nc,"Pour toute information complémentaire concernant cette offre d'emploi, vous pouvez contacter les conseillers du CAP Emploi à l'adresse suivante : <a href=""mailto:recrutement@cap-emploi.nc?subject=Offre%20ODE%20%23147272%20-%201%20M%C3%A9canicien%20sur%20engins%20minier%20-%20Kaala%20Gomen"">recrutement@cap-emploi.nc</a>. En cliquant sur ce lien, l'objet de votre message est automatiquement renseigné avec la référence de l'offre. Sinon, merci d'indiquer impérativement le n° de l'offre dans votre message, sans quoi votre demande ne pourra pas être traitée.",ODE,,,,,,,,I1603
20260619dac5,1 Technicien service,1,ACTIVE,I1310,2026-06-12 11:00:00+11:00,KOUMAC,CDI,0,0,0,false,3,false,true,false,2026-06-19 15:00:28+11:00,2026-06-19 15:00:28+11:00,,"<b>1 Technicien service (H/F)</b>, sera chargé de réaliser les opérations de maintenance préventive et curative sur les machines conformément aux règles, aux standards et aux normes en vigueur ; effectuer les diagnostics de pannes sur les machines conformément aux règles, aux standards et aux normes en vigueur ; collecter, contrôler et transmettre les informations liées aux opérations de maintenance réalisées ou à prévoir ; rédiger les rapports des interventions et participer à la gestion de stock des pièces détachées ; animer la sécurité des personnes et des biens placés sous sa responsabilité. BAC Pro maintenance avec minimum 3 ans d’expérience sur un poste similaire ou CAP/ BEP maintenance avec plus de 6 ans d’expérience. Bonne connaissance des logiciels de maintenance et maîtrise des outils bureautiques. Solides compétences en mécanique, électricité, hydraulique et électronique. Bonne maîtrise de la lecture de schémas techniques. Permis B exigé et CACES 10, CACES nacelle, permis C appréciés. CDI à temps complet. Lieu de travail : Koumac.",,recrutement@cap-emploi.nc,"Pour toute information complémentaire concernant cette offre d'emploi, vous pouvez contacter les conseillers du CAP Emploi à l'adresse suivante : <a href=""mailto:recrutement@cap-emploi.nc?subject=Offre%20ODE%20%23147273%20-%201%20Technicien%20service"">recrutement@cap-emploi.nc</a>. En cliquant sur ce lien, l'objet de votre message est automatiquement renseigné avec la référence de l'offre. Sinon, merci d'indiquer impérativement le n° de l'offre dans votre message, sans quoi votre demande ne pourra pas être traitée.",ODE,,,,,,,,I1310
202606198cf1,1 Animateur terrain - sensibilisation à la préservation du dugong et des tortues,1,ACTIVE,A1303,2026-06-29 11:00:00+11:00,KONE,CDI,0,0,0,false,5,false,true,false,2026-06-19 15:00:27+11:00,2026-06-19 15:00:27+11:00,,"<b>1 Animateur terrain – sensibilisation à la préservation du dugong et des tortues (H/F)</b>, sera chargé de déployer des actions de sensibilisation sur les dugongs et les tortues auprès des publics et des acteurs locaux en Nouvelle-Calédonie; Assurera sa mission sous la supervision de la coordinatrice du pôle Marin. Bac+2 dans les domaines de la communication, de l’animation socio-éducative, de l’environnement ou équivalent (BTS communication, BTSA Gestion et Protection de la Nature, DUT métiers de la communication…). A défaut, formation professionnelle et/ou expérience significative en animation de terrain, sensibilisation du public et communication associative. Expérience en animation, sensibilisation ou médiation appréciée. Permis B indispensable (Forte mobilité - déplacements sur tout le territoire). Lieu de travail : Koné.",,recrutement@cap-emploi.nc,"Pour toute information complémentaire concernant cette offre d'emploi, vous pouvez contacter les conseillers du CAP Emploi à l'adresse suivante : <a href=""mailto:recrutement@cap-emploi.nc?subject=Offre%20ODE%20%23147242%20-%201%20Animateur%20terrain%20-%20sensibilisation%20%C3%A0%20la%20pr%C3%A9servation%20du%20dugong%20et%20des%20tortues"">recrutement@cap-emploi.nc</a>. En cliquant sur ce lien, l'objet de votre message est automatiquement renseigné avec la référence de l'offre. Sinon, merci d'indiquer impérativement le n° de l'offre dans votre message, sans quoi votre demande ne pourra pas être traitée.",ODE,,,,,,,,A1303
20260619ce14,2 Enseignants suppléants annualisés LCK -55-2026 / DEFIJ,2,ACTIVE,K2106,2027-02-12 11:00:00+11:00,CANALA,CDD,0,11,0,false,4,false,true,false,2026-06-19 15:00:25+11:00,2026-06-19 15:00:25+11:00,,"<b>2 Enseignants suppléants annualisés LCK - Xârâcùù (H/F)</b>, seront en charge de dispenser un enseignement en langue kanak et contribuer à l’enseignement de la culture et à l’apprentissage des langues kanak auprès des élèves d’une ou plusieurs écoles, en étroite collaboration avec les enseignants des classes concernées. Ils garantissent l’éveil progressif des capacités de réflexion, d’expression et de communication de l’enfant selon des méthodes pédagogiques adaptées. Pendant le temps scolaire, ils s’assurent de la sécurité physique et psycho affective des élèves dont ils ont la charge. Ils doivent mettre tout en œuvre pour assurer la sécurité et le bien-être de chaque enfant. Les enseignants remplaçants servent sous l’autorité administrative de la DEFIJ et pédagogique de l’inspecteur de l’enseignement primaire de la circonscription. BAC Général souhaité ou Licence en Langue Océanienne. Expérience exigée de 2 ans minimum dans les domaines de l’enseignement et ou de l’animation. Être capable de proposer des situations d’enseignement- apprentissage en lien avec le programme du maitre de classe. Savoir construire les apprentissages sur la polyvalence du maître et de l’équipe. Maîtriser la conduite d’une classe et susciter l’intérêt et la participation des élèves. Adapter l’enseignement à la diversité des élèves et apporter à chacun l’appui nécessaire. Disponibilité. Aptitude à l’éducation. Sens du travail en équipe. CDD à temps complet. Lieu de travail : Canala",,recrutement@cap-emploi.nc,"Pour toute information complémentaire concernant cette offre d'emploi, vous pouvez contacter les conseillers du CAP Emploi à l'adresse suivante : <a href=""mailto:recrutement@cap-emploi.nc?subject=Offre%20ODE%20%23147211%20-%202%20Enseignants%20suppl%C3%A9ants%20annualis%C3%A9s%20LCK%20-55-2026%20%2F%20DEFIJ"">recrutement@cap-emploi.nc</a>. En cliquant sur ce lien, l'objet de votre message est automatiquement renseigné avec la référence de l'offre. Sinon, merci d'indiquer impérativement le n° de l'offre dans votre message, sans quoi votre demande ne pourra pas être traitée.",ODE,,,,,,,,K2106
202606194ba1,3 Enseignants suppléants annualisés LCK-55-2026 / DEFIJ,3,ACTIVE,K2106,2027-02-12 11:00:00+11:00,HOUAILOU,CDD,0,11,0,false,4,false,true,false,2026-06-19 15:00:25+11:00,2026-06-19 15:00:25+11:00,,"<b>3 Enseignants suppléants annualisés LCK - Ajië (H/F)</b>, seront en charge de dispenser un enseignement en langue kanak et contribuer à l’enseignement de la culture et à l’apprentissage des langues kanak auprès des élèves d’une ou plusieurs écoles, en étroite collaboration avec les enseignants des classes concernées. Ils garantissent l’éveil progressif des capacités de réflexion, d’expression et de communication de l’enfant selon des méthodes pédagogiques adaptées. Pendant le temps scolaire, ils s’assurent de la sécurité physique et psycho affective des élèves dont ils ont la charge. Ils doivent mettre tout en œuvre pour assurer la sécurité et le bien-être de chaque enfant. Les enseignants remplaçants servent sous l’autorité administrative de la DEFIJ et pédagogique de l’inspecteur de l’enseignement primaire de la circonscription. BAC Général souhaité ou Licence en Langue Océanienne. Expérience exigée de 2 ans minimum dans les domaines de l’enseignement et ou de l’animation. Être capable de proposer des situations d’enseignement- apprentissage en lien avec le programme du maitre de classe. Savoir construire les apprentissages sur la polyvalence du maître et de l’équipe. Maîtriser la conduite d’une classe et susciter l’intérêt et la participation des élèves. Adapter l’enseignement à la diversité des élèves et apporter à chacun l’appui nécessaire. Disponibilité. Aptitude à l’éducation. Sens du travail en équipe. CDD à temps complet. Lieu de travail : Houailou",,recrutement@cap-emploi.nc,"Pour toute information complémentaire concernant cette offre d'emploi, vous pouvez contacter les conseillers du CAP Emploi à l'adresse suivante : <a href=""mailto:recrutement@cap-emploi.nc?subject=Offre%20ODE%20%23147210%20-%203%20Enseignants%20suppl%C3%A9ants%20annualis%C3%A9s%20LCK-55-2026%20%2F%20DEFIJ"">recrutement@cap-emploi.nc</a>. En cliquant sur ce lien, l'objet de votre message est automatiquement renseigné avec la référence de l'offre. Sinon, merci d'indiquer impérativement le n° de l'offre dans votre message, sans quoi votre demande ne pourra pas être traitée.",ODE,,,,,,,,K2106
202606194c59,2 Enseignants suppléants annualisés -54-2026 / DEFIJ,2,ACTIVE,K2106,2027-02-12 11:00:00+11:00,CANALA,CDD,0,11,0,false,4,false,true,false,2026-06-19 15:00:25+11:00,2026-06-19 15:00:25+11:00,,"<b>2 Enseignants suppléants annualisés (H/F)</b> seront en charge d’instruire et éduquer les élèves des écoles maternelles et élémentaires ; d'assurer un enseignement de qualité visant l'apprentissage des bases dans les matières d'enseignement afférente aux programmes de la Nouvelle-Calédonie ; de garantir l'éveil progressif des capacités de réflexion, d'expression et de communication de l'enfant selon des méthodes pédagogiques adaptées ; pendant le temps scolaire, de s'assurer de la sécurité physique et psycho-affective des élèves dont il a la charge ; de mettre tout en œuvre pour assurer la sécurité et le bien-être de chaque enfant. Les enseignants remplaçants servent sous l'autorité administrative de la DEFIJ et pédagogique de l'inspecteur de l'enseignement primaire de la circonscription. Titulaire d’un Bac général, professionnel, technologique ou licence. Expérience dans l'enseignement primaire obligatoire. Bonne connaissance des programmes d'enseignement primaire de la NC. Maîtrise de la langue française orale et écrite. Maîtrise des contenus d'apprentissage de l'école primaire. Capacité à mettre en œuvre et à évaluer des séances d'apprentissage dans le respect des programmes d'enseignement. Capacité à définir et mettre en œuvre la programmation des apprentissages en s'inscrivant dans les répartitions annuelles de l'équipe enseignante. Enseignement dans les différents domaines et niveaux d'apprentissage de l'école primaire. Conception et mise en œuvre des modalités d'évaluation des apprentissages. Suivi individuel des élèves. Utilisation des technologies de l’information et de la communication au service des apprentissages. Connaissance du contexte culturel et linguistique de la province Nord. Participation aux réunions institutionnelles et au travail en équipe. Disponibilité. Faculté d'adaptation. Sens de la rigueur. Sens de l'écoute, pédagogie. Aptitude à l'éducation. Respect de l'autre. Sens du travail en équipe. Maîtrise de ses émotions. Sens de l'engagement professionnel. Capacité à la remise en question. CDD à temps complet. Lieu de travail : Canala",,recrutement@cap-emploi.nc,"Pour toute information complémentaire concernant cette offre d'emploi, vous pouvez contacter les conseillers du CAP Emploi à l'adresse suivante : <a href=""mailto:recrutement@cap-emploi.nc?subject=Offre%20ODE%20%23147208%20-%202%20Enseignants%20suppl%C3%A9ants%20annualis%C3%A9s%20-54-2026%20%2F%20DEFIJ"">recrutement@cap-emploi.nc</a>. En cliquant sur ce lien, l'objet de votre message est automatiquement renseigné avec la référence de l'offre. Sinon, merci d'indiquer impérativement le n° de l'offre dans votre message, sans quoi votre demande ne pourra pas être traitée.",ODE,,,,,,,,K2106
202606198f62,2 Enseignants suppléants annualisés -54-2026 / DEFIJ,2,ACTIVE,K2106,2027-02-12 11:00:00+11:00,HOUAILOU,CDD,0,11,0,false,4,false,true,false,2026-06-19 15:00:24+11:00,2026-06-19 15:00:24+11:00,,"<b>2 Enseignants suppléants annualisés (H/F)</b> seront en charge d’instruire et éduquer les élèves des écoles maternelles et élémentaires ; d'assurer un enseignement de qualité visant l'apprentissage des bases dans les matières d'enseignement afférente aux programmes de la Nouvelle-Calédonie ; de garantir l'éveil progressif des capacités de réflexion, d'expression et de communication de l'enfant selon des méthodes pédagogiques adaptées ; pendant le temps scolaire, de s'assurer de la sécurité physique et psycho-affective des élèves dont il a la charge ; de mettre tout en œuvre pour assurer la sécurité et le bien-être de chaque enfant. Les enseignants remplaçants servent sous l'autorité administrative de la DEFIJ et pédagogique de l'inspecteur de l'enseignement primaire de la circonscription. Titulaire d’un Bac général, professionnel, technologique ou licence. Expérience dans l'enseignement primaire obligatoire. Bonne connaissance des programmes d'enseignement primaire de la NC. Maîtrise de la langue française orale et écrite. Maîtrise des contenus d'apprentissage de l'école primaire. Capacité à mettre en œuvre et à évaluer des séances d'apprentissage dans le respect des programmes d'enseignement. Capacité à définir et mettre en œuvre la programmation des apprentissages en s'inscrivant dans les répartitions annuelles de l'équipe enseignante. Enseignement dans les différents domaines et niveaux d'apprentissage de l'école primaire. Conception et mise en œuvre des modalités d'évaluation des apprentissages. Suivi individuel des élèves. Utilisation des technologies de l’information et de la communication au service des apprentissages. Connaissance du contexte culturel et linguistique de la province Nord. Participation aux réunions institutionnelles et au travail en équipe. Disponibilité. Faculté d'adaptation. Sens de la rigueur. Sens de l'écoute, pédagogie. Aptitude à l'éducation. Respect de l'autre. Sens du travail en équipe. Maîtrise de ses émotions. Sens de l'engagement professionnel. Capacité à la remise en question. CDD à temps complet. Lieu de travail : Houailou",,recrutement@cap-emploi.nc,"Pour toute information complémentaire concernant cette offre d'emploi, vous pouvez contacter les conseillers du CAP Emploi à l'adresse suivante : <a href=""mailto:recrutement@cap-emploi.nc?subject=Offre%20ODE%20%23147206%20-%202%20Enseignants%20suppl%C3%A9ants%20annualis%C3%A9s%20-54-2026%20%2F%20DEFIJ"">recrutement@cap-emploi.nc</a>. En cliquant sur ce lien, l'objet de votre message est automatiquement renseigné avec la référence de l'offre. Sinon, merci d'indiquer impérativement le n° de l'offre dans votre message, sans quoi votre demande ne pourra pas être traitée.",ODE,,,,,,,,K2106
20260617004f,1 Responsable technique d'armement,1,ACTIVE,I1605,2026-06-17 11:00:00+11:00,KOUMAC,CDD,0,3,0,false,5,false,true,false,2026-06-17 13:03:40+11:00,2026-06-19 15:00:29+11:00,,"<b>1 Responsable technique d’armement (H/F)</b>, sera chargé d’organiser et encadrer le service maintenance des navires ; garantir le bon état de fonctionnement de la flotte ; diagnostiquer les dysfonctionnements et proposer des solutions techniques ; piloter, coordonner et contrôler les prestataires externes ; assurer la préparation des navires aux visites réglementaires ; veiller au respect des règles de sécurité et de la réglementation. BTS mécanique équipements industriels ou Brevet de chef mécanicien 3000KW et 5 ans minimum d’expérience professionnelle sur un poste similaire exigés. Maîtrise en mécanique générale marine, électricité (380V, 220V, 24V), hydraulique et frigorifique ; bonne connaissance des techniques de soudure, tuyauterie, inox… Autonomie, polyvalence, capacité d’adaptation, excellent relationnel, réactivité, sens des priorités et grande disponibilité. Permis B exigé. Logement non fourni. CDD évolutif à temps complet. Lieu de travail : Koumac",,recrutement@cap-emploi.nc,"Pour toute information complémentaire concernant cette offre d'emploi, vous pouvez contacter les conseillers du CAP Emploi à l'adresse suivante : <a href=""mailto:recrutement@cap-emploi.nc?subject=Offre%20ODE%20%23147285%20-%201%20Responsable%20technique%20d%27armement%20%28r%C3%A9f.%20Guichet%2020260617004f%29"">recrutement@cap-emploi.nc</a>. En cliquant sur ce lien, l'objet de votre message est automatiquement renseigné avec la référence de l'offre. Sinon, merci d'indiquer impérativement le n° de l'offre dans votre message, sans quoi votre demande ne pourra pas être traitée.",ODE,,,,,,,,I1605
20260616046a,1 Technicien service,1,ACTIVE,I1603,2026-06-16 11:00:00+11:00,KOUMAC,CDI,0,0,0,false,3,false,true,false,2026-06-16 15:00:30+11:00,2026-06-19 15:00:29+11:00,,"<b>1 Technicien service (H/F)</b>, sera chargé de réaliser les opérations de maintenance préventive et curative sur les machines LIEBHERR conformément aux règles, aux standards et aux normes en vigueur ; effectuer les diagnostics de pannes sur les machines conformément aux règles, aux standards et aux normes en vigueur ; collecter, contrôler et transmettre les informations liées aux opérations de maintenance réalisées ou à prévoir ; rédiger les rapports des interventions et participer à la gestion de stock des pièces détachées ; être responsable de la sécurité des personnes et des biens placés sous sa responsabilité. BAC Pro maintenance avec minimum 3 ans d’expérience sur un poste similaire ou CAP/ BEP maintenance avec plus de 6 ans d’expérience. Bonne connaissance de la technologie et des logiciels de maintenance LIEBHERR ; maîtrise des outils informatiques bureautiques. Solides compétences en mécanique, électricité, hydraulique et électronique des engins miniers. Maîtrise de la lecture de schémas techniques. Autonome, rigoureux, motivé et bonne qualité relationnelle. Permis B exigé et CACES 10, CACES nacelle, permis C appréciés. CDI à temps complet. Lieu de travail : Koumac.",,recrutement@cap-emploi.nc,"Pour toute information complémentaire concernant cette offre d'emploi, vous pouvez contacter les conseillers du CAP Emploi à l'adresse suivante : <a href=""mailto:recrutement@cap-emploi.nc?subject=Offre%20ODE%20%23147282%20-%201%20Technicien%20service%20%28r%C3%A9f.%20Guichet%2020260616046a%29"">recrutement@cap-emploi.nc</a>. En cliquant sur ce lien, l'objet de votre message est automatiquement renseigné avec la référence de l'offre. Sinon, merci d'indiquer impérativement le n° de l'offre dans votre message, sans quoi votre demande ne pourra pas être traitée.",ODE,,,,,,,,I1603
20260605295b,Infirmier / Infirmière en soins généraux - réf 3134-26-0883/SR du 5 juin 2026,1,ACTIVE,J1506,2026-06-05 11:00:00+11:00,TOUHO,CDD,0,0,0,false,5,false,true,false,2026-06-05 14:26:44+11:00,2026-06-19 15:00:28+11:00,,"<b>1 Infirmier en soins généraux (H/F)</b>, sera chargé d’assurer les actes curatifs (consultations, urgences, soins) ; les actes préventifs (vaccinations, dépistages, PMI, santé scolaire, médecine du travail, suivi des maladies chroniques...) ; les actes éducatifs (hygiène de vie, éducation thérapeutique des patients chroniques, santé scolaire…) ; la téléconsultation (en l’absence de médecin en présentiel). Diplôme d’état infirmier exigé et expérience du travail en poste isolé et des urgences. Maîtrise des logiciels de bureautique (Excel et Word). Disponibilité et rigueur ; respect de la confidentialité des informations et du secret médical ; sens des responsabilités ; goût des relations humaines ; esprit d’initiative ; capacité d’écoute ; goût du travail en équipe. Permis B exigé. Logement fourni. CDD à temps complet. Lieu de travail : Touho",,recrutement@cap-emploi.nc,"Pour toute information complémentaire concernant cette offre d'emploi, vous pouvez contacter les conseillers du CAP Emploi à l'adresse suivante : <a href=""mailto:recrutement@cap-emploi.nc?subject=Offre%20ODE%20%23147268%20-%20Infirmier%20%2F%20Infirmi%C3%A8re%20en%20soins%20g%C3%A9n%C3%A9raux%20-%20r%C3%A9f%203134-26-0883%2FSR%20du%205%20juin%202026%20%28r%C3%A9f.%20Guichet%2020260605295b%29"">recrutement@cap-emploi.nc</a>. En cliquant sur ce lien, l'objet de votre message est automatiquement renseigné avec la référence de l'offre. Sinon, merci d'indiquer impérativement le n° de l'offre dans votre message, sans quoi votre demande ne pourra pas être traitée.",ODE,,,,,,,,J1506
202606054631,1 Infirmier / Infirmière de soins généraux-26-0882/SR du 5 juin 2026 - DASSPS- BELEP,1,ACTIVE,J1506,2026-06-05 11:00:00+11:00,BELEP,CDD,0,0,0,false,6,false,true,false,2026-06-05 14:11:34+11:00,2026-06-19 15:00:28+11:00,,"<b>1 Infirmier en soins généraux (H/F)</b>, sera chargé d’assurer les actes curatifs (consultations, urgences, soins) ; les actes préventifs (vaccinations, dépistages, PMI, santé scolaire, médecine du travail, suivi des maladies chroniques...) ; les actes éducatifs (hygiène de vie, éducation thérapeutique des patients chroniques, santé scolaire…) ; la téléconsultation (en l’absence de médecin en présentiel). Diplôme d’état infirmier exigé et expérience du travail en poste isolé et des urgences. Maîtrise des logiciels de bureautique (Excel et Word). Disponibilité et rigueur ; respect de la confidentialité des informations et du secret médical ; sens des responsabilités ; goût des relations humaines ; esprit d’initiative ; capacité d’écoute ; goût du travail en équipe. Permis B exigé. Logement fourni. CDD à temps complet. Lieu de travail : Bélep",,recrutement@cap-emploi.nc,"Pour toute information complémentaire concernant cette offre d'emploi, vous pouvez contacter les conseillers du CAP Emploi à l'adresse suivante : <a href=""mailto:recrutement@cap-emploi.nc?subject=Offre%20ODE%20%23147267%20-%201%20Infirmier%20%2F%20Infirmi%C3%A8re%20de%20soins%20g%C3%A9n%C3%A9raux-26-0882%2FSR%20du%205%20juin%202026%20-%20DASSPS-%20BELEP%20%28r%C3%A9f.%20Guichet%20202606054631%29"">recrutement@cap-emploi.nc</a>. En cliquant sur ce lien, l'objet de votre message est automatiquement renseigné avec la référence de l'offre. Sinon, merci d'indiquer impérativement le n° de l'offre dans votre message, sans quoi votre demande ne pourra pas être traitée.",ODE,,,,,,,,J1506
202606049818,1 Chef magasinier,1,ACTIVE,N1303,2026-06-03 11:00:00+11:00,KAALA-GOMEN,CDD,0,3,0,false,5,false,true,false,2026-06-04 16:00:30+11:00,2026-06-19 15:00:28+11:00,,"<b>1 Chef magasinier (H/F)</b>, sera chargé de la gestion de stock ; suivi et traçabilité des demandes du site et divers besoins ; transmission de factures et états périodiques ; inventaires, référencement des produits ; suivi des niveaux des stocks minimum ou stratégiques ; réapprovisionnement dans les délais ; relais entre les services ; livraisons et management. Bac+2 en logistique approvisionnement exigé et expérience professionnelle de 3 à 5 ans souhaitée. Connaissance des pièces et équipements miniers (mécaniques, hydrauliques, pneumatiques et électriques, consommables industriels). Respect strict des procédures Hygiène, Sécurité, Environnement ; capacité à encadrer une équipe et à gérer plusieurs priorités simultanément, réactivité, communication fluide, sens des responsabilités, faire preuve d’esprit d’équipe, de rigueur, résistance au stress. Permis B exigé. Logement non fourni. CDD de 3 mois à temps complet. Lieu de travail : Kaala-Gomen (Ouaco).",,recrutement@cap-emploi.nc,"Pour toute information complémentaire concernant cette offre d'emploi, vous pouvez contacter les conseillers du CAP Emploi à l'adresse suivante : <a href=""mailto:recrutement@cap-emploi.nc?subject=Offre%20ODE%20%23147257%20-%201%20Chef%20magasinier%20%28r%C3%A9f.%20Guichet%20202606049818%29"">recrutement@cap-emploi.nc</a>. En cliquant sur ce lien, l'objet de votre message est automatiquement renseigné avec la référence de l'offre. Sinon, merci d'indiquer impérativement le n° de l'offre dans votre message, sans quoi votre demande ne pourra pas être traitée.",ODE,,,,,,,,N1303
20260604a3fd,1 Chef de cuisine spécialité vietnamienne et asiatique,1,ACTIVE,G1601,2026-10-01 11:00:00+11:00,KONE,CDI,0,0,0,false,3,false,true,false,2026-06-04 16:00:29+11:00,2026-06-19 15:00:27+11:00,,"<b>1 Chef de cuisine spécialité vietnamienne et asiatique (H/F)</b>, sera chargé de l’approvisionnement et gestion des stocks, contrôle de la qualité de la production et de sa conformité aux normes d'hygiène et de sécurité alimentaire ; gestion de la production, analyse des dysfonctionnements et mise en œuvre d'actions correctives, contrôle de la bonne utilisation des équipements et des matériels ; élaboration de plat par exemple (Phô – Soupe de nouilles de riz au bœuf ou au poulet, parfumée aux épices, Bánh mì – Sandwich vietnamien dans une baguette croustillante avec viande marinés, Goi cuon – Rouleaux de printemps frais avec crevettes, porc, vermicelles et légumes, Nem (Cha giò) – Rouleaux frits croustillants garnis de porc ou poulet et de vermicelles). Formation souhaitée. Expérience professionnelle exigée dans le domaine (minimum trois ans). Maîtrise des normes d'hygiène et de sécurité alimentaires. Calculer des ratios et produire des études de coût. Logement non fourni. Permis B exigé. CDI à temps complet. Lieu de travail : Koné.",,recrutement@cap-emploi.nc,"Pour toute information complémentaire concernant cette offre d'emploi, vous pouvez contacter les conseillers du CAP Emploi à l'adresse suivante : <a href=""mailto:recrutement@cap-emploi.nc?subject=Offre%20ODE%20%23147252%20-%201%20Chef%20de%20cuisine%20sp%C3%A9cialit%C3%A9%20vietnamienne%20et%20asiatique%20%28r%C3%A9f.%20Guichet%2020260604a3fd%29"">recrutement@cap-emploi.nc</a>. En cliquant sur ce lien, l'objet de votre message est automatiquement renseigné avec la référence de l'offre. Sinon, merci d'indiquer impérativement le n° de l'offre dans votre message, sans quoi votre demande ne pourra pas être traitée.",ODE,,,,,,,,G1601
20260603ae61,1 Aide Technicien,1,ACTIVE,A1302,2026-06-01 11:00:00+11:00,POINDIMIE,CDD,0,4,0,false,5,false,true,false,2026-06-03 12:27:08+11:00,2026-06-19 15:00:21+11:00,,"<b>1 Aide-technicien (H/F)</b>, sera chargé de réaliser un suivi des producteurs de la zone de Ponérihouen à Hienghène; déplacement fréquent afin d’apporter du conseil technique et de suivre les exploitations fruitière.. Niveau BTS agricole et expérience dans le domaine agricole souhaités. Spécialisation en arboriculture et bonnes connaissances souhaitées. Capacité à rendre compte à la hiérarchie (rapports, note de synthèse) ; maîtrise des logiciels Word et Excel (calculs, graphique). Autonomie et bonne organisation du travail ; sens du relationnel ; dynamique et ayant l’esprit d’initiative. Permis B exigé. Logement non fourni. CDD à temps complet. Lieu de travail : Poindimié",,recrutement@cap-emploi.nc,"Pour toute information complémentaire concernant cette offre d'emploi, vous pouvez contacter les conseillers du CAP Emploi à l'adresse suivante : <a href=""mailto:recrutement@cap-emploi.nc?subject=Offre%20ODE%20%23147102%20-%201%20Aide%20Technicien%20%28r%C3%A9f.%20Guichet%2020260603ae61%29"">recrutement@cap-emploi.nc</a>. En cliquant sur ce lien, l'objet de votre message est automatiquement renseigné avec la référence de l'offre. Sinon, merci d'indiquer impérativement le n° de l'offre dans votre message, sans quoi votre demande ne pourra pas être traitée.",ODE,,,,,,,,A1302
202606022652,1 Enseignant documentaliste-Collège Hippolyte Bonou et LP Gabriel Rivat - Pouébo,1,ACTIVE,K2107,2026-06-29 11:00:00+11:00,POUEBO,CDD,0,6,0,false,6,false,true,false,2026-06-02 21:42:39+11:00,2026-06-19 15:00:27+11:00,,"<b>1 Enseignant documentaliste (H/F) </b>, sera chargé de gérer et d’enrichir le fonds documentaire du CDI ; de mettre à disposition des documents et des outils de consultation  ; d’apporter des conseils en recherche documentaire ; de mettre en place les ateliers culturels ; d’informer ou d’inciter à la lecture, d’organiser les évènements. Licence minimum ou Master MEEF, parcours Lettres modernes / Documentation ; expérience souhaitée. Être à l’écoute et bienveillant envers les élèves, ; savoir s’adapter aux imprévus et être capable de les motiver, de travailler en équipe et gérer le stress. Faire preuve de disponibilité, de ponctualité et d’esprit d’initiative. Permis B souhaité. Logement non fourni. CDD à temps complet. Lieu de travail : Pouébo.",,recrutement@cap-emploi.nc,"Pour toute information complémentaire concernant cette offre d'emploi, vous pouvez contacter les conseillers du CAP Emploi à l'adresse suivante : <a href=""mailto:recrutement@cap-emploi.nc?subject=Offre%20ODE%20%23147241%20-%201%20Enseignant%20documentaliste-Coll%C3%A8ge%20Hippolyte%20Bonou%20et%20LP%20Gabriel%20Rivat%20-%20Pou%C3%A9bo%20%28r%C3%A9f.%20Guichet%20202606022652%29"">recrutement@cap-emploi.nc</a>. En cliquant sur ce lien, l'objet de votre message est automatiquement renseigné avec la référence de l'offre. Sinon, merci d'indiquer impérativement le n° de l'offre dans votre message, sans quoi votre demande ne pourra pas être traitée.",ODE,,,,,,,,K2107
202606022eb6,1 Infirmier en hémodialyse- Fixe Koumac,1,ACTIVE,J1506,2026-07-20 11:00:00+11:00,KOUMAC,CDI,0,0,0,false,5,false,true,false,2026-06-02 21:42:39+11:00,2026-06-19 15:00:27+11:00,,"<b>1 Infirmier hémodialyse (H/F)</b> sera chargé de la prise en charge médicale et paramédicale des patients en hémodialyse conformément aux prescriptions médicales ; de participer à la prise en charge globale des patients et à la gestion de l’unité d’hémodialyse. Diplôme d’état infirmier exigé, avec 2 ans d’expériences requis.  Faire preuve d’initiative, de ténacité et d’une grande capacité d’adaptation. Permis B exigé. Logement non fourni.  CDI à temps complet. Lieu de travail : Koumac.",,recrutement@cap-emploi.nc,"Pour toute information complémentaire concernant cette offre d'emploi, vous pouvez contacter les conseillers du CAP Emploi à l'adresse suivante : <a href=""mailto:recrutement@cap-emploi.nc?subject=Offre%20ODE%20%23147250%20-%201%20Infirmier%20en%20h%C3%A9modialyse-%20Fixe%20Koumac%20%28r%C3%A9f.%20Guichet%20202606022eb6%29"">recrutement@cap-emploi.nc</a>. En cliquant sur ce lien, l'objet de votre message est automatiquement renseigné avec la référence de l'offre. Sinon, merci d'indiquer impérativement le n° de l'offre dans votre message, sans quoi votre demande ne pourra pas être traitée.",ODE,f688aa8b-d76d-4266-8091-8120fe40fc5d,0325191001,ASSOCIATION POUR LA PREVENTION ET LE TRAITEMENT DE L'INSUFFISANCE RENALE EN NOUVELLE-CALEDONIE,ASSOCIATION LOI 1901 OU ASSIMILE,ASSOCIATION POUR LA PREVENTION ET LE TRAITEMENT DE L'INSUFFISANCE RENALE EN NOUVELLE-CALEDONIE,DUMBEA,43 boulevard Joseph Wamytan DSM,J1506
202606026b5e,1 Chef de projet géomatique - 0795/SR du 22 mai 2026 - Koné,1,ACTIVE,M1808,2026-05-22 11:00:00+11:00,KONE,CDD,0,0,0,false,7,false,true,false,2026-06-02 21:42:38+11:00,2026-06-19 15:00:26+11:00,,"<b>1 Chef de projet géomatique (H/F)</b>, sera chargé de piloter des projets transversaux en SIG et topographie, de l’acquisition à la valorisation des données ; Mettre en valeur les données pour répondre aux besoins métiers des services et des différentes directions (littoral, urbanisme, environnement, aménagement…) et proposer des solutions innovantes dans une logique de valorisation et d’exploitation des données LiDAR notamment ; Assurer l’analyse des évolutions du trait de côte, le traitement des profils de plage, et la mise à jour régulière de l’application de suivi du littoral (LITTO), en lien avec l’OBLIC ; Réaliser des campagnes de mesures d’obstacles (aérodromes) et produire les cartographies réglementaires associées, conformément aux exigences de la Direction de l’Aviation Civile (DAC) ; Développer et optimiser les outils, méthodes de travail et chaînes de traitement des données (automatisation, scripts Python, modèles SIG), en lien avec la mise à jour du 1/2000e et en appui au bureau cartographique, notamment pour l’automatisation des processus et l’intégration des données issues des levés terrains collectés auprès des autres services ; Consolider et développer les partenariats stratégiques (GIE SERAIL et ses partenaires, collectivités…) ; Participer à la définition des stratégies d’acquisition de données (LiDAR, photogrammétrie, drone) ; Assurer une veille technologique active (SIG, 3D, LiDAR, IA) et proposer des innovations ; Accompagner la montée en compétence des agents. Diplôme Bac +5 dans le domaine de la géomatique, topographie, SIG ou équivalent. Expérience en topographie appréciée : réaliser des levés terrain et exploiter les données associées. Savoir exploiter et valoriser des données LiDAR (MNT, MNS, nuages de points). Connaissances en SIG, techniques de numérisation, d’acquisition, d’intégration et de reproduction de données. Etre titulaire du permis B. CDD à temps complet. Lieu de travail : Koné",,recrutement@cap-emploi.nc,"Pour toute information complémentaire concernant cette offre d'emploi, vous pouvez contacter les conseillers du CAP Emploi à l'adresse suivante : <a href=""mailto:recrutement@cap-emploi.nc?subject=Offre%20ODE%20%23147223%20-%201%20Chef%20de%20projet%20g%C3%A9omatique%20-%200795%2FSR%20du%2022%20mai%202026%20-%20Kon%C3%A9%20%28r%C3%A9f.%20Guichet%20202606026b5e%29"">recrutement@cap-emploi.nc</a>. En cliquant sur ce lien, l'objet de votre message est automatiquement renseigné avec la référence de l'offre. Sinon, merci d'indiquer impérativement le n° de l'offre dans votre message, sans quoi votre demande ne pourra pas être traitée.",ODE,,,,,,,,M1808
20260602c494,1 Enseignant suppléant LCK (Païcî) - Année scolaire 2027 - Poya (Village et Gohapin),1,ACTIVE,K2106,2026-05-19 11:00:00+11:00,POYA,CDD,0,10,0,false,4,false,true,false,2026-06-02 21:42:38+11:00,2026-06-19 15:00:23+11:00,,"<b>1 Enseignant suppléant annualisé LCK – Païcî (H/F)</b>, sera chargé de dispenser un enseignement en langue kanak et contribuer à l’enseignement de la culture et à l’apprentissage des langues kanak auprès des élèves d’une ou plusieurs écoles, en étroite collaboration avec les enseignants des classes concernées. Il garantit l’éveil progressif des capacités de réflexion, d’expression et de communication de l’enfant selon des méthodes pédagogiques adaptées. Pendant le temps scolaire, il s’assure de la sécurité physique et psycho affective des élèves dont il a la charge. Il doit mettre tout en œuvre pour assurer la sécurité et le bien-être de chaque enfant. L’enseignant remplaçant sert sous l’autorité administrative de la DEFIJ et pédagogique de l’inspecteur de l’enseignement primaire de la circonscription. BAC Général souhaité ou Licence en Langue Océanienne. Expérience exigée de 2 ans minimum dans les domaines de l’enseignement et ou de l’animation. Etre capable de proposer des situations d’enseignement- apprentissage en lien avec le programme du maitre de classe. Savoir construire les apprentissages sur la polyvalence du maître et de l’équipe. Maîtriser la conduite d’une classe et susciter l’intérêt et la participation des élèves. Adapter l’enseignement à la diversité des élèves et apporter à chacun l’appui nécessaire. Disponibilité. Aptitude à l’éducation. Sens du travail en équipe. CDD à temps complet. Lieu de travail : Poya (Village et Gohapin)",,recrutement@cap-emploi.nc,"Pour toute information complémentaire concernant cette offre d'emploi, vous pouvez contacter les conseillers du CAP Emploi à l'adresse suivante : <a href=""mailto:recrutement@cap-emploi.nc?subject=Offre%20ODE%20%23147191%20-%201%20Enseignant%20suppl%C3%A9ant%20LCK%20%28Pa%C3%AFc%C3%AE%29%20-%20Ann%C3%A9e%20scolaire%202027%20-%20Poya%20%28Village%20et%20Gohapin%29%20%28r%C3%A9f.%20Guichet%2020260602c494%29"">recrutement@cap-emploi.nc</a>. En cliquant sur ce lien, l'objet de votre message est automatiquement renseigné avec la référence de l'offre. Sinon, merci d'indiquer impérativement le n° de l'offre dans votre message, sans quoi votre demande ne pourra pas être traitée.",ODE,,,,,,,,K2106
20260602bd1d,1 Technicien électricien / Agent de maîtrise électricien,1,ACTIVE,I1309,2026-04-07 11:00:00+11:00,KONE,CDI,0,0,0,false,5,false,true,false,2026-06-02 21:41:48+11:00,2026-06-19 15:00:21+11:00,,"<b>1  Technicien/Agent de maîtrise électricien  (H/F)</b>, sera chargé des réalisations énergies solaires et/ou électricité ; faire le travail de A à Z ; gérer des clients ; faire un rapport de son intervention. Profil Agent de maîtrise en Electrotech/Électricité ou BTS avec expérience minimum de 5 ans exigé. Connaissance des marchés, sécurité, rendements. Permis B exigé. Logement non fourni. CDI à temps complet. Lieu de travail : VKP",,recrutement@cap-emploi.nc,"Pour toute information complémentaire concernant cette offre d'emploi, vous pouvez contacter les conseillers du CAP Emploi à l'adresse suivante : <a href=""mailto:recrutement@cap-emploi.nc?subject=Offre%20ODE%20%23147073%20-%201%20Technicien%20%C3%A9lectricien%20%2F%20Agent%20de%20ma%C3%AEtrise%20%C3%A9lectricien%20%28r%C3%A9f.%20Guichet%2020260602bd1d%29"">recrutement@cap-emploi.nc</a>. En cliquant sur ce lien, l'objet de votre message est automatiquement renseigné avec la référence de l'offre. Sinon, merci d'indiquer impérativement le n° de l'offre dans votre message, sans quoi votre demande ne pourra pas être traitée.",ODE,,,,,,,,I1309
202606029d30,1 Assistant social de secteur (H/F) - 0408/SR du 20 mars 2026,7,ACTIVE,K1201,2026-03-20 11:00:00+11:00,HOUAILOU,CDD,0,0,0,false,5,false,true,false,2026-06-02 21:41:48+11:00,2026-06-19 15:00:20+11:00,,"<b> 1 Assistant social de secteur (H/F) </b> sera chargé d’assurer la rencontre et la prise en charge des personnes lors de permanences, des visites à domicile ou sur rendez-vous ; de l’accueil, l’écoute, l’évaluation, le conseil, l’information et l’orientation ; de la conduite des évaluations sociales à la demande des magistrats, du service de l'aide sociale à l'enfance et du service de l'action sociale ; de la participation aux démarches d'agrément concernant l'adoption ; de la participation aux commissions ou réunions de synthèse où sa présence pourrait être nécessaire pour consultation ou prise de décision ; de la mise en place d’un travail partenarial et en transversalité avec les institutions, les services et les associations œuvrant dans le domaine social et de la protection de l’enfance; diplôme d'Etat d'assistant de service social exigé; expérience professionnelle appréciée; connaissance des réalités locales; capacité à travailler en partenariat et en réseau, de remise en question et à reconnaître ses erreurs; maîtrise des logiciels de bureautique ( Excel, Outlook et Word); avoir le sens de l'éthique, de la déontologie, de l'organisation, l'esprit d'initiative, autonomie, grande réactivité face à l'urgence, le goût des relations humaines, l'esprit d'équipe et disponibilité; faire preuve de rigueur professionnelle. Être titulaire du permis B. Lieu de travail : Houaïlou",,recrutement@cap-emploi.nc,"Pour toute information complémentaire concernant cette offre d'emploi, vous pouvez contacter les conseillers du CAP Emploi à l'adresse suivante : <a href=""mailto:recrutement@cap-emploi.nc?subject=Offre%20ODE%20%23147031%20-%201%20Assistant%20social%20de%20secteur%20%28H%2FF%29%20-%200408%2FSR%20du%2020%20mars%202026%20%28r%C3%A9f.%20Guichet%20202606029d30%29"">recrutement@cap-emploi.nc</a>. En cliquant sur ce lien, l'objet de votre message est automatiquement renseigné avec la référence de l'offre. Sinon, merci d'indiquer impérativement le n° de l'offre dans votre message, sans quoi votre demande ne pourra pas être traitée.",ODE,,,,,,,,K1201
20260602b607,Infirmier référent en gérontologie - 0537/SR du 10/04/2026 - Côte Est - Poindimié,1,ACTIVE,K1301,2026-09-05 11:00:00+11:00,POINDIMIE,CDD,0,0,0,false,5,false,true,false,2026-06-02 21:41:48+11:00,2026-06-19 15:00:21+11:00,,"<b>1 Infirmier référent en gérontologie (H/F)</b>, sera chargé du recensement des personnes âgées en prévention primaire et secondaire de la dépendance ; Le suivi des patients : traitements, soins palliatifs…
- La liaison entre les différents partenaires médicaux (gériatres, médecins libéraux et publics), sociaux (travailleurs sociaux et associations œuvrant dans la prise en charge de la dépendance) et paramédicaux (infirmiers, kinésithérapeutes, orthophonistes…) pour construire, évaluer le dossier gérontologique individuel Placé sous l’autorité de la cheffe de service, dans le cadre d’une polyvalence de secteur, ce au sein d’un réseau de soins et de prise en charge sociale, l’infirmier référent en gérontologie devra assurer l’évaluation, l’adaptation et le suivi de la file active des personnes âgées de la côte Est de la Province Nord (de Hienghène à Houailou) . Diplôme d’État infirmier exigé, formation et expériences en gérontologie, du travail en poste isolé, des urgences. Connaissances des réalités locales et associatives, des règlementations et des compétences institutionnelles, de la méthodologie de projet. Maîtrise des logiciels de bureautique (Excel et Word). Travailler en équipe, faire preuve d’empathie ; être organisé, disponible et rigoureux ; avoir le sens de l’anticipation et des responsabilités ; avoir un esprit d’initiative et de synthèse ; respecter la confidentialité des informations et le secret médical ; savoir intégrer et animer un réseau (spécialistes, associatifs, institutionnels) ; savoir inclure les spécificités culturelles de la population dans sa pratique professionnelle. Permis B exigé. CDD à temps complet. Lieu de travail : Poindimie",,recrutement@cap-emploi.nc,"Pour toute information complémentaire concernant cette offre d'emploi, vous pouvez contacter les conseillers du CAP Emploi à l'adresse suivante : <a href=""mailto:recrutement@cap-emploi.nc?subject=Offre%20ODE%20%23147092%20-%20Infirmier%20r%C3%A9f%C3%A9rent%20en%20g%C3%A9rontologie%20-%200537%2FSR%20du%2010%2F04%2F2026%20-%20C%C3%B4te%20Est%20-%20Poindimi%C3%A9%20%28r%C3%A9f.%20Guichet%2020260602b607%29"">recrutement@cap-emploi.nc</a>. En cliquant sur ce lien, l'objet de votre message est automatiquement renseigné avec la référence de l'offre. Sinon, merci d'indiquer impérativement le n° de l'offre dans votre message, sans quoi votre demande ne pourra pas être traitée.",ODE,,,,,,,,K1301
2026060287c9,1 Infirmier en soins généraux (H/F) - 26-0440/SR du 27 mars 2026,1,ACTIVE,J1506,2026-04-20 11:00:00+11:00,HIENGHENE,CDD,0,0,0,false,5,false,true,false,2026-06-02 21:41:48+11:00,2026-06-19 15:00:20+11:00,,"<b>1 Infirmier en soins généraux (H/F)</b>, sera chargé des actes curatifs (consultations, urgences, soins) ; des actes préventifs (vaccinations, dépistages, PMI, santé scolaire, médecine du travail, suivi des maladies chroniques...) ; des actes éducatifs (hygiène de vie, éducation thérapeutique des patients chroniques, santé scolaire…) ; la téléconsultation (en l’absence de médecin en présentiel) ; assurer l’encadrement des stagiaires, notamment les étudiants infirmiers ; ce poste est soumis à astreinte de nuit. Diplôme d’état infirmier exigé. Expérience du travail en poste isolé. Expérience des urgences. Maitrise des logiciels de bureautique (Excel et Word). Disponibilité et rigueur. Respect de la confidentialité des informations et du secret médical. Sens des responsabilités. Goût des relations humaines. Esprit d’initiative. Capacité d’écoute. Goût du travail en équipe. Être titulaire du permis de conduire B. CDD à temps complet. Lieu de travail : Hienghène",,recrutement@cap-emploi.nc,"Pour toute information complémentaire concernant cette offre d'emploi, vous pouvez contacter les conseillers du CAP Emploi à l'adresse suivante : <a href=""mailto:recrutement@cap-emploi.nc?subject=Offre%20ODE%20%23147048%20-%201%20Infirmier%20en%20soins%20g%C3%A9n%C3%A9raux%20%28H%2FF%29%20-%2026-0440%2FSR%20du%2027%20mars%202026%20%28r%C3%A9f.%20Guichet%202026060287c9%29"">recrutement@cap-emploi.nc</a>. En cliquant sur ce lien, l'objet de votre message est automatiquement renseigné avec la référence de l'offre. Sinon, merci d'indiquer impérativement le n° de l'offre dans votre message, sans quoi votre demande ne pourra pas être traitée.",ODE,,,,,,,,J1506
202606021b21,1 Médecin itinérant et de téléconsultation - 0727/SR du 8 mai 2026 - Nouméa,1,ACTIVE,J1102,2026-05-11 11:00:00+11:00,NOUMEA,CDD,0,0,0,false,7,false,true,false,2026-06-02 21:41:48+11:00,2026-06-19 15:00:22+11:00,,"<b>1 Médecin itinérant et de téléconsultation (H/F)</b> sera chargé de la médecine préventive : santé scolaire, PMI, dépistage tuberculose, médecin du travail et du sport, éducation pour la santé, hygiène publique ; la médecine curative : consultations, urgences, visites en tribu ; des activités administratives : gestion des moyens en personnel et matériel, rapports, etc… ; de la a veille sanitaire et sociale ; du remplacement des médecins en congés, sur poste vacant ; de l’établissement de partenariats extérieurs ; de la gestion de la pharmacie de la structure ;  de participer aux actions de formation et d’animation de sécurité. Maitrise de la médecine générale et de l’urgence (CAMU souhaité). Expérience professionnelle sur un poste isolé serait apprécié et au contact de populations océaniennes. Connaissance en santé publique. Connaissance en gynécologie-obstétrique, pédiatrie, cardiologie, endocrinologie et/ou infectiologie seraient appréciées. Maitrise des logiciels de bureautique (Excel et Word). Aptitude au management d’équipe. Etre titulaire du permis de conduire B. CDD à temps complet. Lieu de travail : Nouméa et l'ensemble de la province Nord.",,recrutement@cap-emploi.nc,"Pour toute information complémentaire concernant cette offre d'emploi, vous pouvez contacter les conseillers du CAP Emploi à l'adresse suivante : <a href=""mailto:recrutement@cap-emploi.nc?subject=Offre%20ODE%20%23147165%20-%201%20M%C3%A9decin%20itin%C3%A9rant%20et%20de%20t%C3%A9l%C3%A9consultation%20-%200727%2FSR%20du%208%20mai%202026%20-%20Noum%C3%A9a%20%28r%C3%A9f.%20Guichet%20202606021b21%29"">recrutement@cap-emploi.nc</a>. En cliquant sur ce lien, l'objet de votre message est automatiquement renseigné avec la référence de l'offre. Sinon, merci d'indiquer impérativement le n° de l'offre dans votre message, sans quoi votre demande ne pourra pas être traitée.",ODE,,,,,,,,J1102
202606020a81,1 Chargé d'études hors bilan - 0407/SR du 20 mars 2026 - Koné,1,ACTIVE,M1205,2026-03-20 11:00:00+11:00,KONE,CDD,0,0,0,false,6,false,true,false,2026-06-02 21:41:48+11:00,2026-06-19 15:00:20+11:00,,"<b>1 Chargé d’études hors bilan (H/F)</b>, sera chargé de participer à la préparation du débat d’orientation budgétaire (DOB) à présenter à l’assemblée de province ; de participer à l’élaboration du rapport annuel d’analyse financière de la collectivité sur l’année écoulée ; de la préparation de la séance plénière annuelle dédiée aux SAEML ; de l’analyse des comptes des SAEML et SPL dans lesquelles la province Nord détient une participation ; de la rédaction d’un rapport annuel sur la situation des SAEML et SPL et des engagements hors bilan ; du suivi des ratios en lien avec les engagements hors bilan ; de la mise en œuvre des outils de gestion de la dette et des garanties d’emprunt ; du suivi de la trésorerie ; Bac +3 minimum dans le domaine de la comptabilité et de la gestion. Expérience requise sur un poste similaire. Dans le cadre d’un recrutement sur titre la personne devra justifier d’un Master II dans le domaine de la finance. Bonne connaissance des règles financières, budgétaire et comptable de la fonction publique et privée. Bonne connaissance de l’organisation administrative de la collectivité et des procédures administratives. Être titulaire du permis B. CDD à temps complet. Lieu de travail : Koné",,recrutement@cap-emploi.nc,"Pour toute information complémentaire concernant cette offre d'emploi, vous pouvez contacter les conseillers du CAP Emploi à l'adresse suivante : <a href=""mailto:recrutement@cap-emploi.nc?subject=Offre%20ODE%20%23147029%20-%201%20Charg%C3%A9%20d%27%C3%A9tudes%20hors%20bilan%20-%200407%2FSR%20du%2020%20mars%202026%20-%20Kon%C3%A9%20%28r%C3%A9f.%20Guichet%20202606020a81%29"">recrutement@cap-emploi.nc</a>. En cliquant sur ce lien, l'objet de votre message est automatiquement renseigné avec la référence de l'offre. Sinon, merci d'indiquer impérativement le n° de l'offre dans votre message, sans quoi votre demande ne pourra pas être traitée.",ODE,,,,,,,,M1205
202606020754,Chirurgien-dentiste-0538/SR du 10/04/2026 - DASSPS - KAALA-GOMEN/POUM,1,ACTIVE,J1103,2026-04-13 11:00:00+11:00,KAALA-GOMEN,CDD,0,0,0,false,8,false,true,false,2026-06-02 21:41:48+11:00,2026-06-19 15:00:21+11:00,,"<b>1 Chirurgien-dentiste (H/F)</b>, sera chargé d’effectuer les actes du champ professionnel du praticien dentaire en veillant à répondre à la mission de santé publique du poste et notamment à appliquer la politique de santé publique de la province Nord et à mettre en œuvre ses programmes de dépistage, de prévention et de promotion de la santé bucco-dentaire. Diplôme d’Etat de chirurgien-dentiste ou de docteur en chirurgie-dentaire et une expérience en outre-mer et d’au moins 1 an en santé publique appréciées. Maîtrise des logiciels bureautiques, radiologiques, gestion des patients, capacité à gérer les urgences, à travailler en réseau, rédiger des rapports et organiser son activité selon les particularités locales. Rigueur, ponctualité, responsabilité, respect de la confidentialité, esprit d’initiative, sens de l’organisation, bonnes relations humaines. Permis B exigé. Logement non fourni. CDD à temps complet. Lieu de travail : Kaala-Gomen/Poum",,recrutement@cap-emploi.nc,"Pour toute information complémentaire concernant cette offre d'emploi, vous pouvez contacter les conseillers du CAP Emploi à l'adresse suivante : <a href=""mailto:recrutement@cap-emploi.nc?subject=Offre%20ODE%20%23147090%20-%20Chirurgien-dentiste-0538%2FSR%20du%2010%2F04%2F2026%20-%20DASSPS%20-%20KAALA-GOMEN%2FPOUM%20%28r%C3%A9f.%20Guichet%20202606020754%29"">recrutement@cap-emploi.nc</a>. En cliquant sur ce lien, l'objet de votre message est automatiquement renseigné avec la référence de l'offre. Sinon, merci d'indiquer impérativement le n° de l'offre dans votre message, sans quoi votre demande ne pourra pas être traitée.",ODE,,,,,,,,J1103
202606023b86,1 Enseignant suppléant LCK (Païcî) - Année scolaire 2027 - Koné (Les Cigales),1,ACTIVE,K2106,2026-05-19 11:00:00+11:00,KONE,CDD,0,10,0,false,4,false,true,false,2026-06-02 21:41:48+11:00,2026-06-19 15:00:22+11:00,,"<b>1 Enseignant suppléant annualisé LCK – Païcî (H/F)</b>, sera chargé de dispenser un enseignement en langue kanak et contribuer à l’enseignement de la culture et à l’apprentissage des langues kanak auprès des élèves d’une ou plusieurs écoles, en étroite collaboration avec les enseignants des classes concernées. Il garantit l’éveil progressif des capacités de réflexion, d’expression et de communication de l’enfant selon des méthodes pédagogiques adaptées. Pendant le temps scolaire, il s’assure de la sécurité physique et psycho affective des élèves dont il a la charge. Il doit mettre tout en œuvre pour assurer la sécurité et le bien-être de chaque enfant. L’enseignant remplaçant sert sous l’autorité administrative de la DEFIJ et pédagogique de l’inspecteur de l’enseignement primaire de la circonscription. BAC Général souhaité ou Licence en Langue Océanienne. Expérience exigée de 2 ans minimum dans les domaines de l’enseignement et ou de l’animation. Etre capable de proposer des situations d’enseignement- apprentissage en lien avec le programme du maitre de classe. Savoir construire les apprentissages sur la polyvalence du maître et de l’équipe. Maîtriser la conduite d’une classe et susciter l’intérêt et la participation des élèves. Adapter l’enseignement à la diversité des élèves et apporter à chacun l’appui nécessaire. Disponibilité. Aptitude à l’éducation. Sens du travail en équipe. CDD à temps complet. Lieu de travail : Koné (Les Cigales)",,recrutement@cap-emploi.nc,"Pour toute information complémentaire concernant cette offre d'emploi, vous pouvez contacter les conseillers du CAP Emploi à l'adresse suivante : <a href=""mailto:recrutement@cap-emploi.nc?subject=Offre%20ODE%20%23147190%20-%201%20Enseignant%20suppl%C3%A9ant%20LCK%20%28Pa%C3%AFc%C3%AE%29%20-%20Ann%C3%A9e%20scolaire%202027%20-%20Kon%C3%A9%20%28Les%20Cigales%29%20%28r%C3%A9f.%20Guichet%20202606023b86%29"">recrutement@cap-emploi.nc</a>. En cliquant sur ce lien, l'objet de votre message est automatiquement renseigné avec la référence de l'offre. Sinon, merci d'indiquer impérativement le n° de l'offre dans votre message, sans quoi votre demande ne pourra pas être traitée.",ODE,,,,,,,,K2106
20260602066a,1 Assistant social de secteur - 0409/SR du 20 mars 2026 - Poya/Pouembout,1,ACTIVE,K1201,2026-03-20 11:00:00+11:00,POYA,CDD,0,0,0,false,5,false,true,false,2026-06-02 21:41:48+11:00,2026-06-19 15:00:20+11:00,,"<b>1 Assistant social de secteur (H/F),</b> sera chargé d’assurer la rencontre et la prise en charge des personnes lors de permanences, des visites à domicile ou sur rendez-vous ; de l’accueil, l’écoute, l’évaluation, le conseil, l’information et l’orientation ; de la conduite des évaluations sociales à la demande des magistrats, du service de l'aide sociale à l'enfance et du service de l'action sociale ; de la participation aux démarches d'agrément concernant l'adoption ; de la participation aux commissions ou réunions de synthèse où sa présence pourrait être nécessaire pour consultation ou prise de décision ; de la mise en place d’un travail partenarial et en transversalité avec les institutions, les services et les associations œuvrant dans le domaine social et de la protection de l’enfance. Diplôme d’Etat d’assistant de service social (obligatoire). Connaissance des réalités locales. Expérience professionnelle appréciée. Capacité à travailler en réseau. Sens de l’éthique et de la déontologie. Goût pour les relations humaines, esprit d’équipe et disponibilité. Etre titulaire du permis de conduire B. CDD à temps complet. Lieu de travail : Poya/Pouembout",,recrutement@cap-emploi.nc,"Pour toute information complémentaire concernant cette offre d'emploi, vous pouvez contacter les conseillers du CAP Emploi à l'adresse suivante : <a href=""mailto:recrutement@cap-emploi.nc?subject=Offre%20ODE%20%23147030%20-%201%20Assistant%20social%20de%20secteur%20-%200409%2FSR%20du%2020%20mars%202026%20-%20Poya%2FPouembout%20%28r%C3%A9f.%20Guichet%2020260602066a%29"">recrutement@cap-emploi.nc</a>. En cliquant sur ce lien, l'objet de votre message est automatiquement renseigné avec la référence de l'offre. Sinon, merci d'indiquer impérativement le n° de l'offre dans votre message, sans quoi votre demande ne pourra pas être traitée.",ODE,,,,,,,,K1201
20260602d188,1 Agent d'entretien - Ambulancier - 0606 / SR du 24 avril 2026 - DASPSS -Touho,1,ACTIVE,J1305,2027-01-01 11:00:00+11:00,TOUHO,CDD,0,0,0,false,3,false,true,false,2026-06-02 21:41:48+11:00,2026-06-19 15:00:22+11:00,,"<b>1 Agent d'entretien - Ambulancier (H/F)</b> sera chargé d'effectuer les travaux dans un ou plusieurs corps de métiers du bâtiment; d'assurer l'entretien des espaces verts; de participer à la permanence et l'astreinte d'ambulancier d'urgence; d'assurer la gestion, l'entretien et la maintenance des véhicules en relation avec le ""PARKOTO"" d'affectation de la Province Nord; de participer au renfort logistique des actions locales ; d'être une personne ressource dans la gestion des violences ou conflits avec la population.Être titulaire du diplôme d'Ambulancier. Connaissances des techniques du bâtiment de seconde œuvre ( maçonnerie, électricité, plomberie, peinture), du fonctionnement des différents types d'outillage, des règles d'hygiène et de sécurité; avoir des notions de sécurité et de risques pour le public, de mécanique auto et en informatique. Rigueur et vigilance; capacité à hiérarchiser les priorités, rendre compte; respect de la confidentialité; rigueur dans le respect des normes et des consignes; sens du travail en équipe, de l'organisation; esprit d'initiative; autonomie. Permis B exigé. CDD à temps complet. Lieu de travail: Touho",,recrutement@cap-emploi.nc,"Pour toute information complémentaire concernant cette offre d'emploi, vous pouvez contacter les conseillers du CAP Emploi à l'adresse suivante : <a href=""mailto:recrutement@cap-emploi.nc?subject=Offre%20ODE%20%23147133%20-%201%20Agent%20d%27entretien%20-%20Ambulancier%20-%200606%20%2F%20SR%20du%2024%20avril%202026%20-%20DASPSS%20-Touho%20%28r%C3%A9f.%20Guichet%2020260602d188%29"">recrutement@cap-emploi.nc</a>. En cliquant sur ce lien, l'objet de votre message est automatiquement renseigné avec la référence de l'offre. Sinon, merci d'indiquer impérativement le n° de l'offre dans votre message, sans quoi votre demande ne pourra pas être traitée.",ODE,,,,,,,,J1305
202606022639,1 Enseignant suppléant  LCK (Cémuhi) - Année scolaire 2027 - Koné (Netchaot & Atitu),1,ACTIVE,K2106,2026-05-19 11:00:00+11:00,KONE,CDD,0,10,0,false,4,false,true,false,2026-06-02 21:41:48+11:00,2026-06-19 15:00:22+11:00,,"<b>1 Enseignant suppléant annualisé LCK – Cémuhi (H/F)</b>, sera chargé de dispenser un enseignement en langue kanak et contribuer à l’enseignement de la culture et à l’apprentissage des langues kanak auprès des élèves d’une ou plusieurs écoles, en étroite collaboration avec les enseignants des classes concernées. Il garantit l’éveil progressif des capacités de réflexion, d’expression et de communication de l’enfant selon des méthodes pédagogiques adaptées. Pendant le temps scolaire, il s’assure de la sécurité physique et psycho affective des élèves dont il a la charge. Il doit mettre tout en œuvre pour assurer la sécurité et le bien-être de chaque enfant. L’enseignant remplaçant sert sous l’autorité administrative de la DEFIJ et pédagogique de l’inspecteur de l’enseignement primaire de la circonscription. BAC Général souhaité ou Licence en Langue Océanienne. Expérience exigée de 2 ans minimum dans les domaines de l’enseignement et ou de l’animation. Etre capable de proposer des situations d’enseignement- apprentissage en lien avec le programme du maitre de classe. Savoir construire les apprentissages sur la polyvalence du maître et de l’équipe. Maîtriser la conduite d’une classe et susciter l’intérêt et la participation des élèves. Adapter l’enseignement à la diversité des élèves et apporter à chacun l’appui nécessaire. Disponibilité. Aptitude à l’éducation. Sens du travail en équipe. CDD à mi-temps. Lieu de travail : Koné (Netchaot et Atitu)",,recrutement@cap-emploi.nc,"Pour toute information complémentaire concernant cette offre d'emploi, vous pouvez contacter les conseillers du CAP Emploi à l'adresse suivante : <a href=""mailto:recrutement@cap-emploi.nc?subject=Offre%20ODE%20%23147187%20-%201%20Enseignant%20suppl%C3%A9ant%20%20LCK%20%28C%C3%A9muhi%29%20-%20Ann%C3%A9e%20scolaire%202027%20-%20Kon%C3%A9%20%28Netchaot%20%26%20Atitu%29%20%28r%C3%A9f.%20Guichet%20202606022639%29"">recrutement@cap-emploi.nc</a>. En cliquant sur ce lien, l'objet de votre message est automatiquement renseigné avec la référence de l'offre. Sinon, merci d'indiquer impérativement le n° de l'offre dans votre message, sans quoi votre demande ne pourra pas être traitée.",ODE,,,,,,,,K2106
202606029257,1 Médecin - 0728/SR du 8 mai 2026 - Nouméa,1,ACTIVE,J1102,2026-05-11 11:00:00+11:00,NOUMEA,CDD,0,0,0,false,7,false,true,false,2026-06-02 21:41:48+11:00,2026-06-19 15:00:22+11:00,,"<b>1 Médecin (H/F)</b> sera chargé de la médecine curative, la médecine préventive des adhérents de l’aide médicale nord ; des activités administratives : bilans, rapports, compte-rendu, etc ; du contrôle et de l’évaluation de l’organisation, de la qualité et de la sécurité des soins ; de la veille sanitaire et sociale ; Diplôme d’état de docteur en médecine ou Diplôme d’études spécialisées en médecine générale ou d’urgence (DESC) ou Capacité de médecine d’urgence (CAMU). Connaissance en santé publique. Connaissance en épidémiologie. Connaissance en gynécologie obstétrique, pédiatrie, cardiologie, endocrinologie et/ou infectiologie seraient appréciées. Permis de conduire B obligatoire. CDD à temps complet. Lieu de travail : Nouméa",,recrutement@cap-emploi.nc,"Pour toute information complémentaire concernant cette offre d'emploi, vous pouvez contacter les conseillers du CAP Emploi à l'adresse suivante : <a href=""mailto:recrutement@cap-emploi.nc?subject=Offre%20ODE%20%23147166%20-%201%20M%C3%A9decin%20-%200728%2FSR%20du%208%20mai%202026%20-%20Noum%C3%A9a%20%28r%C3%A9f.%20Guichet%20202606029257%29"">recrutement@cap-emploi.nc</a>. En cliquant sur ce lien, l'objet de votre message est automatiquement renseigné avec la référence de l'offre. Sinon, merci d'indiquer impérativement le n° de l'offre dans votre message, sans quoi votre demande ne pourra pas être traitée.",ODE,,,,,,,,J1102
202606028271,1 Assistant social de secteur (H/F) - 26-0439/SR du 27 mars 2026,1,ACTIVE,K1201,2026-03-27 11:00:00+11:00,PONERIHOUEN,CDD,0,0,0,false,5,false,true,false,2026-06-02 21:41:48+11:00,2026-06-19 15:00:20+11:00,,"<b>1 Assistant social de secteur (H/F) </b>sera chargé d’assurer la rencontre et la prise en charge des personnes lors de permanences, des visites à domicile ou sur rendez-vous ; de l’accueil, l’écoute, l’évaluation, le conseil, l’information et l’orientation ; de la conduite des évaluations sociales à la demande des magistrats, du service de l'aide sociale à l'enfance et du service de l'action sociale ; de la participation aux démarches d'agrément concernant l'adoption ; de la participation aux commissions ou réunions de synthèse où sa présence pourrait être nécessaire pour consultation ou prise de décision ; de la mise en place d’un travail partenarial et en transversalité avec les institutions, les services et les associations œuvrant dans le domaine social et de la protection de l’enfance; diplôme d'Etat d'assistant de service social exigé; expérience professionnelle appréciée; connaissance des réalités locales; capacité à travailler en partenariat et en réseau, de remise en question et à reconnaître ses erreurs; maîtrise des logiciels de bureautique ( Excel, Outlook et Word); avoir le sens de l'éthique, de la déontologie, de l'organisation, l'esprit d'initiative, autonomie, grande réactivité face à l'urgence, le goût des relations humaines, l'esprit d'équipe et disponibilité; faire preuve de rigueur professionnelle. Être titulaire du permis B. Lieu de travail : Ponérihouen",,recrutement@cap-emploi.nc,"Pour toute information complémentaire concernant cette offre d'emploi, vous pouvez contacter les conseillers du CAP Emploi à l'adresse suivante : <a href=""mailto:recrutement@cap-emploi.nc?subject=Offre%20ODE%20%23147047%20-%201%20Assistant%20social%20de%20secteur%20%28H%2FF%29%20-%2026-0439%2FSR%20du%2027%20mars%202026%20%28r%C3%A9f.%20Guichet%20202606028271%29"">recrutement@cap-emploi.nc</a>. En cliquant sur ce lien, l'objet de votre message est automatiquement renseigné avec la référence de l'offre. Sinon, merci d'indiquer impérativement le n° de l'offre dans votre message, sans quoi votre demande ne pourra pas être traitée.",ODE,,,,,,,,K1201
20260602f9b0,"Sage-femme- 0489/SSR du 03/04/2026- DASSPS - Ouégoa, Pouébo, Koumac",1,ACTIVE,J1104,2026-07-19 11:00:00+11:00,OUEGOA,CDD,0,0,0,false,7,false,true,false,2026-06-02 21:41:48+11:00,2026-06-19 15:00:21+11:00,,"<b>1 Sage-femme (H/F)</b>, sera chargé d’assurer les actes curatifs et préventifs de sage-femme ; de participer à l’application des programmes d’intervention et de promotion de la santé et à la permanence de soin. Diplôme d’État de sage-femme, compétences en échographie, exigés et expérience professionnelle appréciée.  Maîtrise des logiciels bureautiques (Excel et Word) ; disponibilité, rigueur, confidentialité, responsabilité, sens relationnel, initiative, écoute, esprit d’équipe. Permis B exigé. Logement fourni. CDD à temps complet. Lieu de travail : Ouégoa, Pouébo, Koumac",,recrutement@cap-emploi.nc,"Pour toute information complémentaire concernant cette offre d'emploi, vous pouvez contacter les conseillers du CAP Emploi à l'adresse suivante : <a href=""mailto:recrutement@cap-emploi.nc?subject=Offre%20ODE%20%23147061%20-%20Sage-femme-%200489%2FSSR%20du%2003%2F04%2F2026-%20DASSPS%20-%20Ou%C3%A9goa%2C%20Pou%C3%A9bo%2C%20Koumac%20%28r%C3%A9f.%20Guichet%2020260602f9b0%29"">recrutement@cap-emploi.nc</a>. En cliquant sur ce lien, l'objet de votre message est automatiquement renseigné avec la référence de l'offre. Sinon, merci d'indiquer impérativement le n° de l'offre dans votre message, sans quoi votre demande ne pourra pas être traitée.",ODE,,,,,,,,J1104
20260602f937,Employé polyvalent,1,ACTIVE,D1505,2026-02-26 11:00:00+11:00,LIFOU,CDD,0,0,0,false,SANS_DIPLOME,false,false,true,2026-06-02 21:41:47+11:00,2026-06-19 15:00:19+11:00,,"Encaissements, rangement des rayons, pointage marchandise",,com-epife@epefip.nc,"Pour toute information complémentaire concernant cette offre d'emploi, vous pouvez contacter les conseillers de l'EPIFE à l'adresse suivante : <a href=""mailto:com-epife@epefip.nc?subject=Offre%20ODE%20%23146966%20-%20Employ%C3%A9%20polyvalent%20%28r%C3%A9f.%20Guichet%2020260602f937%29"">com-epife@epefip.nc</a>. En cliquant sur ce lien, l'objet de votre message est automatiquement renseigné avec la référence de l'offre. Sinon, merci d'indiquer impérativement le n° de l'offre dans votre message, sans quoi votre demande ne pourra pas être traitée.",ODE,,,,,,,,D1505
202606024173,Agent / Agente de sécurité,2,ACTIVE,K2503,2026-03-03 11:00:00+11:00,LIFOU,CDD,0,0,0,false,SANS_DIPLOME,false,false,true,2026-06-02 21:41:47+11:00,2026-06-19 15:00:20+11:00,,Agent de sécurité pour l’ouverture et la fermeture de l'aérodrome de Wanaham. Permis de conduire et le certificat d'agent professionnel de sécurité . Etre en mesure de rédiger un compte-rendu.,,com-epife@epefip.nc,"Pour toute information complémentaire concernant cette offre d'emploi, vous pouvez contacter les conseillers de l'EPIFE à l'adresse suivante : <a href=""mailto:com-epife@epefip.nc?subject=Offre%20ODE%20%23146980%20-%20Agent%20%2F%20Agente%20de%20s%C3%A9curit%C3%A9%20%28r%C3%A9f.%20Guichet%20202606024173%29"">com-epife@epefip.nc</a>. En cliquant sur ce lien, l'objet de votre message est automatiquement renseigné avec la référence de l'offre. Sinon, merci d'indiquer impérativement le n° de l'offre dans votre message, sans quoi votre demande ne pourra pas être traitée.",ODE,,,,,,,,K2503
202606028872,1 Orthophoniste (H/F) - 3134-26-0247/SR du 13 février 2026 - Poindimié,1,ACTIVE,J1406,2026-02-16 11:00:00+11:00,POINDIMIE,CDD,0,0,0,false,6,false,true,false,2026-06-02 21:41:47+11:00,2026-06-19 15:00:18+11:00,,"<b>1 Orthophoniste (H/F)</b>, sera chargé d’assurer la prévention, le diagnostic et le traitement des troubles du langage (oral et écrit) et de la communication, auprès des jeunes enfants (0-8/10 ans) des communes de la côte Est; de réaliser les bilans orthophoniques (adultes et enfants) ; de l'éducation précoce et la rééducation des divers handicaps de jeune enfant ; de l’élaboration de projets thérapeutiques ; de la rééducation des troubles de la phonation et langage (adultes et enfants) ; de la rééducation du langage écrit ; de l'évaluation de l’évolution des enfants pris en charge ; de la formation des professionnels de santé des centres médico-sociaux œuvrant dans le domaine de la PMI ; de la mise en place de prévention précoce en orthophonie. Être titulaire d’une capacité en orthophonie ; connaissance de la réglementation relative à la protection sociale et des professions sanitaires ; connaissance des réalités locales.  maîtrise des logiciels de bureautique (Excel et Word); détenir une aptitude au travail interdisciplinaire en particulier en liaison avec les enseignants du secteur et les praticiens des centres médico-sociaux et de l’antenne décentralisée du centre hospitalier spécialisé. Dispose de qualités relationnelles ; d'esprit d’initiative et disponibilité. Permis B. Logement non fourni. CDD à temps complet. Lieu de travail : Poindimié",,recrutement@cap-emploi.nc,"Pour toute information complémentaire concernant cette offre d'emploi, vous pouvez contacter les conseillers du CAP Emploi à l'adresse suivante : <a href=""mailto:recrutement@cap-emploi.nc?subject=Offre%20ODE%20%23146910%20-%201%20Orthophoniste%20%28H%2FF%29%20-%203134-26-0247%2FSR%20du%2013%20f%C3%A9vrier%202026%20-%20Poindimi%C3%A9%20%28r%C3%A9f.%20Guichet%20202606028872%29"">recrutement@cap-emploi.nc</a>. En cliquant sur ce lien, l'objet de votre message est automatiquement renseigné avec la référence de l'offre. Sinon, merci d'indiquer impérativement le n° de l'offre dans votre message, sans quoi votre demande ne pourra pas être traitée.",ODE,,,,,,,,J1406
202606028658,Conducteur ambulancier / Conductrice ambulancière,3,ACTIVE,J1305,2025-12-01 11:00:00+11:00,LIFOU,CDD,0,0,0,false,SANS_DIPLOME,false,false,true,2026-06-02 21:41:47+11:00,2026-06-19 15:00:17+11:00,,Chauffeur ambulancier,,com-epife@epefip.nc,"Pour toute information complémentaire concernant cette offre d'emploi, vous pouvez contacter les conseillers de l'EPIFE à l'adresse suivante : <a href=""mailto:com-epife@epefip.nc?subject=Offre%20ODE%20%23146539%20-%20Conducteur%20ambulancier%20%2F%20Conductrice%20ambulanci%C3%A8re%20%28r%C3%A9f.%20Guichet%20202606028658%29"">com-epife@epefip.nc</a>. En cliquant sur ce lien, l'objet de votre message est automatiquement renseigné avec la référence de l'offre. Sinon, merci d'indiquer impérativement le n° de l'offre dans votre message, sans quoi votre demande ne pourra pas être traitée.",ODE,,,,,,,,J1305
2026060225a4,1 Médecin (H/F) - 26-0286/SR du 20 février 2026 - Touho,1,ACTIVE,J1102,2026-02-25 11:00:00+11:00,TOUHO,CDD,0,0,0,false,8,false,true,false,2026-06-02 21:41:47+11:00,2026-06-19 15:00:19+11:00,,"<b>1 Médecin (H/F)</b>, sera chargé de la continuité de l’offre de soin ; de la médecine curative : consultations, urgences, visite en tribu ; de la médecine préventive : santé scolaire, PMI, dépistage, tuberculose, médecine du travail et du sport, éducation à la santé, hygiène publique ; la participation en étroite collaboration avec la cheffe BPS à l’organisation du CMS et des infirmeries ; de la veille sanitaire et sociale. Diplôme d’état de docteur en médecine ou diplôme d’études spécialisées en médecine générale ou d’urgence (DESC) ou capacité de médecine d’urgence (CAMU)exigé et expérience professionnelle sur un poste isolé serait appréciée et au contact de population océaniennes. Maîtrise de la médecine générale ; du droit de la santé ; des logiciels du bureautique (Excel et Word). Connaissances du système de protection sociale, en santé publique, en épidémiologie, en gynécologie-obstétrique, pédiatrie, cardiologie, endocrinologie et/ou infectiologie appréciées.  Être disponible et mobile ; disposer d’une capacité d’adaptation ; travailler en équipe et en autonomie ; être organisé ; avoir le sens de l’anticipation. Permis B exigé.  Logement fourni. CDD à temps complet. Lieu de travail : Touho",,recrutement@cap-emploi.nc,"Pour toute information complémentaire concernant cette offre d'emploi, vous pouvez contacter les conseillers du CAP Emploi à l'adresse suivante : <a href=""mailto:recrutement@cap-emploi.nc?subject=Offre%20ODE%20%23146958%20-%201%20M%C3%A9decin%20%28H%2FF%29%20-%2026-0286%2FSR%20du%2020%20f%C3%A9vrier%202026%20-%20Touho%20%28r%C3%A9f.%20Guichet%202026060225a4%29"">recrutement@cap-emploi.nc</a>. En cliquant sur ce lien, l'objet de votre message est automatiquement renseigné avec la référence de l'offre. Sinon, merci d'indiquer impérativement le n° de l'offre dans votre message, sans quoi votre demande ne pourra pas être traitée.",ODE,,,,,,,,J1102
202606021a22,1 Médecin - 0244/SR du 13 février 2026 - Voh,1,ACTIVE,J1102,2026-02-16 11:00:00+11:00,VOH,CDD,0,0,0,false,8,false,true,false,2026-06-02 21:41:47+11:00,2026-06-19 15:00:18+11:00,,"<b>1 Médecin (H/F)</b> placé sous l’autorité du directeur adjoint des Affaires Sanitaires et Sociales, de la Prévention et de la Solidarité, il aura la charge de la continuité de l’offre de soin, notamment la médecine curative : consultations, urgences, visites en tribu ; la médecine préventive : santé scolaire, PMI, dépistage tuberculose ; médecine du travail et du sport ; éducation pour la santé et hygiène publique ; de la participation en étroite collaboration avec la cheffe BPS à l’organisation de la CMS et des infirmeries ; de la veille sanitaire et sociale. Diplôme d’Etat de Docteur en médecine ou Diplôme d’études spécialisées en médecine générale ou d’urgence (DESC) ou Capacité de médecine d’urgence (CAMU). Expérience du travail en poste isolé. Connaissances en gynécologie obstétrique, pédiatrie, cardiologie, endocrinologie et/ou infectiologie seraient appréciées. Etre titulaire du permis B. CDD à temps complet. Lieu de travail : Voh",,recrutement@cap-emploi.nc,"Pour toute information complémentaire concernant cette offre d'emploi, vous pouvez contacter les conseillers du CAP Emploi à l'adresse suivante : <a href=""mailto:recrutement@cap-emploi.nc?subject=Offre%20ODE%20%23146912%20-%201%20M%C3%A9decin%20-%200244%2FSR%20du%2013%20f%C3%A9vrier%202026%20-%20Voh%20%28r%C3%A9f.%20Guichet%20202606021a22%29"">recrutement@cap-emploi.nc</a>. En cliquant sur ce lien, l'objet de votre message est automatiquement renseigné avec la référence de l'offre. Sinon, merci d'indiquer impérativement le n° de l'offre dans votre message, sans quoi votre demande ne pourra pas être traitée.",ODE,,,,,,,,J1102
202606027bc0,Orthophoniste-0246/SR du 13 février 2026 - DASSPS - Koumac,1,ACTIVE,J1406,2026-02-17 11:00:00+11:00,KOUMAC,CDD,0,0,0,false,6,false,true,false,2026-06-02 21:41:47+11:00,2026-06-19 15:00:19+11:00,,"<b>1 Orthophoniste (H/F),</b> sera chargé d’assurer la prévention, le diagnostic et le traitement des troubles du langage (oral et écrit) et de la communication auprès des jeunes enfants (0-8/10 ans). Capacité en orthophonie exigé et expérience professionnelle souhaitée. Connaissances de la règlementation relative à la protection sociale et des professions sanitaires et des réalités locales ; aptitude au travail interdisciplinaire en particulier en liaison avec les enseignants du secteur et les praticiens des centres médico-sociaux et de l’antenne décentralisée du centre hospitalier spécialisé. ; maîtrise des logiciels de bureautique (Excel et Word). Qualité relationnelles, esprit d’initiative et disponibilité. Permis B exigé. Logement non fourni. CDD à temps complet. Lieu de travail : Koumac",,recrutement@cap-emploi.nc,"Pour toute information complémentaire concernant cette offre d'emploi, vous pouvez contacter les conseillers du CAP Emploi à l'adresse suivante : <a href=""mailto:recrutement@cap-emploi.nc?subject=Offre%20ODE%20%23146924%20-%20Orthophoniste-0246%2FSR%20du%2013%20f%C3%A9vrier%202026%20-%20DASSPS%20-%20Koumac%20%28r%C3%A9f.%20Guichet%20202606027bc0%29"">recrutement@cap-emploi.nc</a>. En cliquant sur ce lien, l'objet de votre message est automatiquement renseigné avec la référence de l'offre. Sinon, merci d'indiquer impérativement le n° de l'offre dans votre message, sans quoi votre demande ne pourra pas être traitée.",ODE,,,,,,,,J1406
202606026e58,Médecin généraliste-0243/SR du 13 février 2026 - DASSPS - CMS de Poum,1,ACTIVE,J1102,2026-02-16 11:00:00+11:00,POUM,CDD,0,0,0,false,8,false,true,false,2026-06-02 21:41:47+11:00,2026-06-19 15:00:18+11:00,,"<b>1 Médecin (H/F)</b>, sera chargé de la continuité de l’offre de soin ; de la médecine curative : consultations, urgences, visite en tribu ; de la médecine préventive : santé scolaire, PMI, dépistage, tuberculose, médecine du travail et du sport, éducation à la santé, hygiène publique ; la participation en étroite collaboration avec la cheffe BPS à l’organisation du CMS et des infirmeries ; de la veille sanitaire et sociale. Diplôme d’état de docteur en médecine ou diplôme d’études spécialisées en médecine générale ou d’urgence (DESC) ou capacité de médecine d’urgence (CAMU)exigé et expérience professionnelle sur un poste isolé serait appréciée et au contact de population océaniennes. Maîtrise de la médecine générale ; du droit de la santé ; des logiciels du bureautique (Excel et Word). Connaissances du système de protection sociale, en santé publique, en épidémiologie, en gynécologie-obstétrique, pédiatrie, cardiologie, endocrinologie et/ou infectiologie appréciées.  Être disponible et mobile ; disposer d’une capacité d’adaptation ; travailler en équipe et en autonomie ; être organisé ; avoir le sens de l’anticipation. Permis B exigé.  Logement fourni. CDD à temps complet. Lieu de travail : Poum",,recrutement@cap-emploi.nc,"Pour toute information complémentaire concernant cette offre d'emploi, vous pouvez contacter les conseillers du CAP Emploi à l'adresse suivante : <a href=""mailto:recrutement@cap-emploi.nc?subject=Offre%20ODE%20%23146916%20-%20M%C3%A9decin%20g%C3%A9n%C3%A9raliste-0243%2FSR%20du%2013%20f%C3%A9vrier%202026%20-%20DASSPS%20-%20CMS%20de%20Poum%20%28r%C3%A9f.%20Guichet%20202606026e58%29"">recrutement@cap-emploi.nc</a>. En cliquant sur ce lien, l'objet de votre message est automatiquement renseigné avec la référence de l'offre. Sinon, merci d'indiquer impérativement le n° de l'offre dans votre message, sans quoi votre demande ne pourra pas être traitée.",ODE,,,,,,,,J1102
202606021e84,1 Médecin - 0241/SR du 13 février 2026,1,ACTIVE,J1102,2026-02-17 11:00:00+11:00,CANALA,CDD,0,0,0,false,8,false,true,false,2026-06-02 21:41:47+11:00,2026-06-19 15:00:19+11:00,,"<b> 1 Médecin (H/F) </b> sera chargé de la médecine curative : consultations, urgences, visites en tribu, la médecine préventive : santé scolaire, PMI, dépistage tuberculose, médecine du travail et du sport, éducation pour la santé, hygiène publique, la participation en étroite collaboration avec le cheffe BPS à l’organisation de la CMS et des infirmeries, la veille sanitaires et sociale ; être titulaire d’un diplôme d’état de docteur en médecine ou diplôme d’études spécialisées en médecine générale ou d’urgence (DESC) ; expérience professionnelle du travail en poste isolé serait appréciée et au contact de populations océaniennes; connaissance du système de protection sociale, en santé publique, en épidémiologie, en gynécologie-obstétrique, pédiatrie, cardiologie, endocrinologie et/ou infectiologie seraient appréciées ; maîtrise de la médecine générale, du droit de la santé, des logiciels de bureautique ( Excel et Word) ;  être disponible, mobile et organisé, disposer d’une capacité d’adaptation, travailler en équipe et en autonomie, faire preuve d’empathie, d’initiative et de rigueur, avoir le sens de l’anticipation, des responsabilités et des relations avec le public, respecter la confidentialité des informations, le secret médical, la hiérarchie et capacité à rendre compte, savoir intégrer et animer un réseau ( spécialistes, associatifs, institutionnels…), prendre en compte les spécificités culturelles de la population dans sa pratique professionnelle. Titulaire du permis B. Lieu de travail : Canala",,recrutement@cap-emploi.nc,"Pour toute information complémentaire concernant cette offre d'emploi, vous pouvez contacter les conseillers du CAP Emploi à l'adresse suivante : <a href=""mailto:recrutement@cap-emploi.nc?subject=Offre%20ODE%20%23146926%20-%201%20M%C3%A9decin%20-%200241%2FSR%20du%2013%20f%C3%A9vrier%202026%20%28r%C3%A9f.%20Guichet%20202606021e84%29"">recrutement@cap-emploi.nc</a>. En cliquant sur ce lien, l'objet de votre message est automatiquement renseigné avec la référence de l'offre. Sinon, merci d'indiquer impérativement le n° de l'offre dans votre message, sans quoi votre demande ne pourra pas être traitée.",ODE,,,,,,,,J1102
202606023240,Assistant maternel / Assistante maternelle,3,ACTIVE,K1303,2025-11-05 11:00:00+11:00,LIFOU,STAGE,0,0,0,false,SANS_DIPLOME,false,false,true,2026-06-02 21:41:47+11:00,2026-06-19 15:00:17+11:00,,,,com-epife@epefip.nc,"Pour toute information complémentaire concernant cette offre d'emploi, vous pouvez contacter les conseillers de l'EPIFE à l'adresse suivante : <a href=""mailto:com-epife@epefip.nc?subject=Offre%20ODE%20%23146467%20-%20Assistant%20maternel%20%2F%20Assistante%20maternelle%20%28r%C3%A9f.%20Guichet%20202606023240%29"">com-epife@epefip.nc</a>. En cliquant sur ce lien, l'objet de votre message est automatiquement renseigné avec la référence de l'offre. Sinon, merci d'indiquer impérativement le n° de l'offre dans votre message, sans quoi votre demande ne pourra pas être traitée.",ODE,,,,,,,,K1303
20260602f075,Pharmacien / Pharmacienne,1,ACTIVE,J1202,2026-01-17 11:00:00+11:00,MARE,CDD,0,3,0,false,SANS_DIPLOME,false,false,true,2026-06-02 21:41:47+11:00,2026-06-19 15:00:17+11:00,,"<b>1 pharmacien/pharmacienne </b> : Titulaire du diplôme d'état de Docteur en pharmacie exigé thésé, pour exercer en officine, transmettre et réceptionner les commandes, apporter un soutien technique et scientifique au personnel, transmettre les factures auprès des différents organismes CAFAT, mutuelles et provinces, être en lien avec le personnel médical des dispensaires et autres services médicaux (Médipôle, cabinets privés...). Expérience exigée d’au moins 5 ans sur un poste similaire ; Maitrise du logiciel Pharmax exigé, Maîtrise de l'anglais souhaité, Permis B exigé, avoir de la rigueur, sens relationnel <b>CDD à temps complet lieu de travail : Maré </b>",,com-epife@epefip.nc,"Pour toute information complémentaire concernant cette offre d'emploi, vous pouvez contacter les conseillers de l'EPIFE à l'adresse suivante : <a href=""mailto:com-epife@epefip.nc?subject=Offre%20ODE%20%23146372%20-%20Pharmacien%20%2F%20Pharmacienne%20%28r%C3%A9f.%20Guichet%2020260602f075%29"">com-epife@epefip.nc</a>. En cliquant sur ce lien, l'objet de votre message est automatiquement renseigné avec la référence de l'offre. Sinon, merci d'indiquer impérativement le n° de l'offre dans votre message, sans quoi votre demande ne pourra pas être traitée.",ODE,,,,,,,,J1202
20260602f3e1,Médecin généraliste-0240/SR du 13 février 2026 - DASSPS - CMS de Bélep,1,ACTIVE,J1102,2026-02-16 11:00:00+11:00,BELEP,CDD,0,0,0,false,8,false,true,false,2026-06-02 21:41:47+11:00,2026-06-19 15:00:18+11:00,,"<b>1 Médecin (H/F)</b>, sera chargé de la continuité de l’offre de soin ; de la médecine curative : consultations, urgences, visite en tribu ; de la médecine préventive : santé scolaire, PMI, dépistage, tuberculose, médecine du travail et du sport, éducation à la santé, hygiène publique ; la participation en étroite collaboration avec la cheffe BPS à l’organisation du CMS et des infirmeries ; de la veille sanitaire et sociale. Diplôme d’état de docteur en médecine ou diplôme d’études spécialisées en médecine générale ou d’urgence (DESC) ou capacité de médecine d’urgence (CAMU)exigé et expérience professionnelle sur un poste isolé serait appréciée et au contact de population océaniennes. Maîtrise de la médecine générale ; du droit de la santé ; des logiciels du bureautique (Excel et Word). Connaissances du système de protection sociale, en santé publique, en épidémiologie, en gynécologie-obstétrique, pédiatrie, cardiologie, endocrinologie et/ou infectiologie appréciées.  Être disponible et mobile ; disposer d’une capacité d’adaptation ; travailler en équipe et en autonomie ; être organisé ; avoir le sens de l’anticipation. Permis B exigé.  Logement fourni. CDD à temps complet. Lieu de travail : Bélep",,recrutement@cap-emploi.nc,"Pour toute information complémentaire concernant cette offre d'emploi, vous pouvez contacter les conseillers du CAP Emploi à l'adresse suivante : <a href=""mailto:recrutement@cap-emploi.nc?subject=Offre%20ODE%20%23146917%20-%20M%C3%A9decin%20g%C3%A9n%C3%A9raliste-0240%2FSR%20du%2013%20f%C3%A9vrier%202026%20-%20DASSPS%20-%20CMS%20de%20B%C3%A9lep%20%28r%C3%A9f.%20Guichet%2020260602f3e1%29"">recrutement@cap-emploi.nc</a>. En cliquant sur ce lien, l'objet de votre message est automatiquement renseigné avec la référence de l'offre. Sinon, merci d'indiquer impérativement le n° de l'offre dans votre message, sans quoi votre demande ne pourra pas être traitée.",ODE,,,,,,,,J1102
20260602dabb,1 Auxiliaire de vie,1,ACTIVE,K1302,2025-11-18 11:00:00+11:00,OUVEA,CDD,0,0,0,false,SANS_DIPLOME,false,false,true,2026-06-02 21:41:47+11:00,2026-06-19 15:00:17+11:00,,"<b>Auxiliaire de vie</b> sous l'autorité de la cheffe de service des prestations d'accompagnements de vie (PAV) exercera les missions suivantes : accompagner les personnes en perte d'autonomie dans les actes de la vie quotidienne dans leurs lieux de voie, soit à domicile, soit en milieu scolaire ou en loisir selon les indications données par le CHD dans le plan d'accompagnement personnalisé des personnes concernées, diplôme souhaité d'auxiliaire de vie, avoir des notions sur le dispositif du handicap et de la dépendance, s'adapter, gérer son temps, savoir rendre compte, discrétion, rigueur et parler la langue serait un plus. <b>lieu de travail : Ouvéa</b>",,com-epife@epefip.nc,"Pour toute information complémentaire concernant cette offre d'emploi, vous pouvez contacter les conseillers de l'EPIFE à l'adresse suivante : <a href=""mailto:com-epife@epefip.nc?subject=Offre%20ODE%20%23146491%20-%201%20Auxiliaire%20de%20vie%20%28r%C3%A9f.%20Guichet%2020260602dabb%29"">com-epife@epefip.nc</a>. En cliquant sur ce lien, l'objet de votre message est automatiquement renseigné avec la référence de l'offre. Sinon, merci d'indiquer impérativement le n° de l'offre dans votre message, sans quoi votre demande ne pourra pas être traitée.",ODE,,,,,,,,K1302
20260602554c,1 Caissier / Caissière,1,ACTIVE,D1505,2026-01-13 11:00:00+11:00,MARE,CDD,0,0,0,false,SANS_DIPLOME,false,false,true,2026-06-02 21:41:47+11:00,2026-06-19 15:00:17+11:00,,"<b>Caissier(ère)</b> aura pour mission d'accueillir les personnes, enregistrer la vente d'un article, d'encaisser le montant d'une vente, de gérer le comptage de son fond de caisse, connaissance sur les règles de tenue de caisse informatisée et enregistreuse, CDD à temps complet, lieu de travail : Maré",,com-epife@epefip.nc,"Pour toute information complémentaire concernant cette offre d'emploi, vous pouvez contacter les conseillers de l'EPIFE à l'adresse suivante : <a href=""mailto:com-epife@epefip.nc?subject=Offre%20ODE%20%23146754%20-%201%20Caissier%20%2F%20Caissi%C3%A8re%20%28r%C3%A9f.%20Guichet%2020260602554c%29"">com-epife@epefip.nc</a>. En cliquant sur ce lien, l'objet de votre message est automatiquement renseigné avec la référence de l'offre. Sinon, merci d'indiquer impérativement le n° de l'offre dans votre message, sans quoi votre demande ne pourra pas être traitée.",ODE,,,,,,,,D1505
202606021774,Médecin-0242/SR du 13 février 2026 - DASSPS - CMS de Pouébo,1,ACTIVE,J1102,2026-02-16 11:00:00+11:00,POUEBO,CDD,0,0,0,false,8,false,true,false,2026-06-02 21:41:47+11:00,2026-06-19 15:00:18+11:00,,"<b>1 Médecin (H/F)</b>, sera chargé de la continuité de l’offre de soin ; de la médecine curative : consultations, urgences, visite en tribu ; de la médecine préventive : santé scolaire, PMI, dépistage, tuberculose, médecine du travail et du sport, éducation à la santé, hygiène publique ; la participation en étroite collaboration avec la cheffe BPS à l’organisation du CMS et des infirmeries ; de la veille sanitaire et sociale. Diplôme d’état de docteur en médecine ou diplôme d’études spécialisées en médecine générale ou d’urgence (DESC) ou capacité de médecine d’urgence (CAMU)exigé et expérience professionnelle sur un poste isolé serait appréciée et au contact de population océaniennes. Maîtrise de la médecine générale ; du droit de la santé ; des logiciels du bureautique (Excel et Word). Connaissances du système de protection sociale, en santé publique, en épidémiologie, en gynécologie-obstétrique, pédiatrie, cardiologie, endocrinologie et/ou infectiologie appréciées.  Être disponible et mobile ; disposer d’une capacité d’adaptation ; travailler en équipe et en autonomie ; être organisé ; avoir le sens de l’anticipation. Permis B exigé.  Logement fourni. CDD à temps complet. Lieu de travail : Pouébo",,recrutement@cap-emploi.nc,"Pour toute information complémentaire concernant cette offre d'emploi, vous pouvez contacter les conseillers du CAP Emploi à l'adresse suivante : <a href=""mailto:recrutement@cap-emploi.nc?subject=Offre%20ODE%20%23146914%20-%20M%C3%A9decin-0242%2FSR%20du%2013%20f%C3%A9vrier%202026%20-%20DASSPS%20-%20CMS%20de%20Pou%C3%A9bo%20%28r%C3%A9f.%20Guichet%20202606021774%29"">recrutement@cap-emploi.nc</a>. En cliquant sur ce lien, l'objet de votre message est automatiquement renseigné avec la référence de l'offre. Sinon, merci d'indiquer impérativement le n° de l'offre dans votre message, sans quoi votre demande ne pourra pas être traitée.",ODE,,,,,,,,J1102
202606021b84,Educateur spécialisé / Educatrice spécialisée,1,ACTIVE,K1207,2026-04-01 11:00:00+11:00,LIFOU,CDD,0,0,0,false,SANS_DIPLOME,false,false,true,2026-06-02 21:41:47+11:00,2026-06-19 15:00:18+11:00,,"La personne retenue sera chargée de mettre en place des actions de
prévention et de consultation dans le champ de l’addictologie.
- Les actions peuvent se dérouler en milieu scolaire, en tribu, sur les lieux
de vie ou de travail public, lors d’évènements, dans les structures
publiques (dispensaires, médiathèque…) des îles.
- Réaliser la programmation, l’organisation, la réalisation et l’évaluation des
actions de prévention prévues au plan d’éducation à la santé en milieu
scolaire, sur le thème de l’addictologie ;
- Interventions à réaliser de façon coordonnée avec les enseignant,
- Proposer des permanences « points écoute addicto » au lycée et
collèges :
- Coordonner le réseau d’accompagnement à la réduction des conduites
addictives du pôle addictologie du service.
- Réaliser des entretiens destinés aux adultes et aux jeunes usagers :
- Accueillir en entretien les jeunes de 12 à 25 ans consommateurs
occasionnels ou réguliers d’alcool, de tabac et/ou autres produits
psychoactifs et les usagers en voie de réinsertion professionnelle ;
- Accompagner le jeune consommateur et l’aider à modifier sa
consommation ;
- Accueillir en entretien les consommateurs réguliers de tabac, alcool,
cannabis et autres substances psychoactives ;
- Répondre à leurs interrogations ;
- Guider, motiver et accompagner le consommateur vers le sevrage, en
alternance avec un suivi par un médecin ;
- Accompagnement du public (scolaire, associatif, autre) dans
l’organisation, la réalisation et l’évaluation d’action de prévention sur le
thème de l’addictologie ;
- Tenue de son planning et rédaction de rapports ;
- Création et révision des outils de prévention, veille documentaire sur le
thème de l’addictologie ;
- Partenariat avec les agents de santé communautaires et les enseignants ;
- Participation aux réunions de travail à la maison de la prévention,
- Participation aux actions de communications à destination du public
(blog, évènementiel, tenue de stands, presse et autres, pouvant se
dérouler le soir ou le week-end).
Profil du candidat
Contact et informations
complémentaires :
Savoir / Connaissance/Diplôme exigé :
- Connaissances en informatique (word, excel)
- Formation en addictologie
- Connaissance des techniques d’animation
- Connaissances des particularités socio-culturelles locales
- Etre titulaire du permis de conduire B",,com-epife@epefip.nc,"Pour toute information complémentaire concernant cette offre d'emploi, vous pouvez contacter les conseillers de l'EPIFE à l'adresse suivante : <a href=""mailto:com-epife@epefip.nc?subject=Offre%20ODE%20%23146823%20-%20Educateur%20sp%C3%A9cialis%C3%A9%20%2F%20Educatrice%20sp%C3%A9cialis%C3%A9e%20%28r%C3%A9f.%20Guichet%20202606021b84%29"">com-epife@epefip.nc</a>. En cliquant sur ce lien, l'objet de votre message est automatiquement renseigné avec la référence de l'offre. Sinon, merci d'indiquer impérativement le n° de l'offre dans votre message, sans quoi votre demande ne pourra pas être traitée.",ODE,,,,,,,,K1207
20260602fa41,3 Infirmiers en soins généraux - 0218/SR du 6 février 2026,3,ACTIVE,J1506,2026-02-17 11:00:00+11:00,CANALA,CDD,0,0,0,false,5,false,true,false,2026-06-02 21:41:47+11:00,2026-06-19 15:00:19+11:00,,"<b> 3 Infirmiers en soins généraux (H/F)</b> auront en charge les actes curatifs ( consultations, urgences, soins), les actes préventifs ( vaccinations, dépistages, PMI, santé scolaire, médecine du travail, suivi des maladies chroniques...), les actes éducatifs ( hygiène de vie, éducation thérapeutique des patients chroniques, santé scolaire), la téléconsultation ( en l'absence de médecin en présentiel) ; diplôme d'état infirmier exigé; expérience du travail en poste isolé et des urgences; maîtrise des logiciels de bureautique ( Excel et Word); être disponible et rigoureux, avoir le respect de la confidentialité des informations et du secret médical, le sens des responsabilités, le goût des relations humaines et travail en équipe, l'esprit d'initiative, capacité d'écoute. Titulaire du permis B. Lieu de travail : Canala",,recrutement@cap-emploi.nc,"Pour toute information complémentaire concernant cette offre d'emploi, vous pouvez contacter les conseillers du CAP Emploi à l'adresse suivante : <a href=""mailto:recrutement@cap-emploi.nc?subject=Offre%20ODE%20%23146922%20-%203%20Infirmiers%20en%20soins%20g%C3%A9n%C3%A9raux%20-%200218%2FSR%20du%206%20f%C3%A9vrier%202026%20%28r%C3%A9f.%20Guichet%2020260602fa41%29"">recrutement@cap-emploi.nc</a>. En cliquant sur ce lien, l'objet de votre message est automatiquement renseigné avec la référence de l'offre. Sinon, merci d'indiquer impérativement le n° de l'offre dans votre message, sans quoi votre demande ne pourra pas être traitée.",ODE,,,,,,,,J1506
20260602ad3e,Serveur / Serveuse en restauration,1,ACTIVE,G1803,2025-09-25 11:00:00+11:00,LIFOU,CDD,0,0,0,false,SANS_DIPLOME,false,false,true,2026-06-02 21:41:47+11:00,2026-06-19 15:00:16+11:00,,"En tant que serveur F/H est responsable d’un secteur du bar et en assure l’organisation, la mise en place et le service. Il/Elle assure un accueil/service de qualité auprès des clients sur son point de vente. 
Vos missions consisterons à : 
• Dresser les tables 
• Mettre en place le matériel de service 
• Accueillir et conseiller les clients dans leurs choix 
• Assurer le débarrassage des tables, et redresser les couverts 
• Participer à la mise en place du point de vente ainsi qu'au rangement et au nettoyage des locaux et du matériel 
De plus, vous veillerez à : 
• La pérennité du matériel disponible sur le point de vente 
• Assurer une prestation de qualité tant au niveau du service que de l'accueil client ; 
• Connaître l’offre restauration de votre point de vente ainsi que les autres services de l’hôtel.",,com-epife@epefip.nc,"Pour toute information complémentaire concernant cette offre d'emploi, vous pouvez contacter les conseillers de l'EPIFE à l'adresse suivante : <a href=""mailto:com-epife@epefip.nc?subject=Offre%20ODE%20%23146339%20-%20Serveur%20%2F%20Serveuse%20en%20restauration%20%28r%C3%A9f.%20Guichet%2020260602ad3e%29"">com-epife@epefip.nc</a>. En cliquant sur ce lien, l'objet de votre message est automatiquement renseigné avec la référence de l'offre. Sinon, merci d'indiquer impérativement le n° de l'offre dans votre message, sans quoi votre demande ne pourra pas être traitée.",ODE,,,,,,,,G1803
20260602d035,Enseignant  de Mathématiques -sciences Physiques chimie,1,ACTIVE,K2107,2026-02-13 11:00:00+11:00,POUEBO,CDD,0,0,1,false,6,false,true,false,2026-06-02 21:41:47+11:00,2026-06-19 15:00:17+11:00,,"<b>1 Enseignant  de Mathématiques -sciences Physiques chimie (H/F)</b>, sera chargé de préparer les cours et établir la progression pédagogique au regard des référentiels de la discipline ; concevoir les exercices, les travaux pratiques des élèves et évaluer leurs connaissances ; développer une démarche pédagogique en concordance avec le projet d’établissement ; suivre et conseiller les élèves dans l'organisation de leur travail personnel ; participer aux instances de régulation (conseils de classe) et à la vie de l’établissement. Minimum licence /Bac+ 3 domaine scientifique ou école d’ingénieur et expérience dans l’enseignement serait un plus.  Connaissance du système éducatif, logiciels Pack Office ; et l’application pronote serait un atout. 
Être à l’écoute, bienveillant envers les élèves ; capacité à s’adapter aux imprévus et à motiver les élèves, à travailler en équipe ; être disponible ; savoir gérer son stress ; prise d’initiative et ponctuel.
Permis B souhaité. Logement non fourni. CDD à temps complet. Lieu de travail : Pouébo",,recrutement@cap-emploi.nc,"Pour toute information complémentaire concernant cette offre d'emploi, vous pouvez contacter les conseillers du CAP Emploi à l'adresse suivante : <a href=""mailto:recrutement@cap-emploi.nc?subject=Offre%20ODE%20%23146651%20-%20Enseignant%20%20de%20Math%C3%A9matiques%20-sciences%20Physiques%20chimie%20%28r%C3%A9f.%20Guichet%2020260602d035%29"">recrutement@cap-emploi.nc</a>. En cliquant sur ce lien, l'objet de votre message est automatiquement renseigné avec la référence de l'offre. Sinon, merci d'indiquer impérativement le n° de l'offre dans votre message, sans quoi votre demande ne pourra pas être traitée.",ODE,,,,,,,,K2107
202606025be8,Caissier / Caissière,1,ACTIVE,D1505,2026-01-08 11:00:00+11:00,LIFOU,CDD,0,0,0,false,SANS_DIPLOME,false,false,true,2026-06-02 21:41:47+11:00,2026-06-19 15:00:17+11:00,,"Caisse, réapprovisionnement des rayons, accueil des clients",,com-epife@epefip.nc,"Pour toute information complémentaire concernant cette offre d'emploi, vous pouvez contacter les conseillers de l'EPIFE à l'adresse suivante : <a href=""mailto:com-epife@epefip.nc?subject=Offre%20ODE%20%23146731%20-%20Caissier%20%2F%20Caissi%C3%A8re%20%28r%C3%A9f.%20Guichet%20202606025be8%29"">com-epife@epefip.nc</a>. En cliquant sur ce lien, l'objet de votre message est automatiquement renseigné avec la référence de l'offre. Sinon, merci d'indiquer impérativement le n° de l'offre dans votre message, sans quoi votre demande ne pourra pas être traitée.",ODE,,,,,,,,D1505
20260602b491,3 manoeuvres ou Aide-maçon / Aide-maçonne,1,ACTIVE,F1704,2025-09-06 11:00:00+11:00,MARE,CDIC,0,0,0,false,SANS_DIPLOME,false,false,true,2026-06-02 21:40:41+11:00,2026-06-19 15:00:15+11:00,,"<b>3 Aides maçon/manœuvres</b> pour préparer le terrain, les outils et matériaux nécessaires pour réaliser le chantier, avoir de bonnes connaissances dans le domaine de la maçonnerie, expériences professionnelles d'au moins un an sur un poste similaire, CDIC à temps complet, lieu de travail : MARE",,com-epife@epefip.nc,"Pour toute information complémentaire concernant cette offre d'emploi, vous pouvez contacter les conseillers de l'EPIFE à l'adresse suivante : <a href=""mailto:com-epife@epefip.nc?subject=Offre%20ODE%20%23146162%20-%203%20manoeuvres%20ou%20Aide-ma%C3%A7on%20%2F%20Aide-ma%C3%A7onne%20%28r%C3%A9f.%20Guichet%2020260602b491%29"">com-epife@epefip.nc</a>. En cliquant sur ce lien, l'objet de votre message est automatiquement renseigné avec la référence de l'offre. Sinon, merci d'indiquer impérativement le n° de l'offre dans votre message, sans quoi votre demande ne pourra pas être traitée.",ODE,,,,,,,,F1704
20260602669e,3 Maçons OP3,3,ACTIVE,F1703,2025-08-05 11:00:00+11:00,MARE,CDD,0,0,0,false,SANS_DIPLOME,false,false,true,2026-06-02 21:40:41+11:00,2026-06-19 15:00:15+11:00,,"<b>3 Maçons OP3</b> pour réaliser les travaux en bâtiment ; construction des murs, façades, cloisons ; Réalisation d'enduits, Assemblage des éléments d'armature de béton, réalisation de coffrages et ferraillage, Approvisionnement, rangement et maintien en propreté du chantier. Maîtrise les techniques d'application d'enduit, de ferraillage, boisage, traçage, lecture de plan et schéma. CAP/BEP maçonnerie souhaité , 3 à 5 ans d'expériences souhaitées, bonnes connaissances en bâtiment, Permis B souhaité, CDIC, Lieu de travail : Maré",,com-epife@epefip.nc,"Pour toute information complémentaire concernant cette offre d'emploi, vous pouvez contacter les conseillers de l'EPIFE à l'adresse suivante : <a href=""mailto:com-epife@epefip.nc?subject=Offre%20ODE%20%23146160%20-%203%20Ma%C3%A7ons%20OP3%20%28r%C3%A9f.%20Guichet%2020260602669e%29"">com-epife@epefip.nc</a>. En cliquant sur ce lien, l'objet de votre message est automatiquement renseigné avec la référence de l'offre. Sinon, merci d'indiquer impérativement le n° de l'offre dans votre message, sans quoi votre demande ne pourra pas être traitée.",ODE,,,,,,,,F1703
20260602b8dc,Employé / Employée de libre-service,2,ACTIVE,D1507,2025-09-02 11:00:00+11:00,LIFOU,CDD,0,0,0,false,SANS_DIPLOME,false,false,true,2026-06-02 21:40:41+11:00,2026-06-19 15:00:16+11:00,,"Mise en rayons des produits
Préparation de commandes
Phoning avec les fournisseurs
Entretien des locaux",,com-epife@epefip.nc,"Pour toute information complémentaire concernant cette offre d'emploi, vous pouvez contacter les conseillers de l'EPIFE à l'adresse suivante : <a href=""mailto:com-epife@epefip.nc?subject=Offre%20ODE%20%23146236%20-%20Employ%C3%A9%20%2F%20Employ%C3%A9e%20de%20libre-service%20%28r%C3%A9f.%20Guichet%2020260602b8dc%29"">com-epife@epefip.nc</a>. En cliquant sur ce lien, l'objet de votre message est automatiquement renseigné avec la référence de l'offre. Sinon, merci d'indiquer impérativement le n° de l'offre dans votre message, sans quoi votre demande ne pourra pas être traitée.",ODE,,,,,,,,D1507
20260602cd24,Maître / Maîtresse d'hôtel,1,ACTIVE,G1802,2025-09-25 11:00:00+11:00,LIFOU,CDD,0,0,0,false,SANS_DIPLOME,false,false,true,2026-06-02 21:40:41+11:00,2026-06-19 15:00:16+11:00,,"En tant que MDH vous : 
Maitre d’Hôtel(H/F) 
Code Rome : G1802 
• Effectuerez la mise en place du jour et la répartition des tables selon les réservations du jour 
• Accueillerez la clientèle, expliquerez la démarche du chef et conseillerez la clientèle dans ses choix 
• Assurerez un service en salle avec aisance sans ostentation. Vous êtes souriant d’une grande gentillesse, à l’écoute. 
• Vous vous exprimez dans un anglais fluide 
• Vous êtes intéressé par l’univers des cocktails, des spiritueux et des vins.  
• Vous avez connaissance et/ou l’expérience d’hôtels similaires  
• Vous serez attentif à travailler en bonne entente avec les autres membres de l'équipe tant en salle, à la réception qu’en cuisine 
• Vous avez le sens du management afin de pouvoir diriger une équipe de plusieurs personnes 
• Vous savez adapter l'organisation et les effectifs en fonction de l'activité 
• Vous veillez à la propreté de son lieu de travail et à la sécurité alimentaire (HACCP). 
• Vous êtes en contact permanent avec tous les autres secteurs de l’hôtel. 
Qualifications 
• De formation hôtelière, vous vous caractérisez par votre excellent relationnel, votre savoir-être et vos compétences organisationnelles. 
• Votre rigueur, votre esprit d'équipe et votre expérience des relations clients sont vos atouts. 
• D'excellente présentation, vous avez un très bon relationnel et êtes souriant(e). 
• La maîtrise de l'Anglais conversationnel  
• Vous justifiez d’une expérience significative d’au moins 5 années à un poste et établissement similaire.",,com-epife@epefip.nc,"Pour toute information complémentaire concernant cette offre d'emploi, vous pouvez contacter les conseillers de l'EPIFE à l'adresse suivante : <a href=""mailto:com-epife@epefip.nc?subject=Offre%20ODE%20%23146338%20-%20Ma%C3%AEtre%20%2F%20Ma%C3%AEtresse%20d%27h%C3%B4tel%20%28r%C3%A9f.%20Guichet%2020260602cd24%29"">com-epife@epefip.nc</a>. En cliquant sur ce lien, l'objet de votre message est automatiquement renseigné avec la référence de l'offre. Sinon, merci d'indiquer impérativement le n° de l'offre dans votre message, sans quoi votre demande ne pourra pas être traitée.",ODE,,,,,,,,G1802
202606020029,Aide à domicile,1,ACTIVE,K1304,2025-08-04 11:00:00+11:00,LIFOU,CDD,0,0,0,false,SANS_DIPLOME,false,false,true,2026-06-02 21:40:41+11:00,2026-06-19 15:00:15+11:00,,"Accompagnement de personnes âgées: aide à la toilette, ménagére et courses.",,com-epife@epefip.nc,"Pour toute information complémentaire concernant cette offre d'emploi, vous pouvez contacter les conseillers de l'EPIFE à l'adresse suivante : <a href=""mailto:com-epife@epefip.nc?subject=Offre%20ODE%20%23146152%20-%20Aide%20%C3%A0%20domicile%20%28r%C3%A9f.%20Guichet%20202606020029%29"">com-epife@epefip.nc</a>. En cliquant sur ce lien, l'objet de votre message est automatiquement renseigné avec la référence de l'offre. Sinon, merci d'indiquer impérativement le n° de l'offre dans votre message, sans quoi votre demande ne pourra pas être traitée.",ODE,,,,,,,,K1304
202606028b31,Chef d'agence de location de véhicules,1,ACTIVE,M1302,2025-08-20 11:00:00+11:00,LIFOU,CDD,0,0,0,false,SANS_DIPLOME,false,false,true,2026-06-02 21:40:41+11:00,2026-06-19 15:00:16+11:00,,"Vous avez une expérience réussie de Chef d'agence commerciale

Vous avez un profil de commercial et gestionnaire avec une expérience d'au moins 5 ans

Vous êtes rigoureux, intègre et vous êtes orienté client

Vous savez encadrer et motiver votre équipe

Vous êtes titulaire du Permis de conduire et avez des connaissances en mécanique automobile",,com-epife@epefip.nc,"Pour toute information complémentaire concernant cette offre d'emploi, vous pouvez contacter les conseillers de l'EPIFE à l'adresse suivante : <a href=""mailto:com-epife@epefip.nc?subject=Offre%20ODE%20%23146210%20-%20Chef%20d%27agence%20de%20location%20de%20v%C3%A9hicules%20%28r%C3%A9f.%20Guichet%20202606028b31%29"">com-epife@epefip.nc</a>. En cliquant sur ce lien, l'objet de votre message est automatiquement renseigné avec la référence de l'offre. Sinon, merci d'indiquer impérativement le n° de l'offre dans votre message, sans quoi votre demande ne pourra pas être traitée.",ODE,,,,,,,,M1302
202606027754,Conducteur / Conductrice d'engins de terrassement,1,ACTIVE,F1302,2025-09-02 11:00:00+11:00,LIFOU,CDD,0,0,0,false,SANS_DIPLOME,false,false,true,2026-06-02 21:40:41+11:00,2026-06-19 15:00:16+11:00,,,,com-epife@epefip.nc,"Pour toute information complémentaire concernant cette offre d'emploi, vous pouvez contacter les conseillers de l'EPIFE à l'adresse suivante : <a href=""mailto:com-epife@epefip.nc?subject=Offre%20ODE%20%23146240%20-%20Conducteur%20%2F%20Conductrice%20d%27engins%20de%20terrassement%20%28r%C3%A9f.%20Guichet%20202606027754%29"">com-epife@epefip.nc</a>. En cliquant sur ce lien, l'objet de votre message est automatiquement renseigné avec la référence de l'offre. Sinon, merci d'indiquer impérativement le n° de l'offre dans votre message, sans quoi votre demande ne pourra pas être traitée.",ODE,,,,,,,,F1302
202606025dd6,Responsable logistique,1,ACTIVE,N1301,2025-05-02 11:00:00+11:00,LIFOU,CDI,0,0,0,false,SANS_DIPLOME,false,false,true,2026-06-02 21:40:41+11:00,2026-06-19 15:00:14+11:00,,"CHARGER ET DECHARGER LES BAGAGES ET COLIS MARITIMES 
ENTREPOSER LES BAGAGES ET COLIS DANS LE DOCK
LIVRAISON DES COLIS AERIENS ET MARITIMES SUR LIFOU
RECEPTION DES COLIS AERIENS A ENVOYER AU FRET AERIEN DE LIFOU",,com-epife@epefip.nc,"Pour toute information complémentaire concernant cette offre d'emploi, vous pouvez contacter les conseillers de l'EPIFE à l'adresse suivante : <a href=""mailto:com-epife@epefip.nc?subject=Offre%20ODE%20%23146092%20-%20Responsable%20logistique%20%28r%C3%A9f.%20Guichet%20202606025dd6%29"">com-epife@epefip.nc</a>. En cliquant sur ce lien, l'objet de votre message est automatiquement renseigné avec la référence de l'offre. Sinon, merci d'indiquer impérativement le n° de l'offre dans votre message, sans quoi votre demande ne pourra pas être traitée.",ODE,,,,,,,,N1301
202606023aa0,Agent / Agente de passage escale aéroportuaire,1,ACTIVE,N2201,2025-08-05 11:00:00+11:00,LIFOU,CDD,0,0,0,false,SANS_DIPLOME,false,false,true,2026-06-02 21:40:41+11:00,2026-06-19 15:00:15+11:00,,,,com-epife@epefip.nc,"Pour toute information complémentaire concernant cette offre d'emploi, vous pouvez contacter les conseillers de l'EPIFE à l'adresse suivante : <a href=""mailto:com-epife@epefip.nc?subject=Offre%20ODE%20%23146168%20-%20Agent%20%2F%20Agente%20de%20passage%20escale%20a%C3%A9roportuaire%20%28r%C3%A9f.%20Guichet%20202606023aa0%29"">com-epife@epefip.nc</a>. En cliquant sur ce lien, l'objet de votre message est automatiquement renseigné avec la référence de l'offre. Sinon, merci d'indiquer impérativement le n° de l'offre dans votre message, sans quoi votre demande ne pourra pas être traitée.",ODE,,,,,,,,N2201
202606027baa,Manutentionnaire,1,ACTIVE,N1105,2025-04-07 11:00:00+11:00,LIFOU,CDD,0,0,0,false,SANS_DIPLOME,false,false,true,2026-06-02 21:40:41+11:00,2026-06-19 15:00:14+11:00,,"CHARGER ET DECHARGER LES BAGAGES ET COLIS MARITIMES 
ENTREPOSER LES BAGAGES ET COLIS DANS LE DOCK",,com-epife@epefip.nc,"Pour toute information complémentaire concernant cette offre d'emploi, vous pouvez contacter les conseillers de l'EPIFE à l'adresse suivante : <a href=""mailto:com-epife@epefip.nc?subject=Offre%20ODE%20%23146093%20-%20Manutentionnaire%20%28r%C3%A9f.%20Guichet%20202606027baa%29"">com-epife@epefip.nc</a>. En cliquant sur ce lien, l'objet de votre message est automatiquement renseigné avec la référence de l'offre. Sinon, merci d'indiquer impérativement le n° de l'offre dans votre message, sans quoi votre demande ne pourra pas être traitée.",ODE,,,,,,,,N1105
20260602ffbb,Chef mécanicien / mécanicienne automobile,1,ACTIVE,I1604,2025-08-20 11:00:00+11:00,LIFOU,CDD,0,0,0,false,SANS_DIPLOME,false,false,true,2026-06-02 21:40:41+11:00,2026-06-19 15:00:15+11:00,,"Expertise mécanique et diagnostic de plusieurs années en garage automobile

Management d'équipes

Organisation et gestion d'atelier

Relation client et qualité de service",,com-epife@epefip.nc,"Pour toute information complémentaire concernant cette offre d'emploi, vous pouvez contacter les conseillers de l'EPIFE à l'adresse suivante : <a href=""mailto:com-epife@epefip.nc?subject=Offre%20ODE%20%23146209%20-%20Chef%20m%C3%A9canicien%20%2F%20m%C3%A9canicienne%20automobile%20%28r%C3%A9f.%20Guichet%2020260602ffbb%29"">com-epife@epefip.nc</a>. En cliquant sur ce lien, l'objet de votre message est automatiquement renseigné avec la référence de l'offre. Sinon, merci d'indiquer impérativement le n° de l'offre dans votre message, sans quoi votre demande ne pourra pas être traitée.",ODE,,,,,,,,I1604
20260602174d,1 Infirmier en hémodialyse (H/F),1,ACTIVE,J1506,2025-08-29 11:00:00+11:00,POINDIMIE,CDI,0,0,0,false,SANS_DIPLOME,false,true,false,2026-06-02 21:40:41+11:00,2026-06-19 15:00:16+11:00,,"<b>1 Infirmier en hémodialyse (H/F)</b> sera chargé de la prise en charge médicale et paramédicale des patients en hémodialyse en regard des prescriptions médicales, de participer à la prise en charge globale des patients et  à la gestion de l'unité d’hémodialyse. Bonne capacité d'adaptation, esprit d'initiative , ténacité et implication professionnelle. Diplôme d’État infirmier exigé. 2 ans  minimum d'expérience souhaité. Permis B exigé . CDI à temps complet. Lieu de travail : Poindimié",,recrutement@cap-emploi.nc,"Pour toute information complémentaire concernant cette offre d'emploi, vous pouvez contacter les conseillers du CAP Emploi à l'adresse suivante : <a href=""mailto:recrutement@cap-emploi.nc?subject=Offre%20ODE%20%23146222%20-%201%20Infirmier%20en%20h%C3%A9modialyse%20%28H%2FF%29%20%28r%C3%A9f.%20Guichet%2020260602174d%29"">recrutement@cap-emploi.nc</a>. En cliquant sur ce lien, l'objet de votre message est automatiquement renseigné avec la référence de l'offre. Sinon, merci d'indiquer impérativement le n° de l'offre dans votre message, sans quoi votre demande ne pourra pas être traitée.",ODE,f688aa8b-d76d-4266-8091-8120fe40fc5d,0325191001,ASSOCIATION POUR LA PREVENTION ET LE TRAITEMENT DE L'INSUFFISANCE RENALE EN NOUVELLE-CALEDONIE,ASSOCIATION LOI 1901 OU ASSIMILE,ASSOCIATION POUR LA PREVENTION ET LE TRAITEMENT DE L'INSUFFISANCE RENALE EN NOUVELLE-CALEDONIE,DUMBEA,43 boulevard Joseph Wamytan DSM,J1506
2026060265ea,2 Plaquistes,1,ACTIVE,F1604,2025-08-05 11:00:00+11:00,MARE,CDIC,0,0,0,false,SANS_DIPLOME,false,false,true,2026-06-02 21:40:41+11:00,2026-06-19 15:00:15+11:00,,"<b>2 plaquistes</b> pour réaliser la pose de plafonds suspendus (placo), monter des cloisons, réaliser et lisser des joints ; Etre titulaire d'un diplôme de plaquiste, expérience professionnelle d'au moins 3 à 4 ans, permis souhaité, CDIC à temps complet, lieu de travail MARE",,com-epife@epefip.nc,"Pour toute information complémentaire concernant cette offre d'emploi, vous pouvez contacter les conseillers de l'EPIFE à l'adresse suivante : <a href=""mailto:com-epife@epefip.nc?subject=Offre%20ODE%20%23146161%20-%202%20Plaquistes%20%28r%C3%A9f.%20Guichet%202026060265ea%29"">com-epife@epefip.nc</a>. En cliquant sur ce lien, l'objet de votre message est automatiquement renseigné avec la référence de l'offre. Sinon, merci d'indiquer impérativement le n° de l'offre dans votre message, sans quoi votre demande ne pourra pas être traitée.",ODE,,,,,,,,F1604
20260602b388,Agent / Agente de propreté et d'hygiène,1,ACTIVE,K2204,2025-08-05 11:00:00+11:00,LIFOU,CDD,0,0,0,false,SANS_DIPLOME,false,false,true,2026-06-02 21:40:41+11:00,2026-06-19 15:00:15+11:00,,"L'ATIR recherche 1 agent de service pour effectuer des remplacements dans notre unité de dialyse à Lifou

- Assurer la propreté, le nettoyage et l'hygiène des locaux suivant les procédure d'hygiène en cours
- Accueillir et prendre en charge les patients

Le ou la candidat(e) doit être assidu(e) et consciencieux(se) et respecter les procédures d'hygiène propres à l'association.",,com-epife@epefip.nc,"Pour toute information complémentaire concernant cette offre d'emploi, vous pouvez contacter les conseillers de l'EPIFE à l'adresse suivante : <a href=""mailto:com-epife@epefip.nc?subject=Offre%20ODE%20%23146163%20-%20Agent%20%2F%20Agente%20de%20propret%C3%A9%20et%20d%27hygi%C3%A8ne%20%28r%C3%A9f.%20Guichet%2020260602b388%29"">com-epife@epefip.nc</a>. En cliquant sur ce lien, l'objet de votre message est automatiquement renseigné avec la référence de l'offre. Sinon, merci d'indiquer impérativement le n° de l'offre dans votre message, sans quoi votre demande ne pourra pas être traitée.",ODE,f688aa8b-d76d-4266-8091-8120fe40fc5d,0325191001,ASSOCIATION POUR LA PREVENTION ET LE TRAITEMENT DE L'INSUFFISANCE RENALE EN NOUVELLE-CALEDONIE,ASSOCIATION LOI 1901 OU ASSIMILE,ASSOCIATION POUR LA PREVENTION ET LE TRAITEMENT DE L'INSUFFISANCE RENALE EN NOUVELLE-CALEDONIE,DUMBEA,43 boulevard Joseph Wamytan DSM,K2204
202606025391,Caissier / Employé polyvalent en libre-service,1,ACTIVE,D1505,2025-02-11 11:00:00+11:00,LIFOU,CDD,0,0,0,false,SANS_DIPLOME,false,false,true,2026-06-02 21:40:40+11:00,2026-06-19 15:00:12+11:00,,"Tenue d'un poste de caisse, Approvisionnement et réassort des rayons, accueil client, enregistrements et encaissements des produits.
Expérience exigée : 2 ans dans un commerce d'alimentation",,com-epife@epefip.nc,"Pour toute information complémentaire concernant cette offre d'emploi, vous pouvez contacter les conseillers de l'EPIFE à l'adresse suivante : <a href=""mailto:com-epife@epefip.nc?subject=Offre%20ODE%20%23145565%20-%20Caissier%20%2F%20Employ%C3%A9%20polyvalent%20en%20libre-service%20%28r%C3%A9f.%20Guichet%20202606025391%29"">com-epife@epefip.nc</a>. En cliquant sur ce lien, l'objet de votre message est automatiquement renseigné avec la référence de l'offre. Sinon, merci d'indiquer impérativement le n° de l'offre dans votre message, sans quoi votre demande ne pourra pas être traitée.",ODE,,,,,,,,D1505
20260602371e,Cuisinier,1,ACTIVE,G1602,2024-02-15 11:00:00+11:00,LIFOU,CDI,0,0,0,false,SANS_DIPLOME,false,false,true,2026-06-02 21:40:40+11:00,2026-06-19 15:00:09+11:00,,"L’agent d’office gère les activités de distribution des repas, participe à l’animation de la cantine aide les cuisiniers au niveau de la gestion du stock.

ACTIVITES PRINCIPALES :
•	Distribution et service des repas 
•	Réalisation et contrôle de la maintenance et de l’hygiène des locaux et du matériel 
•	Animation et pilotage de l’équipe 
•	Accueil des élèves
•	Participe à l’élaboration des ménus

COMPETENCES REQUISES
SAVOIR
•	Règles d’hygiène HAACP (Hazard Analysis and Critical Control Point) 
•	Techniques culinaires (bases) 
•	Principes de nettoyage et de désinfection 
•	Règles d’accueil • Techniques de manutention
•	Gestes d’urgence 
•	Besoins nutritionnel	SAVOIR FAIRE
•	Réaliser des préparations sur place 
•	Assurer le service des repas dans le respect des règles d’hygiène (plateau témoin, contrôle, maintien des températures, tenue obligatoire, application et surveillance du respect des procédures d’entretien des locaux et du matériel) 
•	Gérer les effectifs journaliers, passer les commandes 
•	Compléter les fiches « suiveuses » 
•	Réceptionner et gérer les produits d’entretien 
•	Organiser le travail journalier 
•	Repérer les dysfonctionnements et les signaler à la hiérarchie 
•	Appliquer les consignes de règles d’accueil 
•	Employer un langage correspondant à la mission éducative propre à l’emploi.	

COMPORTEMENT PROFESSIONNEL
•	Adopter une attitude éducative 
•	Rigueur 
•	Sens du travail en équipe 
•	Sens du contact avec les enfants
CONDITIONS PARTICULIERES D’EXERCICE
•	Station debout 
•	Horaires liés aux préparations et des services des repas 
•	Exposition aux nuisances sonores",,com-epife@epefip.nc,"Pour toute information complémentaire concernant cette offre d'emploi, vous pouvez contacter les conseillers de l'EPIFE à l'adresse suivante : <a href=""mailto:com-epife@epefip.nc?subject=Offre%20ODE%20%23144344%20-%20Cuisinier%20%28r%C3%A9f.%20Guichet%2020260602371e%29"">com-epife@epefip.nc</a>. En cliquant sur ce lien, l'objet de votre message est automatiquement renseigné avec la référence de l'offre. Sinon, merci d'indiquer impérativement le n° de l'offre dans votre message, sans quoi votre demande ne pourra pas être traitée.",ODE,,,,,,,,G1602
20260602360e,Mécanicien / Mécanicienne agricole,1,ACTIVE,I1603,2024-09-30 11:00:00+11:00,LIFOU,CDD,0,0,0,false,SANS_DIPLOME,false,false,true,2026-06-02 21:40:40+11:00,2026-06-19 15:00:10+11:00,,"Connaissances et savoir-être souhaités :

 

  *   Petits matériels (débroussailleuses, tarières, tronçonneuses, souffleurs, etc....),

  *   VL (camions Kia 2700, Peugeot Partner, Kangoo, etc....), - PL (Camion grue, camion plateau, etc....),

  *   Engins agricoles & terrassement (Broyeurs à végétaux, pilonneuses, autoportées, tracteur, tractopelle, minipelle, etc....).

  *   Autonomie et force de proposition

  *   Être doté d'une une bonne capacité d'analyse

  *   Être rigoureux

  *   Avoir une aisance relationnelle.

  *   Être disponible rapidement.

Le permis B est exigé, le permis PL souhaité.",,com-epife@epefip.nc,"Pour toute information complémentaire concernant cette offre d'emploi, vous pouvez contacter les conseillers de l'EPIFE à l'adresse suivante : <a href=""mailto:com-epife@epefip.nc?subject=Offre%20ODE%20%23144961%20-%20M%C3%A9canicien%20%2F%20M%C3%A9canicienne%20agricole%20%28r%C3%A9f.%20Guichet%2020260602360e%29"">com-epife@epefip.nc</a>. En cliquant sur ce lien, l'objet de votre message est automatiquement renseigné avec la référence de l'offre. Sinon, merci d'indiquer impérativement le n° de l'offre dans votre message, sans quoi votre demande ne pourra pas être traitée.",ODE,,,,,,,,I1603
20260602017e,Auxiliaire de vie,1,ACTIVE,K1302,2024-03-12 11:00:00+11:00,OUVEA,CDD,0,0,0,false,SANS_DIPLOME,false,false,true,2026-06-02 21:40:40+11:00,2026-06-19 15:00:09+11:00,,"<b>Un auxiliaire de vie</b> pour assister les personnes dans leur accomplissement des actes de la vie quotidienne (lever, toilette ...) et la réalisation des travaux ménagers (cuisines, ménage, courses...). <b>Diplômes</b>: AVS/ASSP/ADV, personne avec une expérience dans le domaine avec une bonne relation sociale. Le permis n'est pas obligatoire. <b>Lieu de travail</b>: OUVEA",,com-epife@epefip.nc,"Pour toute information complémentaire concernant cette offre d'emploi, vous pouvez contacter les conseillers de l'EPIFE à l'adresse suivante : <a href=""mailto:com-epife@epefip.nc?subject=Offre%20ODE%20%23144436%20-%20Auxiliaire%20de%20vie%20%28r%C3%A9f.%20Guichet%2020260602017e%29"">com-epife@epefip.nc</a>. En cliquant sur ce lien, l'objet de votre message est automatiquement renseigné avec la référence de l'offre. Sinon, merci d'indiquer impérativement le n° de l'offre dans votre message, sans quoi votre demande ne pourra pas être traitée.",ODE,,,,,,,,K1302
202606025372,Chauffeur PL polyvalent,1,ACTIVE,F1302,2024-03-05 11:00:00+11:00,MARE,CDD,0,0,0,false,SANS_DIPLOME,false,false,true,2026-06-02 21:40:40+11:00,2026-06-19 15:00:09+11:00,,"<b>Un chauffeur PL polyvalent</b> pour conduire un camion, effectuer des travaux assainissement. Une personne sérieuse, ponctuelle et assidue avec au minimum un an d'expérience, Permis PL exigé. Un CDD de 3 à 6 mois. Lieu de travail: </b> Maré",,com-epife@epefip.nc,"Pour toute information complémentaire concernant cette offre d'emploi, vous pouvez contacter les conseillers de l'EPIFE à l'adresse suivante : <a href=""mailto:com-epife@epefip.nc?subject=Offre%20ODE%20%23144414%20-%20Chauffeur%20PL%20polyvalent%20%28r%C3%A9f.%20Guichet%20202606025372%29"">com-epife@epefip.nc</a>. En cliquant sur ce lien, l'objet de votre message est automatiquement renseigné avec la référence de l'offre. Sinon, merci d'indiquer impérativement le n° de l'offre dans votre message, sans quoi votre demande ne pourra pas être traitée.",ODE,,,,,,,,F1302
202606027e7d,Conducteur / Conductrice de transport de particuliers,1,ACTIVE,N4102,2025-03-06 11:00:00+11:00,LIFOU,CDD,0,0,0,false,SANS_DIPLOME,false,false,true,2026-06-02 21:40:40+11:00,2026-06-19 15:00:13+11:00,,"Conducteur de véhicule Sanitaire terrestre. Mission consiste à la conduite des véhicules affectés à l'usage des transports de malade.
2 mois d'expériences minimum. Temps complet avec 169 h du lundi au dimanche.
Salaire de 169335 FCFP.",,com-epife@epefip.nc,"Pour toute information complémentaire concernant cette offre d'emploi, vous pouvez contacter les conseillers de l'EPIFE à l'adresse suivante : <a href=""mailto:com-epife@epefip.nc?subject=Offre%20ODE%20%23145670%20-%20Conducteur%20%2F%20Conductrice%20de%20transport%20de%20particuliers%20%28r%C3%A9f.%20Guichet%20202606027e7d%29"">com-epife@epefip.nc</a>. En cliquant sur ce lien, l'objet de votre message est automatiquement renseigné avec la référence de l'offre. Sinon, merci d'indiquer impérativement le n° de l'offre dans votre message, sans quoi votre demande ne pourra pas être traitée.",ODE,,,,,,,,N4102
20260602486e,Agent polyvalent,1,ACTIVE,H3302,2024-12-16 11:00:00+11:00,MARE,CDD,0,0,0,false,4,false,false,true,2026-06-02 21:40:40+11:00,2026-06-19 15:00:11+11:00,,"<b> Agent Polyvalent</b> pour effectuer de l'archivage, de l'inventaire et intervenir sur le terrain. Titulaire d'un Baccalauréat, avoir des connaissances en informatique et dynamique. Un CDD de 2 semaines, <b>Lieu de travail:</b> MARE",,com-epife@epefip.nc,"Pour toute information complémentaire concernant cette offre d'emploi, vous pouvez contacter les conseillers de l'EPIFE à l'adresse suivante : <a href=""mailto:com-epife@epefip.nc?subject=Offre%20ODE%20%23145057%20-%20Agent%20polyvalent%20%28r%C3%A9f.%20Guichet%2020260602486e%29"">com-epife@epefip.nc</a>. En cliquant sur ce lien, l'objet de votre message est automatiquement renseigné avec la référence de l'offre. Sinon, merci d'indiquer impérativement le n° de l'offre dans votre message, sans quoi votre demande ne pourra pas être traitée.",ODE,,,,,,,,H3302
202606028861,Employé / Employée de libre-service,1,ACTIVE,D1507,2025-03-19 11:00:00+11:00,LIFOU,CDD,0,3,0,false,3,false,false,true,2026-06-02 21:40:40+11:00,2026-06-19 15:00:13+11:00,,"Réceptionner les marchandises, les produits et contrôler la conformité de la livraison

Acheminer les produits en rayon et les installer en tête de gondoles, sur les linéaires

Effectuer/contrôler le balisage et l'étiquetage des produits en rayon 

Suivre l'état des stocks, identifier les besoins en approvisionnement et établir les commandes

Effectuer l'entretien et le nettoyage de l'espace de vente et des produits en rayon

Contrôler l'état et la conservation des produits périssables et retirer les produits impropres à la vente",,com-epife@epefip.nc,"Pour toute information complémentaire concernant cette offre d'emploi, vous pouvez contacter les conseillers de l'EPIFE à l'adresse suivante : <a href=""mailto:com-epife@epefip.nc?subject=Offre%20ODE%20%23145735%20-%20Employ%C3%A9%20%2F%20Employ%C3%A9e%20de%20libre-service%20%28r%C3%A9f.%20Guichet%20202606028861%29"">com-epife@epefip.nc</a>. En cliquant sur ce lien, l'objet de votre message est automatiquement renseigné avec la référence de l'offre. Sinon, merci d'indiquer impérativement le n° de l'offre dans votre message, sans quoi votre demande ne pourra pas être traitée.",ODE,,,,,,,,D1507
202606022938,Assistant / Assistante de vie,1,ACTIVE,K1302,2025-06-26 11:00:00+11:00,LIFOU,CDD,0,0,0,false,SANS_DIPLOME,false,false,true,2026-06-02 21:40:40+11:00,2026-06-19 15:00:14+11:00,,"Sous l'autorité de la cheffe du service des prestations d’accompagnements de Vie (PAV), l’intéressé(e) exercera les missions suivantes :
Accompagner les personnes en perte d’autonomie dans les actes de la vie quotidienne dans leurs lieux de vie, soit à domicile, soit en milieu scolaire ou en loisirs selon les indications données par le CHD dans le plan d’accompagnement personnalisé des personnes concernées :
•
A domicile :
o
Dans les actes essentiels : Aider au transfert, aider au change et à l’habillage
o
Dans les actes ordinaires : Aider au ménage, à l’entretien du linge, à la préparation du repas
o
Dans la vie sociale : Apporter de l’aide relationnelle.
•
En milieu scolaire :
o
Accompagner la socialisation et les apprentissages de base des enfants.
•
En loisirs",,com-epife@epefip.nc,"Pour toute information complémentaire concernant cette offre d'emploi, vous pouvez contacter les conseillers de l'EPIFE à l'adresse suivante : <a href=""mailto:com-epife@epefip.nc?subject=Offre%20ODE%20%23146022%20-%20Assistant%20%2F%20Assistante%20de%20vie%20%28r%C3%A9f.%20Guichet%20202606022938%29"">com-epife@epefip.nc</a>. En cliquant sur ce lien, l'objet de votre message est automatiquement renseigné avec la référence de l'offre. Sinon, merci d'indiquer impérativement le n° de l'offre dans votre message, sans quoi votre demande ne pourra pas être traitée.",ODE,,,,,,,,K1302
20260602ce78,Chauffeur-livreur / Chauffeuse-livreuse,1,ACTIVE,N4105,2024-07-08 11:00:00+11:00,LIFOU,CDI,0,0,0,false,SANS_DIPLOME,false,false,true,2026-06-02 21:40:40+11:00,2026-06-19 15:00:10+11:00,,"SARL PEAT SERVICES recrute chauffeur-livreur ayant pour mission principale la livraison de repas
Expérience souhaitée: 3 ans
Permis B obligatoire
Horaires: Du Lundi au vendredi de 8h à 12h",,com-epife@epefip.nc,"Pour toute information complémentaire concernant cette offre d'emploi, vous pouvez contacter les conseillers de l'EPIFE à l'adresse suivante : <a href=""mailto:com-epife@epefip.nc?subject=Offre%20ODE%20%23144756%20-%20Chauffeur-livreur%20%2F%20Chauffeuse-livreuse%20%28r%C3%A9f.%20Guichet%2020260602ce78%29"">com-epife@epefip.nc</a>. En cliquant sur ce lien, l'objet de votre message est automatiquement renseigné avec la référence de l'offre. Sinon, merci d'indiquer impérativement le n° de l'offre dans votre message, sans quoi votre demande ne pourra pas être traitée.",ODE,,,,,,,,N4105
20260602d8f1,Pharmacien / Pharmacienne,1,ACTIVE,J1202,2025-06-01 11:00:00+11:00,MARE,CDD,0,0,0,false,SANS_DIPLOME,false,false,true,2026-06-02 21:40:40+11:00,2026-06-19 15:00:13+11:00,,"<b>1 pharmacien/pharmacienne</b> titulaire du diplôme d'état de docteur en pharmacie exigé pour exercer en officine, contrôler les délivrances, transmettre les commandes et les réceptionner, apporter un appui technique et scientifique pour le personnel, transmettre les bordereaux auprès des différentes organismes CAFAT, mutuelles et provinces, être en lien avec le personnel médical des dispensaires et autres services médicaux. Maitrise du logiciel Pharmax exigé, Maîtrise de l'anglais exigé, Permis de conduire exigé, avoir de la rigueur, sens relationnel, manager, <b>CDD poste basé sur Maré</b>",,com-epife@epefip.nc,"Pour toute information complémentaire concernant cette offre d'emploi, vous pouvez contacter les conseillers de l'EPIFE à l'adresse suivante : <a href=""mailto:com-epife@epefip.nc?subject=Offre%20ODE%20%23145773%20-%20Pharmacien%20%2F%20Pharmacienne%20%28r%C3%A9f.%20Guichet%2020260602d8f1%29"">com-epife@epefip.nc</a>. En cliquant sur ce lien, l'objet de votre message est automatiquement renseigné avec la référence de l'offre. Sinon, merci d'indiquer impérativement le n° de l'offre dans votre message, sans quoi votre demande ne pourra pas être traitée.",ODE,,,,,,,,J1202
20260602fa4e,Surveillant / Surveillante en milieu scolaire,1,ACTIVE,K2104,2025-06-23 11:00:00+11:00,OUVEA,CDD,0,0,0,false,SANS_DIPLOME,false,false,true,2026-06-02 21:40:40+11:00,2026-06-19 15:00:14+11:00,,"<b>1 Éducateur externat / internat H/F</b>Sous la responsabilité du chef d’établissement, rattaché à la vie scolaire, assure la surveillance, l’accompagnement et la sécurité des élèves. Aura la charge de surveiller les élèves et contrôler le respect du règlement intérieur de l'établissement d’enseignement, d’assurer des permanences d’accueil, le secrétariat lié à la fonction (relevé retards, absences, appels aux familles, demandes de justificatifs, saisie d’informations sur pronote, messages aux familles…), d’animer hors du temps de classe des actions éducatives ou périscolaires. Titulaire du Bac ou formation dans le domaine de l’accompagnement d’adolescent. Permis B souhaité. Pack office et logiciels. CDD du 22/04/25 au 06/06/25.<b> Lieu de travail : Collège G DOUARRE- OUVEA</b>",,com-epife@epefip.nc,"Pour toute information complémentaire concernant cette offre d'emploi, vous pouvez contacter les conseillers de l'EPIFE à l'adresse suivante : <a href=""mailto:com-epife@epefip.nc?subject=Offre%20ODE%20%23145999%20-%20Surveillant%20%2F%20Surveillante%20en%20milieu%20scolaire%20%28r%C3%A9f.%20Guichet%2020260602fa4e%29"">com-epife@epefip.nc</a>. En cliquant sur ce lien, l'objet de votre message est automatiquement renseigné avec la référence de l'offre. Sinon, merci d'indiquer impérativement le n° de l'offre dans votre message, sans quoi votre demande ne pourra pas être traitée.",ODE,,,,,,,,K2104
202606023ce9,Agent polyvalent,1,ACTIVE,H3302,2025-01-06 11:00:00+11:00,OUVEA,CDD,0,0,0,false,4,false,false,true,2026-06-02 21:40:40+11:00,2026-06-19 15:00:10+11:00,,"<b> Agent Polyvalent</b> pour effectuer de l'archivage, de l'inventaire et intervenir sur le terrain. Titulaire d'un Baccalauréat, avoir des connaissances en informatique et dynamique. Un CDD de 2 semaines, <b>Lieu de travail:</b> OUVEA",,com-epife@epefip.nc,"Pour toute information complémentaire concernant cette offre d'emploi, vous pouvez contacter les conseillers de l'EPIFE à l'adresse suivante : <a href=""mailto:com-epife@epefip.nc?subject=Offre%20ODE%20%23145052%20-%20Agent%20polyvalent%20%28r%C3%A9f.%20Guichet%20202606023ce9%29"">com-epife@epefip.nc</a>. En cliquant sur ce lien, l'objet de votre message est automatiquement renseigné avec la référence de l'offre. Sinon, merci d'indiquer impérativement le n° de l'offre dans votre message, sans quoi votre demande ne pourra pas être traitée.",ODE,,,,,,,,H3302
202606025c57,Professeur / Professeure d'enseignement général des collèges -PEGC-,1,ACTIVE,K2107,2025-02-14 11:00:00+11:00,MARE,CDI,0,0,0,false,6,false,false,true,2026-06-02 21:40:40+11:00,2026-06-19 15:00:12+11:00,,"L’association Scolaire de l’Enseignement Protestant Maré Hnaran Taremen (ASEPMHT) recrute </1 Professeur d'anglais/espagnol (H/F) >sera chargé d'enseigner aux élèves ces 2 disciplines selon les programmes d'enseignement nationaux ; <diplôme de niveau 6 (BAC+3) en Licence Lettres étrangères appliquées> exigés complété par une expérience confirmée à un poste équivalent de 3 souhaité. Permis B souhaité. Logement fourni. CDI (19h/semaine). Lieu de travail : Tuo, Mare.",,com-epife@epefip.nc,"Pour toute information complémentaire concernant cette offre d'emploi, vous pouvez contacter les conseillers de l'EPIFE à l'adresse suivante : <a href=""mailto:com-epife@epefip.nc?subject=Offre%20ODE%20%23145500%20-%20Professeur%20%2F%20Professeure%20d%27enseignement%20g%C3%A9n%C3%A9ral%20des%20coll%C3%A8ges%20-PEGC-%20%28r%C3%A9f.%20Guichet%20202606025c57%29"">com-epife@epefip.nc</a>. En cliquant sur ce lien, l'objet de votre message est automatiquement renseigné avec la référence de l'offre. Sinon, merci d'indiquer impérativement le n° de l'offre dans votre message, sans quoi votre demande ne pourra pas être traitée.",ODE,,,,,,,,K2107
20260602065b,Caissier / Employé polyvalent en libre-service,1,ACTIVE,D1505,2025-02-11 11:00:00+11:00,LIFOU,CDD,0,0,0,false,SANS_DIPLOME,false,false,true,2026-06-02 21:40:40+11:00,2026-06-19 15:00:12+11:00,,"Tenue d'un poste de caisse, Approvisionnement et réassort des rayons, accueil client, enregistrements et encaissements des produits.
Expérience exigée : 2 ans dans un commerce d'alimentation",,com-epife@epefip.nc,"Pour toute information complémentaire concernant cette offre d'emploi, vous pouvez contacter les conseillers de l'EPIFE à l'adresse suivante : <a href=""mailto:com-epife@epefip.nc?subject=Offre%20ODE%20%23145566%20-%20Caissier%20%2F%20Employ%C3%A9%20polyvalent%20en%20libre-service%20%28r%C3%A9f.%20Guichet%2020260602065b%29"">com-epife@epefip.nc</a>. En cliquant sur ce lien, l'objet de votre message est automatiquement renseigné avec la référence de l'offre. Sinon, merci d'indiquer impérativement le n° de l'offre dans votre message, sans quoi votre demande ne pourra pas être traitée.",ODE,,,,,,,,D1505
2026060268e9,Assistant territorial / Assistante territoriale d'enseignement,1,ACTIVE,K2107,2025-03-17 11:00:00+11:00,LIFOU,CDD,0,0,0,false,SANS_DIPLOME,false,false,true,2026-06-02 21:40:40+11:00,2026-06-19 15:00:11+11:00,,"-      Poste d’assistant de langues vivantes étrangères (anglais)
-       La description des tâches ou missions liées au poste : organisation d’ateliers de conversation, soutien aux collégiens et lycéens. 
-       Le diplôme requis: être obligatoirement inscrit dans un cursus universitaire dans une université du pays d’origine, pas de diplôme minimum requis. 
-       L'expérience demandée en termes d'année : pas d’expérience particulière exigée.
-       Connaissances et compétences requises : maîtrise basique de la langue française.
-       Type et la durée du contrat : contrat de 7 mois ( mi-mars à mi-octobre 2025) dans le cadre du programme national et diplomatique d’échange d’assistants de langue vivante.
-       Lieu de travail : 
Collège Laura Boula Lifou et Lycée William Haudra Lifou
-       Horaires / Temps complet ou partiel : 12h par semaine.
-       Salaire : 180 000 cfp/ mois",,com-epife@epefip.nc,"Pour toute information complémentaire concernant cette offre d'emploi, vous pouvez contacter les conseillers de l'EPIFE à l'adresse suivante : <a href=""mailto:com-epife@epefip.nc?subject=Offre%20ODE%20%23145062%20-%20Assistant%20territorial%20%2F%20Assistante%20territoriale%20d%27enseignement%20%28r%C3%A9f.%20Guichet%202026060268e9%29"">com-epife@epefip.nc</a>. En cliquant sur ce lien, l'objet de votre message est automatiquement renseigné avec la référence de l'offre. Sinon, merci d'indiquer impérativement le n° de l'offre dans votre message, sans quoi votre demande ne pourra pas être traitée.",ODE,,,,,,,,K2107
20260602375a,Professeur de SVT & Physique Chimie,1,ACTIVE,K2107,2024-05-02 11:00:00+11:00,OUVEA,CDD,0,0,0,false,SANS_DIPLOME,false,false,true,2026-06-02 21:40:40+11:00,2026-06-19 15:00:10+11:00,,"<b>1 Enseignant de SVT & Physique Chimie (H/F)< /b> aura la charge de transmettre les connaissances et compétences se rapportant au programme de SVT & Physique Chimie au collège, prendre part aux activités organisées au sein de l’établissement, participer aux réunions pédagogiques et travailler en équipe.
<b>Diplôme requis< /b> : Licence en SVT ou Physique Chimie.
CDD à Mi-temps (9 heures) Lieu de travail : Collège Eben eza Ouvéa",,com-epife@epefip.nc,"Pour toute information complémentaire concernant cette offre d'emploi, vous pouvez contacter les conseillers de l'EPIFE à l'adresse suivante : <a href=""mailto:com-epife@epefip.nc?subject=Offre%20ODE%20%23144645%20-%20Professeur%20de%20SVT%20%26%20Physique%20Chimie%20%28r%C3%A9f.%20Guichet%2020260602375a%29"">com-epife@epefip.nc</a>. En cliquant sur ce lien, l'objet de votre message est automatiquement renseigné avec la référence de l'offre. Sinon, merci d'indiquer impérativement le n° de l'offre dans votre message, sans quoi votre demande ne pourra pas être traitée.",ODE,,,,,,,,K2107
20260602e20b,Agent polyvalent,1,ACTIVE,H3302,2024-12-16 11:00:00+11:00,OUVEA,CDD,0,0,0,false,4,false,false,true,2026-06-02 21:40:40+11:00,2026-06-19 15:00:11+11:00,,"<b> Agent Polyvalent</b> pour effectuer de l'archivage, de l'inventaire et intervenir sur le terrain. Titulaire d'un Baccalauréat, avoir des connaissances en informatique et dynamique. Un CDD de 2 semaines, <b>Lieu de travail:</b> OUVEA",,com-epife@epefip.nc,"Pour toute information complémentaire concernant cette offre d'emploi, vous pouvez contacter les conseillers de l'EPIFE à l'adresse suivante : <a href=""mailto:com-epife@epefip.nc?subject=Offre%20ODE%20%23145055%20-%20Agent%20polyvalent%20%28r%C3%A9f.%20Guichet%2020260602e20b%29"">com-epife@epefip.nc</a>. En cliquant sur ce lien, l'objet de votre message est automatiquement renseigné avec la référence de l'offre. Sinon, merci d'indiquer impérativement le n° de l'offre dans votre message, sans quoi votre demande ne pourra pas être traitée.",ODE,,,,,,,,H3302
202606023b34,Agent polyvalent,1,ACTIVE,H3302,2024-12-16 11:00:00+11:00,MARE,CDD,0,0,0,false,4,false,false,true,2026-06-02 21:40:40+11:00,2026-06-19 15:00:11+11:00,,"<b> Agent Polyvalent</b> pour aider les équipes, effectuer l'inventaire et des interventions sur chantiers. Avoir de bonne condition physique, des connaissances en informatique et dynamique. Un CDD de 2 semaines, <b>Lieu de travail:</b> MARE",,com-epife@epefip.nc,"Pour toute information complémentaire concernant cette offre d'emploi, vous pouvez contacter les conseillers de l'EPIFE à l'adresse suivante : <a href=""mailto:com-epife@epefip.nc?subject=Offre%20ODE%20%23145056%20-%20Agent%20polyvalent%20%28r%C3%A9f.%20Guichet%20202606023b34%29"">com-epife@epefip.nc</a>. En cliquant sur ce lien, l'objet de votre message est automatiquement renseigné avec la référence de l'offre. Sinon, merci d'indiquer impérativement le n° de l'offre dans votre message, sans quoi votre demande ne pourra pas être traitée.",ODE,,,,,,,,H3302
202606028c0a,Peintre en bâtiment,4,ACTIVE,F1606,2025-04-28 11:00:00+11:00,LIFOU,CDD,0,1,0,false,SANS_DIPLOME,false,false,true,2026-06-02 21:40:40+11:00,2026-06-19 15:00:14+11:00,,Embauche de 4 peintres en signalisation sur route CDD 1 MOIS - Peinture sur Route de la tribu de Mou à Kejënyi 98820 Commune de Lifou,,com-epife@epefip.nc,"Pour toute information complémentaire concernant cette offre d'emploi, vous pouvez contacter les conseillers de l'EPIFE à l'adresse suivante : <a href=""mailto:com-epife@epefip.nc?subject=Offre%20ODE%20%23145846%20-%20Peintre%20en%20b%C3%A2timent%20%28r%C3%A9f.%20Guichet%20202606028c0a%29"">com-epife@epefip.nc</a>. En cliquant sur ce lien, l'objet de votre message est automatiquement renseigné avec la référence de l'offre. Sinon, merci d'indiquer impérativement le n° de l'offre dans votre message, sans quoi votre demande ne pourra pas être traitée.",ODE,,,,,,,,F1606
20260602e629,Caissier / Caissière en libre-service,1,ACTIVE,D1505,2024-11-01 11:00:00+11:00,LIFOU,CDI,0,0,0,false,SANS_DIPLOME,false,false,true,2026-06-02 21:40:40+11:00,2026-06-19 15:00:11+11:00,,Employée polyvalente de commerce/ Caissière,,com-epife@epefip.nc,"Pour toute information complémentaire concernant cette offre d'emploi, vous pouvez contacter les conseillers de l'EPIFE à l'adresse suivante : <a href=""mailto:com-epife@epefip.nc?subject=Offre%20ODE%20%23145221%20-%20Caissier%20%2F%20Caissi%C3%A8re%20en%20libre-service%20%28r%C3%A9f.%20Guichet%2020260602e629%29"">com-epife@epefip.nc</a>. En cliquant sur ce lien, l'objet de votre message est automatiquement renseigné avec la référence de l'offre. Sinon, merci d'indiquer impérativement le n° de l'offre dans votre message, sans quoi votre demande ne pourra pas être traitée.",ODE,,,,,,,,D1505
20260602d625,Animateur / Animatrice d'espace multimédia,1,ACTIVE,G1202,2025-01-31 11:00:00+11:00,LIFOU,CDD,0,0,0,false,SANS_DIPLOME,false,false,true,2026-06-02 21:40:40+11:00,2026-06-19 15:00:12+11:00,,"L'association jeunesse informatique recherche un animateur/animatrice jeunesse et cyberespace titulaire d'un baccalauréat avec une maîtrise des outils informatiques, numériques et bureautique,  permis souhaité avec le BAFA.
les missions seraient : 
-  l'animation des ateliers autour du numérique et de l'informatique.
-  l'animation d'espace numérique
- l'animation d'ateliers jeunes. 
CDD à temps complet du lundi au jeudi de 07h45 à 16h30 et le vendredi de 07h45 à 15h30.",,com-epife@epefip.nc,"Pour toute information complémentaire concernant cette offre d'emploi, vous pouvez contacter les conseillers de l'EPIFE à l'adresse suivante : <a href=""mailto:com-epife@epefip.nc?subject=Offre%20ODE%20%23145499%20-%20Animateur%20%2F%20Animatrice%20d%27espace%20multim%C3%A9dia%20%28r%C3%A9f.%20Guichet%2020260602d625%29"">com-epife@epefip.nc</a>. En cliquant sur ce lien, l'objet de votre message est automatiquement renseigné avec la référence de l'offre. Sinon, merci d'indiquer impérativement le n° de l'offre dans votre message, sans quoi votre demande ne pourra pas être traitée.",ODE,,,,,,,,G1202
202606029ca1,Conseiller / Conseillère en organisation d'entreprise,1,ACTIVE,M1402,2024-12-26 11:00:00+11:00,LIFOU,CDD,0,0,0,false,SANS_DIPLOME,false,false,true,2026-06-02 21:40:40+11:00,2026-06-19 15:00:12+11:00,,"La Case de l'Entreprise -LABECO Recrute un(e) technicien (ne) PME/PMI sous CDD d'un an. Poste à pourvoi a compter du 10 février 2025 à Lifou.
Mission:  Sous la responsabilité de la direction le ou la technicien (ne) est chargé (e) du conseil et de l'accompagnement technico-économique des entreprises et des porteurs de projets économiques.
Tâches: Aide à la gestion RH des Adhérents  et à la saisie comptable.
Profil: Titulaire d'un BAc à BAc +2/ Expérience professionnelle souhaitée dans le domaine RH et ou l'analyse financière des projets économiques/ Maîtrise du Pack office.
Qualités: Organisé (e), méthodique et rigoureux (se)/ autonome et faisant preuve d'esprit de collaboration et  d'équipe.
Poste basé à Lifou  et requiert une certaine polyvalence.",,com-epife@epefip.nc,"Pour toute information complémentaire concernant cette offre d'emploi, vous pouvez contacter les conseillers de l'EPIFE à l'adresse suivante : <a href=""mailto:com-epife@epefip.nc?subject=Offre%20ODE%20%23145328%20-%20Conseiller%20%2F%20Conseill%C3%A8re%20en%20organisation%20d%27entreprise%20%28r%C3%A9f.%20Guichet%20202606029ca1%29"">com-epife@epefip.nc</a>. En cliquant sur ce lien, l'objet de votre message est automatiquement renseigné avec la référence de l'offre. Sinon, merci d'indiquer impérativement le n° de l'offre dans votre message, sans quoi votre demande ne pourra pas être traitée.",ODE,,,,,,,,M1402
2026060272cd,Manoeuvre bâtiment,4,ACTIVE,F1704,2024-04-18 11:00:00+11:00,MARE,CDD,0,0,0,false,3,false,false,true,2026-06-02 21:40:40+11:00,2026-06-19 15:00:10+11:00,,"L'OCEANIC ELECTRIC, recrute un manœuvre, un poste de CDC pour Maré. Localisation du poste Maré. Sous l'autorité du chef d'équipe, l'intéressé(e) exercera les missions suivantes :
Effectuer les travaux VRD de la société, fouilles, fondations, exécution de tranchées, conduite d'engins, tirage de câbles souterrains, pose de TPC, dépose et pose de murets technique et tous travaux de génie civils, ainsi que tous les travaux entrant dans le cadre des marchés de travaux traités par la société et tous types de travaux futurs; Préparer des matériaux; Réparation, d'entretien ou de démolition de bâtiments; Diverses tâches, simples ou ardues. 
Diplôme requis : BEP CAP Maintenance Industriel Mécanique... Connaissances et compétences requises (permis, langues, logiciel...) : Expérience dans la conduite d'engin, compétence en hydraulique, électronique, pneumatique serait un plus, connaissances techniques et mécaniques approfondies, esprit d'équipe, esprit d'analyse, de réflexion et d'observation pour détecter les pannes, rigueur, méthode et organisation. Permis B (exigés)",,com-epife@epefip.nc,"Pour toute information complémentaire concernant cette offre d'emploi, vous pouvez contacter les conseillers de l'EPIFE à l'adresse suivante : <a href=""mailto:com-epife@epefip.nc?subject=Offre%20ODE%20%23144598%20-%20Manoeuvre%20b%C3%A2timent%20%28r%C3%A9f.%20Guichet%202026060272cd%29"">com-epife@epefip.nc</a>. En cliquant sur ce lien, l'objet de votre message est automatiquement renseigné avec la référence de l'offre. Sinon, merci d'indiquer impérativement le n° de l'offre dans votre message, sans quoi votre demande ne pourra pas être traitée.",ODE,,,,,,,,F1704
202606021c4f,Assistant en formation des entreprises,1,ACTIVE,M1605,2024-06-24 11:00:00+11:00,LIFOU,CDD,0,3,0,false,5,false,false,true,2026-06-02 21:40:40+11:00,2026-06-19 15:00:10+11:00,,"LA CASE DE L'ENTREPRISE RECRUTE UNE ASSISTANTE EN FORMATION DES ENTREPRISES sous CDD de 3 mois - Poste à pouvoir à compter du 24 juin 2024.

La Case de l'entreprise-Labeco est une association de loi 1901 ayant pour vocation l'accompagnement des entreprises des îles Loyauté dans différents domaines (gestion, RH, Formation, fiscalité, social etc...)

Son siège social est situé à Wé-Lifou.

Missions: Sous la responsabilité de la direction, l'assistant(e) en formation des entreprises assurera les missions suivantes: 
- Participation à la réalisation, à la gestion administrative et logistique des formations programmées en étroite collaboration avec les partenaires
- Conseil et assistance des entreprises en activité dans le domaine de la formation
- Suivi et évaluation des actions de formation

Profil et connaissances requises:
- Titulaire d'une BAC à BAC+2
- Expérience professionnelle souhaitée dans la conduite d'actions de formation et dans le domaine RH
- Connaissance du droit du travail et de la formation notamment professionnelle et continue
- Maîtrise des outils informatiques et des nouvelles technologies
- Titulaire du Permis B

Qualités souhaitées:
- Organisé(e), méthodique, rigoureux(se)
- Autonome et faisant preuve d'esprit de collaboration et d'un sens de travail en équipe
- Capacités rédactionnelles et de communication",,com-epife@epefip.nc,"Pour toute information complémentaire concernant cette offre d'emploi, vous pouvez contacter les conseillers de l'EPIFE à l'adresse suivante : <a href=""mailto:com-epife@epefip.nc?subject=Offre%20ODE%20%23144715%20-%20Assistant%20en%20formation%20des%20entreprises%20%28r%C3%A9f.%20Guichet%20202606021c4f%29"">com-epife@epefip.nc</a>. En cliquant sur ce lien, l'objet de votre message est automatiquement renseigné avec la référence de l'offre. Sinon, merci d'indiquer impérativement le n° de l'offre dans votre message, sans quoi votre demande ne pourra pas être traitée.",ODE,,,,,,,,M1605
2026060216e6,Commis / Commise de cuisine de collectivité,1,ACTIVE,G1602,2025-02-20 11:00:00+11:00,LIFOU,CDD,0,0,0,false,4,false,false,true,2026-06-02 21:40:40+11:00,2026-06-19 15:00:12+11:00,,"L’intitulé du poste : Aide cuisinier
Le code ROME correspondant au poste recherché : ROME G1602
Le lieu de travail : Cantine du Collège Hnathalo - LIFOU
Missions du poste :
Sous la responsabilité du chef cuisiner, contribue au bon fonctionnement de la cuisine et participe à la préparation des repas selon le plan de production et les règles de sécurité alimentaires de l’établissement.
La description des principales activités liées au poste :
? Préparer le plan de travail, les ustensiles de cuisine et mettre en fonctionnement les équipements ;
? Exécuter des opérations préalables à la préparation des repas (déconditionnement, décontamination, transformation) ;
? Participer à la réalisation des recettes sous la tutelle des cuisiniers ;
? Dresser et assembler des préparations ;
? Gérer les départs (contrôle des températures, mise en containers, enregistrement de la traçabilité, gestion des envois) ;
? Réceptionner, contrôler et ventiler les marchandises ;
? Assurer le service au self selon le poste assigné par le responsable ;
? Procéder au nettoyage, au maintien en l’état et au rangement de la vaisselle, du matériel, des ustensiles de cuisine, des équipements et des locaux de cuisine ;
? Respecter scrupuleusement les protocoles d’hygiène et de sécurité ;
? Assurer le service du petit-déjeuner.
NB : cette liste d’activités est non exhaustive, elle est susceptible d’évoluer en fonction des besoins du service.
Le diplôme requis :
BAC PRO / BP / CAP Cuisine ou diplôme équivalent
L’expérience demandée :
Expérience professionnelle de 5 ans en cuisine de collectivité souhaitée",,com-epife@epefip.nc,"Pour toute information complémentaire concernant cette offre d'emploi, vous pouvez contacter les conseillers de l'EPIFE à l'adresse suivante : <a href=""mailto:com-epife@epefip.nc?subject=Offre%20ODE%20%23145606%20-%20Commis%20%2F%20Commise%20de%20cuisine%20de%20collectivit%C3%A9%20%28r%C3%A9f.%20Guichet%202026060216e6%29"">com-epife@epefip.nc</a>. En cliquant sur ce lien, l'objet de votre message est automatiquement renseigné avec la référence de l'offre. Sinon, merci d'indiquer impérativement le n° de l'offre dans votre message, sans quoi votre demande ne pourra pas être traitée.",ODE,,,,,,,,G1602
202606022f9b,Agent / Agente de propreté et d'hygiène,1,ACTIVE,K2204,2024-12-06 11:00:00+11:00,OUVEA,INTERMITTENT/SAISONNIER,0,0,0,false,SANS_DIPLOME,false,false,true,2026-06-02 21:40:40+11:00,2026-06-19 15:00:11+11:00,,"Nous recherchons <b>1 Agent de service</b> code ROME K224 pour effectuer des remplacements dans <b>l'unité de dialyse d'Ouvéa</b>. Disponibilité du poste : remplacements ponctuels. Missions : Assurer la propreté, le nettoyage et l'hygiène des locaux suivant les procédures d'hygiène et accueillir et prendre en charge le patient.
Le ou la candidat(e) doit être assidu(e) et consciencieux(se) et respecter les procédures d'hygiène propres à l'association.",,com-epife@epefip.nc,"Pour toute information complémentaire concernant cette offre d'emploi, vous pouvez contacter les conseillers de l'EPIFE à l'adresse suivante : <a href=""mailto:com-epife@epefip.nc?subject=Offre%20ODE%20%23145251%20-%20Agent%20%2F%20Agente%20de%20propret%C3%A9%20et%20d%27hygi%C3%A8ne%20%28r%C3%A9f.%20Guichet%20202606022f9b%29"">com-epife@epefip.nc</a>. En cliquant sur ce lien, l'objet de votre message est automatiquement renseigné avec la référence de l'offre. Sinon, merci d'indiquer impérativement le n° de l'offre dans votre message, sans quoi votre demande ne pourra pas être traitée.",ODE,f688aa8b-d76d-4266-8091-8120fe40fc5d,0325191001,ASSOCIATION POUR LA PREVENTION ET LE TRAITEMENT DE L'INSUFFISANCE RENALE EN NOUVELLE-CALEDONIE,ASSOCIATION LOI 1901 OU ASSIMILE,ASSOCIATION POUR LA PREVENTION ET LE TRAITEMENT DE L'INSUFFISANCE RENALE EN NOUVELLE-CALEDONIE,DUMBEA,43 boulevard Joseph Wamytan DSM,K2204
202606020ca9,Aide à domicile,1,ACTIVE,K1304,2025-06-30 11:00:00+11:00,LIFOU,CDD,0,0,0,false,SANS_DIPLOME,false,false,true,2026-06-02 21:40:40+11:00,2026-06-19 15:00:14+11:00,,"Recrute un aide à domicile à temps partiel titulaire du Permis B
Accompagnement
Cuisine
Aide à la toilette
Lieu de travail: Tribu de Hmeleck",,com-epife@epefip.nc,"Pour toute information complémentaire concernant cette offre d'emploi, vous pouvez contacter les conseillers de l'EPIFE à l'adresse suivante : <a href=""mailto:com-epife@epefip.nc?subject=Offre%20ODE%20%23146038%20-%20Aide%20%C3%A0%20domicile%20%28r%C3%A9f.%20Guichet%20202606020ca9%29"">com-epife@epefip.nc</a>. En cliquant sur ce lien, l'objet de votre message est automatiquement renseigné avec la référence de l'offre. Sinon, merci d'indiquer impérativement le n° de l'offre dans votre message, sans quoi votre demande ne pourra pas être traitée.",ODE,,,,,,,,K1304
20260602bc6b,Contrôleur du recensement général de la population 2025,2,ACTIVE,M1401,2024-12-27 11:00:00+11:00,LIFOU,CDD,0,0,0,false,SANS_DIPLOME,false,false,true,2026-06-02 21:40:40+11:00,2026-06-19 15:00:12+11:00,,"<b> 2 contrôleurs </b>pour encadrer une douzaine d’agents recenseur dont le travail consiste à recenser la population d’une zone géographique déterminée en interrogeant ses habitants à leur domicile à partir de questionnaires spécifiques, Repérage de la zone, accompagnement sur le terrain, contrôle de remplissage des questionnaires et des documents de gestion de la collecte, saisie informatisée de la collecte, suivi de l’avancement des travaux. Le contrôleur pourra également être associé au recrutement des agents recenseurs dont il aura la responsabilité, Minimum requis niveau Baccalauréat, Expérience d’encadrement appréciée, disponibilité, Bonne connaissance de la commune ou des tribus d’exercice de contrôle - Savoir utiliser un ordinateur – Permis de conduire en cours de validité – Aptitude à l’encadrement – Aptitude à se repérer sur une carte – Sens de l’organisation, méthode, et rigueur – Aptitude à rendre compte - Discrétion, ACDP à durée déterminée lieu de travail : LIFOU",,com-epife@epefip.nc,"Pour toute information complémentaire concernant cette offre d'emploi, vous pouvez contacter les conseillers de l'EPIFE à l'adresse suivante : <a href=""mailto:com-epife@epefip.nc?subject=Offre%20ODE%20%23145332%20-%20Contr%C3%B4leur%20du%20recensement%20g%C3%A9n%C3%A9ral%20de%20la%20population%202025%20%28r%C3%A9f.%20Guichet%2020260602bc6b%29"">com-epife@epefip.nc</a>. En cliquant sur ce lien, l'objet de votre message est automatiquement renseigné avec la référence de l'offre. Sinon, merci d'indiquer impérativement le n° de l'offre dans votre message, sans quoi votre demande ne pourra pas être traitée.",ODE,,,,,,,,M1401
202606025bfe,Directeur d'internat,1,ACTIVE,K2103,2024-02-14 11:00:00+11:00,LIFOU,CDI,0,0,0,false,SANS_DIPLOME,false,false,true,2026-06-02 21:40:40+11:00,2026-06-19 15:00:09+11:00,,"Le directeur d’internat assure la direction d’un internat et veille au bon fonctionnement de la vie de l’internat par la gestion des moyens mis à sa disposition en personnels et en ressources budgétaires. Il représente l’autorité hiérarchique dans l’internat et auprès des partenaires
ACTIVITES PRINCIPALES :
•	Animation et contrôle du suivi de l’activité éducative de l’internat 
•	Organisation des services de pension et de demi-pension 
•	Organisation et programmation des emplois du temps du personnel.
•	Élaboration du budget et gestion des moyens budgétaires et financiers en partenariat avec la tutelle hiérarchique…
•	Respect des normes d’hygiène et de sécurité 
•	Surveillance du bon état général des meubles et immeubles de l’internat.
COMPETENCES REQUISES :
SAVOIR
•	Réglementation en vigueur
•	Éléments de comptabilité publique 
•	Techniques de management
•	Statuts des agents techniques et des personnels de surveillance et d’éducation
•	Diversité des statuts des personnels d’internat.	SAVOIR FAIRE
•	Gérer du personnel 
•	Mettre l’ensemble de l’activité au service de la réussite scolaire et du bien-être des élèves 
•	Veiller à la sécurité et à l’épanouissement des élèves 
•	Évaluer les compétences du personnel 
•	Anticiper les charges de travail Construire des emplois du temps
•	Présider différentes réunions 
•	Élaborer, rédiger et mettre en œuvre un projet d’établissement 
•	Travailler en réseau avec les partenaires extérieurs 
•	Accueillir les parents et les élèves lors de l’inscription et en toutes circonstances pour la création d’un réel partenariat éducatif	COMPORTEMENTS PROFESSIONNELS
•	Vue d’ensemble, sens du service et prévenance 
•	Sensibilité à la sécurité et à l’épanouissement des élèves 
•	Sens de l’anticipation 
•	Sens des priorités 
•	Sens du contact social
CONDITIONS PARTICULIERES D’EXERCICE :
•	Exercice des fonctions possible dans des établissements de plus de 100 enfants 
•	Déplacements fréquents et nombreuses rencontres avec les partenaires 
•	Horaires de travail souvent irréguliers.
•	Des missions ponctuelles pourront lui être confiées en fonction des besoins de l’internat et de l’établissement à la demande du Chef d’établissement.
•	Astreintes administratives de logements possibles, même en dehors de l’activité scolaire 
•	« Ekalesia » Pratiquant Privilégier les relations coutumières/religieuses avec la paroisse mère et l’église protestante de kanaky nouvelle Calédonie.
•	Milieu potentiellement conflictuel.",,com-epife@epefip.nc,"Pour toute information complémentaire concernant cette offre d'emploi, vous pouvez contacter les conseillers de l'EPIFE à l'adresse suivante : <a href=""mailto:com-epife@epefip.nc?subject=Offre%20ODE%20%23144336%20-%20Directeur%20d%27internat%20%28r%C3%A9f.%20Guichet%20202606025bfe%29"">com-epife@epefip.nc</a>. En cliquant sur ce lien, l'objet de votre message est automatiquement renseigné avec la référence de l'offre. Sinon, merci d'indiquer impérativement le n° de l'offre dans votre message, sans quoi votre demande ne pourra pas être traitée.",ODE,,,,,,,,K2103
20260602ee31,Agent d'exploitation polyvalent,2,ACTIVE,N2203,2025-03-08 11:00:00+11:00,MARE,CDD,0,0,0,false,SANS_DIPLOME,false,false,true,2026-06-02 21:40:40+11:00,2026-06-19 15:00:13+11:00,,"<b> Agent d'exploitation polyvalent </b> réalise les missions suivantes :
- Assistance en escale (enregistrement, embarquement, débarquement, déchargement, ravitaillement, fret...) - Commercial (réservation vente de billets, promotion de la desserte, gestion des aléas...), Baccalauréat requis, 3 ans d'expériences souhaitées, permis B souhaité, maîtrise des logiciels bureautiques, CDD à temps partiel lieu de travail MARE",,com-epife@epefip.nc,"Pour toute information complémentaire concernant cette offre d'emploi, vous pouvez contacter les conseillers de l'EPIFE à l'adresse suivante : <a href=""mailto:com-epife@epefip.nc?subject=Offre%20ODE%20%23145618%20-%20Agent%20d%27exploitation%20polyvalent%20%28r%C3%A9f.%20Guichet%2020260602ee31%29"">com-epife@epefip.nc</a>. En cliquant sur ce lien, l'objet de votre message est automatiquement renseigné avec la référence de l'offre. Sinon, merci d'indiquer impérativement le n° de l'offre dans votre message, sans quoi votre demande ne pourra pas être traitée.",ODE,,,,,,,,N2203
2026060287cf,Agent d'exploitation polyvalent,2,ACTIVE,N2203,2025-02-28 11:00:00+11:00,LIFOU,CDD,0,0,0,false,SANS_DIPLOME,false,false,true,2026-06-02 21:40:40+11:00,2026-06-19 15:00:13+11:00,,"<b> Agent d'exploitation polyvalent </b> réalise les missions suivantes :
- Assistance en escale (enregistrement, embarquement, débarquement, déchargement, ravitaillement, fret...) - Commercial (réservation vente de billets, promotion de la desserte, gestion des aléas...), Baccalauréat requis, 3 ans d'expériences souhaitées, permis B souhaité, casier judicaire exempt de toutes mentions, maîtrise des logiciels bureautiques, CDD à temps partiel lieu de travail TIGA",,com-epife@epefip.nc,"Pour toute information complémentaire concernant cette offre d'emploi, vous pouvez contacter les conseillers de l'EPIFE à l'adresse suivante : <a href=""mailto:com-epife@epefip.nc?subject=Offre%20ODE%20%23145624%20-%20Agent%20d%27exploitation%20polyvalent%20%28r%C3%A9f.%20Guichet%202026060287cf%29"">com-epife@epefip.nc</a>. En cliquant sur ce lien, l'objet de votre message est automatiquement renseigné avec la référence de l'offre. Sinon, merci d'indiquer impérativement le n° de l'offre dans votre message, sans quoi votre demande ne pourra pas être traitée.",ODE,,,,,,,,N2203
20260602a17b,Conducteur / Conductrice de transport de particuliers,1,ACTIVE,N4102,2025-03-06 11:00:00+11:00,LIFOU,CDD,0,0,0,false,SANS_DIPLOME,false,false,true,2026-06-02 21:40:40+11:00,2026-06-19 15:00:13+11:00,,,,com-epife@epefip.nc,"Pour toute information complémentaire concernant cette offre d'emploi, vous pouvez contacter les conseillers de l'EPIFE à l'adresse suivante : <a href=""mailto:com-epife@epefip.nc?subject=Offre%20ODE%20%23145666%20-%20Conducteur%20%2F%20Conductrice%20de%20transport%20de%20particuliers%20%28r%C3%A9f.%20Guichet%2020260602a17b%29"">com-epife@epefip.nc</a>. En cliquant sur ce lien, l'objet de votre message est automatiquement renseigné avec la référence de l'offre. Sinon, merci d'indiquer impérativement le n° de l'offre dans votre message, sans quoi votre demande ne pourra pas être traitée.",ODE,,,,,,,,N4102
202606029b42,Aide-comptable,1,ACTIVE,M1203,2024-01-17 11:00:00+11:00,LIFOU,CDD,0,0,0,false,SANS_DIPLOME,false,false,true,2026-06-02 21:40:29+11:00,2026-06-19 15:00:04+11:00,,"""Mission"" :Sous la responsabilité de la Direction le ou l'aide comptable est chargé(e) d'effectuer les travaux d'enregistrement comptables d'un porte feuille de 25 à 30 clients.

Tâches:
 - Classement des documents comptables,
- Saisie informatique des documents comptables dans différents journaux ( achat, vente, trésorerie, salaire...)
-Établissement des états de rapprochement bancaire,
- Lettrage de comptes de tiers,
- Travaux de régularisation comptables,
- Aide à l'établissement des déclarations fiscales et sociales.

PROFIL : Titulaire d'un Bac + 2 en comptabilité/ Gestion.
Expérience professionnelle en cabinet comptable souhaitée.
Maitrise des logiciels xl compta, word, excel, power point et Outlook.

QUALITÉS souhaitées:
- Organisé(e), méthodique et rigoureux(se).
-Autonome et faisant preuve d'esprit de collaboration et d'un sens de travail en équipe.

Titulaire du Permis B

Poste basé à Lifou",,com-epife@epefip.nc,"Pour toute information complémentaire concernant cette offre d'emploi, vous pouvez contacter les conseillers de l'EPIFE à l'adresse suivante : <a href=""mailto:com-epife@epefip.nc?subject=Offre%20ODE%20%23144133%20-%20Aide-comptable%20%28r%C3%A9f.%20Guichet%20202606029b42%29"">com-epife@epefip.nc</a>. En cliquant sur ce lien, l'objet de votre message est automatiquement renseigné avec la référence de l'offre. Sinon, merci d'indiquer impérativement le n° de l'offre dans votre message, sans quoi votre demande ne pourra pas être traitée.",ODE,,,,,,,,M1203
20260602a59f,Gouvernant général / Gouvernante générale en hôtellerie,1,ACTIVE,G1503,2024-01-26 11:00:00+11:00,LIFOU,CDD,0,0,0,false,SANS_DIPLOME,false,false,true,2026-06-02 21:40:29+11:00,2026-06-19 15:00:05+11:00,,"Chef gouvernante: Catégorie Vi - prise de poste Septembre 2022 
CODE ROME : G1503 
Durée de résidence en NC : Moins de 3 ans 
Accord professionnel de la branche «°Hôtels, bars, cafés, restaurants et autres établissements similaires » 
Employé(e) répondant à la définition générale de la catégorie VI et aux critères qui y sont définis. 
- Gestion du matériel : linge (choix des fournisseurs), gestion des stocks, produits d'entretien, produits d'accueil, 
matériel, uniformes, mobilier. 
- Gestion du personnel : recrutement, formation, planification du personnel, organisation du travail. 
- Entretien et vérification des lieux supervisés : entretien et vérification du matériel, du mobilier et des locaux, 
planification des remises en état, planification des changements de décoration. 
- Gestion « service client » : prépare accueil V.I.P., gestion du pressing et nettoyage linge client, gestion des objets 
trouvés, garantie la qualité de la prestation. 
- Relations inter services : coordonne l'occupation avec la réception, détermine les objectifs avec la direction, détermine 
les travaux avec le service entretien, communique les clients douteux au service de sécurité et de réception",,com-epife@epefip.nc,"Pour toute information complémentaire concernant cette offre d'emploi, vous pouvez contacter les conseillers de l'EPIFE à l'adresse suivante : <a href=""mailto:com-epife@epefip.nc?subject=Offre%20ODE%20%23144204%20-%20Gouvernant%20g%C3%A9n%C3%A9ral%20%2F%20Gouvernante%20g%C3%A9n%C3%A9rale%20en%20h%C3%B4tellerie%20%28r%C3%A9f.%20Guichet%2020260602a59f%29"">com-epife@epefip.nc</a>. En cliquant sur ce lien, l'objet de votre message est automatiquement renseigné avec la référence de l'offre. Sinon, merci d'indiquer impérativement le n° de l'offre dans votre message, sans quoi votre demande ne pourra pas être traitée.",ODE,,,,,,,,G1503
20260602740f,Chef cuisinier / cuisinière,1,ACTIVE,G1601,2024-01-26 11:00:00+11:00,LIFOU,CDD,0,0,0,false,SANS_DIPLOME,false,false,true,2026-06-02 21:40:29+11:00,2026-06-19 15:00:05+11:00,,"Chef exécutif: Statut Cadre –
CODE ROME : G1601 
Durée de résidence en NC : Moins de 3 ans 
Accord professionnel de la branche «°Hôtels, bars, cafés, restaurants et autres établissements similaires » 
- Intègre, forme, encadre et coordonne l'équipe de cuisine, 
- Organise et gère l'ensemble du processus de production culinaire, 
- S'assure de la qualité des prestations culinaires servies et de la satisfaction du client, 
- Crée les fiches techniques, les cartes et menus, 
- Optimise la gestion des coûts de matière première, 
- Gère l’ensemble des dépenses liées au bon fonctionnement de la cuisine, 
- Supervise et contrôle les inventaires de fin de mois 
Garantit les normes d'hygiène et de sécurité dans l'ensemble de la cuisine,",,com-epife@epefip.nc,"Pour toute information complémentaire concernant cette offre d'emploi, vous pouvez contacter les conseillers de l'EPIFE à l'adresse suivante : <a href=""mailto:com-epife@epefip.nc?subject=Offre%20ODE%20%23144209%20-%20Chef%20cuisinier%20%2F%20cuisini%C3%A8re%20%28r%C3%A9f.%20Guichet%2020260602740f%29"">com-epife@epefip.nc</a>. En cliquant sur ce lien, l'objet de votre message est automatiquement renseigné avec la référence de l'offre. Sinon, merci d'indiquer impérativement le n° de l'offre dans votre message, sans quoi votre demande ne pourra pas être traitée.",ODE,,,,,,,,G1601
20260602da70,Assistant gouvernant / Assistante gouvernante en hôtellerie,1,ACTIVE,G1503,2024-01-26 11:00:00+11:00,LIFOU,CDD,0,0,0,false,SANS_DIPLOME,false,false,true,2026-06-02 21:40:29+11:00,2026-06-19 15:00:05+11:00,,"Assistante gouvernante: Catégorie Vi -
CODE ROME : G1503 
Durée de résidence en NC : Moins de 3 ans 
Accord professionnel de la branche «°Hôtels, bars, cafés, restaurants et autres établissements similaires » 
Employé(e) répondant à la définition générale de la catégorie VI et aux critères qui y sont définis. 
- Gestion du matériel : linge (choix des fournisseurs), gestion des stocks, produits d'entretien, produits d'accueil, 
matériel, uniformes, mobilier. 
- Gestion du personnel : recrutement, formation, planification du personnel, organisation du travail. 
- Entretien et vérification des lieux supervisés : entretien et vérification du matériel, du mobilier et des locaux, 
planification des remises en état, planification des changements de décoration. 
- Gestion « service client » : prépare accueil V.I.P., gestion du pressing et nettoyage linge client, gestion des objets 
trouvés, garantie la qualité de la prestation. 
- Relations inter services : coordonne l'occupation avec la réception, détermine les objectifs avec la direction, détermine 
les travaux avec le service entretien, communique les clients douteux au service de sécurité et de réception.",,com-epife@epefip.nc,"Pour toute information complémentaire concernant cette offre d'emploi, vous pouvez contacter les conseillers de l'EPIFE à l'adresse suivante : <a href=""mailto:com-epife@epefip.nc?subject=Offre%20ODE%20%23144205%20-%20Assistant%20gouvernant%20%2F%20Assistante%20gouvernante%20en%20h%C3%B4tellerie%20%28r%C3%A9f.%20Guichet%2020260602da70%29"">com-epife@epefip.nc</a>. En cliquant sur ce lien, l'objet de votre message est automatiquement renseigné avec la référence de l'offre. Sinon, merci d'indiquer impérativement le n° de l'offre dans votre message, sans quoi votre demande ne pourra pas être traitée.",ODE,,,,,,,,G1503
20260602860a,Premier commis / Première commise de cuisine,1,ACTIVE,G1602,2024-01-26 11:00:00+11:00,LIFOU,CDD,0,0,0,false,SANS_DIPLOME,false,false,true,2026-06-02 21:40:29+11:00,2026-06-19 15:00:05+11:00,,"Assistant chef exécutif: Catégorie VI – 
CODE ROME : G1601 
Durée de résidence en NC : Moins de 3 ans 
Accord professionnel de la branche «°Hôtels, bars, cafés, restaurants et autres établissements similaires » 
Employé(e) répondant à la définition générale de la catégorie VI et aux critères qui y sont définis. 
Selon la catégorie de l'établissement, l'ensemble des tâches peut être réalisé sous la responsabilité du directeur ou du 
responsable de la restauration. 
- Gestion du personnel : organisation du travail, formation du personnel. 
- Prépare et contrôle les plats. 
- Contrôle la finition, la qualité et la présentation des plats. 
- Etablissement des menus et des cartes. 
- Responsable de l'hygiène alimentaire et de la propreté de la cuisine. 
- Achat des marchandises. 
- Elaboration des fiches techniques. 
- Calcul du prix de revient. 
- Responsable de la bonne gestion des approvisionnements et maîtrise des coûts.",,com-epife@epefip.nc,"Pour toute information complémentaire concernant cette offre d'emploi, vous pouvez contacter les conseillers de l'EPIFE à l'adresse suivante : <a href=""mailto:com-epife@epefip.nc?subject=Offre%20ODE%20%23144210%20-%20Premier%20commis%20%2F%20Premi%C3%A8re%20commise%20de%20cuisine%20%28r%C3%A9f.%20Guichet%2020260602860a%29"">com-epife@epefip.nc</a>. En cliquant sur ce lien, l'objet de votre message est automatiquement renseigné avec la référence de l'offre. Sinon, merci d'indiquer impérativement le n° de l'offre dans votre message, sans quoi votre demande ne pourra pas être traitée.",ODE,,,,,,,,G1602
20260602d270,Professeur / Professeure de Mathématiques-Sciences,1,ACTIVE,K2109,2023-09-08 11:00:00+11:00,LIFOU,CDD,0,0,0,false,6,false,false,true,2026-06-02 21:40:29+11:00,2026-06-19 15:00:03+11:00,,"<b>1 Professeur de Mathématiques (H/F)</b> Enseignant du secondaire / Matière : MATHEMATIQUES
La description des principales tâches ou missions liées au poste :  Préparer les cours et établir la progression pédagogique au regard des référentiels de la discipline;  Concevoir les exercices, les travaux pratiques des élèves et évaluer leurs connaissances (épreuves, examens, devoirs, ...); Développer une démarche pédagogique en concordance avec le projet d’établissement;  Suivre et conseiller les élèves dans l'organisation de leur travail personnel; ? Participer aux instances de régulation (conseils de classe) et à la vie de l’établissement; Le diplôme requis (préciser s’il est souhaité ou exigé) : Minimum une Licence ou équivalence Spécialité : mathématique; L’expérience demandée en termes d’année (préciser si elle est souhaitée ou exigée) : ? Expérience dans l’enseignement souhaitable mais pas obligatoire
Les connaissances et compétences requises : Permis, Langues, Logiciels, etc;  Permis;  Connaissance du système éducatif;  Logiciels : Pack Office, Connaissance de l’application PRONOTE serait un atout
2/2. Le savoir-être ou les critères essentiels pour le poste :  Être à l’écoute; Etre bienveillant envers ses élèves; Capacité à s’adapter aux imprévus; Capacité à motiver les autres, et à travailler en équipe
; Etre disponible; Savoir gérer son stress; Capacité d’initiative;  Ponctualité
Le type et la durée du contrat (CDD, CDI …) : CDD
La date d’embauche prévue : au plus tôt
Le lieu de travail : LIFOU
Les horaires de travail / Temps complet ou partiel : Temps partiel à 16 heures
Les contraintes liées au poste :
Le salaire (ou une fourchette) : Selon grille",,com-epife@epefip.nc,"Pour toute information complémentaire concernant cette offre d'emploi, vous pouvez contacter les conseillers de l'EPIFE à l'adresse suivante : <a href=""mailto:com-epife@epefip.nc?subject=Offre%20ODE%20%23143478%20-%20Professeur%20%2F%20Professeure%20de%20Math%C3%A9matiques-Sciences%20%28r%C3%A9f.%20Guichet%2020260602d270%29"">com-epife@epefip.nc</a>. En cliquant sur ce lien, l'objet de votre message est automatiquement renseigné avec la référence de l'offre. Sinon, merci d'indiquer impérativement le n° de l'offre dans votre message, sans quoi votre demande ne pourra pas être traitée.",ODE,,,,,,,,K2109
202606029823,Assistant / Assistante de réception en établissement hôtelier,1,ACTIVE,G1703,2024-01-26 11:00:00+11:00,LIFOU,CDD,0,0,0,false,SANS_DIPLOME,false,false,true,2026-06-02 21:40:29+11:00,2026-06-19 15:00:04+11:00,,"Assistant chef de réception/ Réservation : 
CODE ROME : G1703 
Durée de résidence en NC : Moins de 3 ans 
Accord professionnel de la branche «°Hôtels, bars, cafés, restaurants et autres établissements similaires » 
- Employé(e) répondant à la définition générale de la catégorie VI et aux critères qui y sont définis. 
- Maîtrise parfaite des fonctions d'« Assistant(e) chef de réception » de la catégorie 5. 
- Responsable prévision et planification. 
- Peut-être en charge de la prospection de la clientèle et du développement des ventes. 
- Parfaite maîtrise de l'anglais.
Employé(e) répondant à la définition générale de la catégorie IV et aux critères qui y sont définis. 
- Accueil. 
- Formalités d'arrivées et de départ. 
- Réservation. 
- Planification. 
- Main courante. 
- Change. 
- Secrétariat. 
- Caisse. 
- Standard. 
- Prise des messages. 
- Informations pratiques, touristiques et culturelles. 
- Vente d'excursions. 
- Confirmation des vols passagers. 
- Parfaite connaissance de l'anglais indispensable.",,com-epife@epefip.nc,"Pour toute information complémentaire concernant cette offre d'emploi, vous pouvez contacter les conseillers de l'EPIFE à l'adresse suivante : <a href=""mailto:com-epife@epefip.nc?subject=Offre%20ODE%20%23144202%20-%20Assistant%20%2F%20Assistante%20de%20r%C3%A9ception%20en%20%C3%A9tablissement%20h%C3%B4telier%20%28r%C3%A9f.%20Guichet%20202606029823%29"">com-epife@epefip.nc</a>. En cliquant sur ce lien, l'objet de votre message est automatiquement renseigné avec la référence de l'offre. Sinon, merci d'indiquer impérativement le n° de l'offre dans votre message, sans quoi votre demande ne pourra pas être traitée.",ODE,,,,,,,,G1703
202606020bbb,Educateur sportif / Educatrice sportive,1,ACTIVE,G1204,2024-02-07 11:00:00+11:00,LIFOU,CDD,0,0,1,false,6,false,false,true,2026-06-02 21:40:29+11:00,2026-06-19 15:00:07+11:00,,"<B>Un(e) Educateur(rice) Sportif (ve) (enseignant du secondaire)</b> pour suivre et conseiller les élèves dans l'organisation de leur travail personnel, participer aux instances de régulation (conseils de classe) et à la vie de l’Établissement et développer une concordance avec le projet de l’Établissement, <b>Diplôme requis:</b> Au minimum avoir une licence ou l'équivalence, <b/>Licence STAPS mention <b>éducation et motricité exigé</b> + Attestation aquatique</b><b> Permis souhaité</b> <b>Lieu de travail</b>:  Collège de Nathalo Lifou",,com-epife@epefip.nc,"Pour toute information complémentaire concernant cette offre d'emploi, vous pouvez contacter les conseillers de l'EPIFE à l'adresse suivante : <a href=""mailto:com-epife@epefip.nc?subject=Offre%20ODE%20%23144269%20-%20Educateur%20sportif%20%2F%20Educatrice%20sportive%20%28r%C3%A9f.%20Guichet%20202606020bbb%29"">com-epife@epefip.nc</a>. En cliquant sur ce lien, l'objet de votre message est automatiquement renseigné avec la référence de l'offre. Sinon, merci d'indiquer impérativement le n° de l'offre dans votre message, sans quoi votre demande ne pourra pas être traitée.",ODE,,,,,,,,G1204
2026060281ff,Cuisinier (mi-temps),1,ACTIVE,G1602,2024-02-13 11:00:00+11:00,LIFOU,CDI,0,0,0,false,SANS_DIPLOME,false,false,true,2026-06-02 21:40:29+11:00,2026-06-19 15:00:08+11:00,,"L’agent d’office gère les activités de distribution des repas, participe à l’animation de la cantine aide les cuisiniers au niveau de la gestion du stock.

ACTIVITES PRINCIPALES :
•	Distribution et service des repas 
•	Réalisation et contrôle de la maintenance et de l’hygiène des locaux et du matériel 
•	Animation et pilotage de l’équipe 
•	Accueil des élèves
•	Participe à l’élaboration des ménus

COMPETENCES REQUISES
SAVOIR
•	Règles d’hygiène HAACP (Hazard Analysis and Critical Control Point) 
•	Techniques culinaires (bases) 
•	Principes de nettoyage et de désinfection 
•	Règles d’accueil • Techniques de manutention
•	Gestes d’urgence 
•	Besoins nutritionnel	SAVOIR FAIRE
•	Réaliser des préparations sur place 
•	Assurer le service des repas dans le respect des règles d’hygiène (plateau témoin, contrôle, maintien des températures, tenue obligatoire, application et surveillance du respect des procédures d’entretien des locaux et du matériel) 
•	Gérer les effectifs journaliers, passer les commandes 
•	Compléter les fiches « suiveuses » 
•	Réceptionner et gérer les produits d’entretien 
•	Organiser le travail journalier 
•	Repérer les dysfonctionnements et les signaler à la hiérarchie 
•	Appliquer les consignes de règles d’accueil 
•	Employer un langage correspondant à la mission éducative propre à l’emploi.	

COMPORTEMENT PROFESSIONNEL
•	Adopter une attitude éducative 
•	Rigueur 
•	Sens du travail en équipe 
•	Sens du contact avec les enfants
CONDITIONS PARTICULIERES D’EXERCICE
•	Station debout 
•	Horaires liés aux préparations et des services des repas 
•	Exposition aux nuisances sonores",,com-epife@epefip.nc,"Pour toute information complémentaire concernant cette offre d'emploi, vous pouvez contacter les conseillers de l'EPIFE à l'adresse suivante : <a href=""mailto:com-epife@epefip.nc?subject=Offre%20ODE%20%23144322%20-%20Cuisinier%20%28mi-temps%29%20%28r%C3%A9f.%20Guichet%202026060281ff%29"">com-epife@epefip.nc</a>. En cliquant sur ce lien, l'objet de votre message est automatiquement renseigné avec la référence de l'offre. Sinon, merci d'indiquer impérativement le n° de l'offre dans votre message, sans quoi votre demande ne pourra pas être traitée.",ODE,,,,,,,,G1602
20260602cac1,Directeur / Directrice de la gestion technique des bâtiments,1,ACTIVE,I1101,2022-05-02 11:00:00+11:00,LIFOU,CDD,0,0,0,false,SANS_DIPLOME,false,false,true,2026-06-02 21:40:29+11:00,2026-06-19 15:00:06+11:00,,"- Responsable de la conduite technique et de la maintenance des installations dans son hôtel, 
- Veille à la sécurité des personnes et des biens ainsi qu'à la qualité des équipements, 
- Assure le fonctionnement des installations de sécurité incendie, 
- Contrôle régulièrement les installations techniques, 
- Prépare et suit les plans d'action de la commission de sécurité et des bureaux de contrôle, 
- Met en place et suivre le plan de maintenance préventive, 
- Conseille le directeur de l'hôtel sur les besoins en interventions spécialisées, 
- Participe activement au confort des clients, 
- Suit les budgets d'investissement et les budgets maintenance (contrats, achats... ) et les relations avec les entreprises 
sous-traitantes, 
- Organise le travail du ou des agents de maintenance,",,com-epife@epefip.nc,"Pour toute information complémentaire concernant cette offre d'emploi, vous pouvez contacter les conseillers de l'EPIFE à l'adresse suivante : <a href=""mailto:com-epife@epefip.nc?subject=Offre%20ODE%20%23144246%20-%20Directeur%20%2F%20Directrice%20de%20la%20gestion%20technique%20des%20b%C3%A2timents%20%28r%C3%A9f.%20Guichet%2020260602cac1%29"">com-epife@epefip.nc</a>. En cliquant sur ce lien, l'objet de votre message est automatiquement renseigné avec la référence de l'offre. Sinon, merci d'indiquer impérativement le n° de l'offre dans votre message, sans quoi votre demande ne pourra pas être traitée.",ODE,,,,,,,,I1101
20260602f651,Surveillant / Surveillante d'internat,1,ACTIVE,K2104,2024-02-14 11:00:00+11:00,LIFOU,CDI,0,0,0,false,SANS_DIPLOME,false,false,true,2026-06-02 21:40:29+11:00,2026-06-19 15:00:08+11:00,,"L’adjoint d’éducation est chargé de l’organisation et de l’animation et de la surveillance éducative dans les internats, les établissements secondaires et les centres relevant des établissements de formation professionnelle.

ACTIVITES PRINCIPALES :
•	Suivi administratif dans l’internat : gestion des absences, contrôle des effectifs, des autorisations de sortie, de l’assiduité. 
•	Surveillance des élèves et de leurs mouvements dans le réfectoire, le dortoir, la cour et autres lieux confiés à la charge des adjoints d’éducation. 
•	Encadrement des enfants durant les activités périscolaires de l’établissement. 
•	Éducation et participation transversale au projet d’établissement avec une priorité de préoccupation pour la réussite scolaire. 
•	Implication dans les animations socioculturelles, sportives et dans les sorties à caractère pédagogique ou éducatif
COMPETENCES REQUISES
SAVOIR
•	Fonctionnement de l’établissement 
•	Objectifs et projets éducatifs de l’établissement 
•	Notions de psychologie des élèves 
•	Techniques de communication et d’animation de groupe	SAVOIR FAIRE
•	Écouter, savoir entendre 
•	Porter attention aux enfants
•	Élaborer un projet éducatif et mettre en œuvre des activités d’animation 
•	Prendre la responsabilité d’études prévues ou imprévues	COMPORTEMENT PROFESSIONNEL
Porter un intérêt soutenu à l’amélioration des chances de réussite des élèves 
Sens de l’écoute 
Sens du travail en équipe 
Calme et pondération 
Prévenance 
Sens des initiatives 
Sens du contact social 
Impartialité 
Respect de la confidentialité des informations
CONDITIONS PARTICULIERES D’EXERCICE
•	Affectation possible en internats et/ou en externat 
•	Conditions particulières d’exercices différentes selon que l’adjoint d’éducation soit affecté en internat : 
o	 Prise de service les dimanches soirs et jours fériés 
o	Service de nuit, de l’extinction des feux au lever des élèves 
•	Ou en externat :  
o	Horaires correspondant au temps scolaire 
•	Milieu potentiellement conflictuel 
•	Environnement professionnel comportant des nuisances sonores",,com-epife@epefip.nc,"Pour toute information complémentaire concernant cette offre d'emploi, vous pouvez contacter les conseillers de l'EPIFE à l'adresse suivante : <a href=""mailto:com-epife@epefip.nc?subject=Offre%20ODE%20%23144331%20-%20Surveillant%20%2F%20Surveillante%20d%27internat%20%28r%C3%A9f.%20Guichet%2020260602f651%29"">com-epife@epefip.nc</a>. En cliquant sur ce lien, l'objet de votre message est automatiquement renseigné avec la référence de l'offre. Sinon, merci d'indiquer impérativement le n° de l'offre dans votre message, sans quoi votre demande ne pourra pas être traitée.",ODE,,,,,,,,K2104
20260602f255,Manutentionnaire,1,ACTIVE,N1105,2022-12-02 11:00:00+11:00,LIFOU,CDD,21,1,0,false,4,false,false,true,2026-06-02 21:40:29+11:00,2026-06-19 15:00:03+11:00,,"Offre d’emploi pour DREHU SUPERMARKET

DREHU SUPERMARKET recherche 1 Manutentionnaire en logistique
Résumé : MANUTENTIONNAIRE pour assurer le réassort du magasin, le rangement des marchandises en dock et contrôler, pointer la marchandise entrante ; expérience exigée. Diplôme du baccalauréat exigé. CDD de 1 mois et 3 semaines. A LIFOU. A compter du 12 décembre 2022.",,com-epife@epefip.nc,"Pour toute information complémentaire concernant cette offre d'emploi, vous pouvez contacter les conseillers de l'EPIFE à l'adresse suivante : <a href=""mailto:com-epife@epefip.nc?subject=Offre%20ODE%20%23142134%20-%20Manutentionnaire%20%28r%C3%A9f.%20Guichet%2020260602f255%29"">com-epife@epefip.nc</a>. En cliquant sur ce lien, l'objet de votre message est automatiquement renseigné avec la référence de l'offre. Sinon, merci d'indiquer impérativement le n° de l'offre dans votre message, sans quoi votre demande ne pourra pas être traitée.",ODE,,,,,,,,N1105
20260602ee18,Chef de réception en hôtellerie,1,ACTIVE,G1703,2024-01-26 11:00:00+11:00,LIFOU,CDD,0,0,0,false,SANS_DIPLOME,false,false,true,2026-06-02 21:40:29+11:00,2026-06-19 15:00:04+11:00,,"Chef de réception : Catégorie VI – 
CODE ROME : G1703 
Durée de résidence en NC : Moins de 3 ans 
Accord professionnel de la branche «°Hôtels, bars, cafés, restaurants et autres établissements similaires » 
- Employé(e) répondant à la définition générale de la catégorie VI et aux critères qui y sont définis. 
- Maîtrise parfaite des fonctions d'« Assistant(e) chef de réception » de la catégorie 5. 
- Responsable prévision et planification. 
- Peut-être en charge de la prospection de la clientèle et du développement des ventes. 
- Parfaite maîtrise de l'anglais.",,com-epife@epefip.nc,"Pour toute information complémentaire concernant cette offre d'emploi, vous pouvez contacter les conseillers de l'EPIFE à l'adresse suivante : <a href=""mailto:com-epife@epefip.nc?subject=Offre%20ODE%20%23144201%20-%20Chef%20de%20r%C3%A9ception%20en%20h%C3%B4tellerie%20%28r%C3%A9f.%20Guichet%2020260602ee18%29"">com-epife@epefip.nc</a>. En cliquant sur ce lien, l'objet de votre message est automatiquement renseigné avec la référence de l'offre. Sinon, merci d'indiquer impérativement le n° de l'offre dans votre message, sans quoi votre demande ne pourra pas être traitée.",ODE,,,,,,,,G1703
20260602ce07,Enseignant du secondaire/ Matière : ARTS PLATIQUES,1,ACTIVE,B1101,2024-02-09 11:00:00+11:00,LIFOU,CDD,0,0,0,false,6,false,false,true,2026-06-02 21:40:29+11:00,2026-06-19 15:00:07+11:00,,"<b>Un(e) Enseignant(e) du secondaire/Matière ARTS PLASTIQUES</b> Afin de suivre et conseiller les élèves dans l'organisation de leur travail personnel, préparer et concevoir les cours et exercices et participer aux instances de régulation (conseils de classe) et à la vie de établissement.
<b>Diplôme requis </b>: Minimum une Licence ou équivalence Spécialité ARTS PLASTIQUES. Expérience dans l'enseignement souhaitable.
<b>Lieu de travail</b> : Collège de Nathalo LIFOU",,com-epife@epefip.nc,"Pour toute information complémentaire concernant cette offre d'emploi, vous pouvez contacter les conseillers de l'EPIFE à l'adresse suivante : <a href=""mailto:com-epife@epefip.nc?subject=Offre%20ODE%20%23144271%20-%20Enseignant%20du%20secondaire%2F%20Mati%C3%A8re%20%3A%20ARTS%20PLATIQUES%20%28r%C3%A9f.%20Guichet%2020260602ce07%29"">com-epife@epefip.nc</a>. En cliquant sur ce lien, l'objet de votre message est automatiquement renseigné avec la référence de l'offre. Sinon, merci d'indiquer impérativement le n° de l'offre dans votre message, sans quoi votre demande ne pourra pas être traitée.",ODE,,,,,,,,B1101
202606021937,Professeur / Professeure de mathématiques,1,ACTIVE,K2107,2024-02-12 11:00:00+11:00,LIFOU,CDD,0,0,0,false,6,false,false,true,2026-06-02 21:40:29+11:00,2026-06-19 15:00:04+11:00,,"Hnaizianu Alliance Scolaire recherche un professeur de Mathématiques pour effectuer 5H par semaine

Pré-requis obligatoire : Titulaire d'une Licence de Mathématiques /  SVT  / ou Physique -Chimie

Poste à pourvoir avant la rentrée scolaire du 12 février 2024",,com-epife@epefip.nc,"Pour toute information complémentaire concernant cette offre d'emploi, vous pouvez contacter les conseillers de l'EPIFE à l'adresse suivante : <a href=""mailto:com-epife@epefip.nc?subject=Offre%20ODE%20%23144132%20-%20Professeur%20%2F%20Professeure%20de%20math%C3%A9matiques%20%28r%C3%A9f.%20Guichet%20202606021937%29"">com-epife@epefip.nc</a>. En cliquant sur ce lien, l'objet de votre message est automatiquement renseigné avec la référence de l'offre. Sinon, merci d'indiquer impérativement le n° de l'offre dans votre message, sans quoi votre demande ne pourra pas être traitée.",ODE,,,,,,,,K2107
20260602bce5,Technicien / Technicienne de surface,1,ACTIVE,K2204,2024-02-05 11:00:00+11:00,LIFOU,CDI,0,0,0,false,SANS_DIPLOME,false,false,true,2026-06-02 21:40:29+11:00,2026-06-19 15:00:06+11:00,,"La technicienne de surface avec un profil plus accès à la plonge en restauration occupe un rôle important au sein de l’équipe de cuisine, en garantissant la propreté et l’hygiène irréprochable des ustensiles de cuisine, de la vaisselle, des couverts et des équipements utilisés pendant le service. Le plongeur exerce généralement ses fonctions dans la cantine scolaire.

<ACTIVITES PRINCIPALES> :

•	La technicienne de surface plongeuse est responsable du lavage manuel ou à l’aide de machines industrielles de la vaisselle, des couverts, des verres et des ustensiles utilisés pendant le service.
•	Elle doit veiller à ce que la vaisselle soit propre, débarrassée de tout résidu alimentaire et bien séchée.
•	Elle doit veiller à ce que les équipements soient propres et en bon état de fonctionnement.
•	Le plongeur est responsable de la collecte et de la gestion des déchets générés dans la cuisine.
•	Elle doit trier les déchets selon les consignes de recyclage et veiller à ce que les poubelles soient vidées régulièrement.
•	Elle doit également s’occuper de la gestion des produits de nettoyage pour tout l’internat.

<SAVOIR>
•	Connaissance des normes d’hygiène et de sécurité alimentaire.

<SAVOIR FAIRE>
•	Capacité à travailler de manière rapide et efficace pour répondre aux besoins de la cuisine.
•	Sens de l’organisation pour gérer efficacement le flux de vaisselle et d’équipements à nettoyer. 

COMPORTEMENT PROFESSIONNEL
•	Disponibilité
•	Discrétion
•	Esprit d’équipe et capacité à collaborer avec le reste de l’équipe de cuisine.
•	Souci du détail pour s’assurer que la vaisselle et les équipements sont propres et bien entretenus.

<CONDITIONS PARTICULIERES D’EXERCICE>:
•	Résistance physique pour effectuer des tâches de nettoyage répétitives. 
•	Activité en présence des usagers (espaces publics, ct..)ou en dehors des heures d’ouverture et d’accueil de l’établissement
•	Manipulation de détergents et des déchets courants.
•	Pénibilité physique",,com-epife@epefip.nc,"Pour toute information complémentaire concernant cette offre d'emploi, vous pouvez contacter les conseillers de l'EPIFE à l'adresse suivante : <a href=""mailto:com-epife@epefip.nc?subject=Offre%20ODE%20%23144245%20-%20Technicien%20%2F%20Technicienne%20de%20surface%20%28r%C3%A9f.%20Guichet%2020260602bce5%29"">com-epife@epefip.nc</a>. En cliquant sur ce lien, l'objet de votre message est automatiquement renseigné avec la référence de l'offre. Sinon, merci d'indiquer impérativement le n° de l'offre dans votre message, sans quoi votre demande ne pourra pas être traitée.",ODE,,,,,,,,K2204
2026060225a7,Ouvrier polyvalent / Ouvrière polyvalente d'entretien des bâtiments,5,ACTIVE,I1203,2024-02-07 11:00:00+11:00,LIFOU,CDD,0,0,0,false,SANS_DIPLOME,false,false,true,2026-06-02 21:40:29+11:00,2026-06-19 15:00:07+11:00,,"Ouvrier(e) polyvalent(e) de maintenance : Catégorie IV – prise de poste Septembre 2022 
CODE ROME : I1203 
Durée de résidence en NC : Au moins 10 ans 
Accord professionnel de la branche «°Hôtels, bars, cafés, restaurants et autres établissements similaires » 
Employé(e) répondant à la définition générale de la catégorie IV et aux critères qui y sont définis. 
- Travaux d'entretien généraux et de maintenance des bâtiments et des équipements. 
- Veille au bon fonctionnement des machines et du matériel utilisés (engins de terrain de golf, maintenance de service 
machine des moteurs de bateau, etc...).",,com-epife@epefip.nc,"Pour toute information complémentaire concernant cette offre d'emploi, vous pouvez contacter les conseillers de l'EPIFE à l'adresse suivante : <a href=""mailto:com-epife@epefip.nc?subject=Offre%20ODE%20%23144273%20-%20Ouvrier%20polyvalent%20%2F%20Ouvri%C3%A8re%20polyvalente%20d%27entretien%20des%20b%C3%A2timents%20%28r%C3%A9f.%20Guichet%202026060225a7%29"">com-epife@epefip.nc</a>. En cliquant sur ce lien, l'objet de votre message est automatiquement renseigné avec la référence de l'offre. Sinon, merci d'indiquer impérativement le n° de l'offre dans votre message, sans quoi votre demande ne pourra pas être traitée.",ODE,,,,,,,,I1203
20260602f933,Directeur / Directrice de la restauration,1,ACTIVE,G1402,2024-01-26 11:00:00+11:00,LIFOU,CDD,0,0,0,false,SANS_DIPLOME,false,false,true,2026-06-02 21:40:29+11:00,2026-06-19 15:00:05+11:00,,"Directeur(trice) de la restauration: Statut Cadre – 
CODE ROME : G1802 
Durée de résidence en NC : Moins de 3 ans 
Accord professionnel de la branche «°Hôtels, bars, cafés, restaurants et autres établissements similaires » 
Dans les structures ayant au moins deux restaurants et un bar. 
- Responsable de l'ensemble du pôle restauration de l'hôtel (le ou les restaurants, le ou les bars, le room-service et le 
service des banquets), 
- Dirige, coordonne et supervise l'ensemble du personnel dans ces services et participe à leur recrutement, 
Chargé de développer la rentabilité du restaurant, il élabore et contrôle le budget de fonctionnement des points de 
vente, gère les achats, participe à la création de la carte et à la fixation des prix des menus en collaboration avec le chef de 
cuisine et le directeur de l’hôtel.",,com-epife@epefip.nc,"Pour toute information complémentaire concernant cette offre d'emploi, vous pouvez contacter les conseillers de l'EPIFE à l'adresse suivante : <a href=""mailto:com-epife@epefip.nc?subject=Offre%20ODE%20%23144207%20-%20Directeur%20%2F%20Directrice%20de%20la%20restauration%20%28r%C3%A9f.%20Guichet%2020260602f933%29"">com-epife@epefip.nc</a>. En cliquant sur ce lien, l'objet de votre message est automatiquement renseigné avec la référence de l'offre. Sinon, merci d'indiquer impérativement le n° de l'offre dans votre message, sans quoi votre demande ne pourra pas être traitée.",ODE,,,,,,,,G1402
2026060289b2,Peintre en bâtiment,1,ACTIVE,F1606,2021-12-01 11:00:00+11:00,LIFOU,CDD,0,0,0,false,SANS_DIPLOME,false,false,true,2026-06-02 21:40:29+11:00,2026-06-19 15:00:01+11:00,,Peintre et ouvrier polyvalent du bâtiment,,com-epife@epefip.nc,"Pour toute information complémentaire concernant cette offre d'emploi, vous pouvez contacter les conseillers de l'EPIFE à l'adresse suivante : <a href=""mailto:com-epife@epefip.nc?subject=Offre%20ODE%20%23139956%20-%20Peintre%20en%20b%C3%A2timent%20%28r%C3%A9f.%20Guichet%202026060289b2%29"">com-epife@epefip.nc</a>. En cliquant sur ce lien, l'objet de votre message est automatiquement renseigné avec la référence de l'offre. Sinon, merci d'indiquer impérativement le n° de l'offre dans votre message, sans quoi votre demande ne pourra pas être traitée.",ODE,,,,,,,,F1606
202606028686,Employé de commerce,2,ACTIVE,D1505,2023-09-14 11:00:00+11:00,OUVEA,CDI,0,0,0,false,SANS_DIPLOME,false,false,true,2026-06-02 21:40:29+11:00,2026-06-19 15:00:03+11:00,,"<b>2 Hôtes de caisse polyvalents (H/F)</b>, seront chargés d’accueillir ; d’informer ; de tenir la caisse ; d’enregistrer ; d’encaisser. Honnêteté, sens de l’accueil, discrétion, soigneux, rigoureux, respectueux, ponctuel. Esprit d’équipe et polyvalence. Lieu de travail : Ouvéa",,com-epife@epefip.nc,"Pour toute information complémentaire concernant cette offre d'emploi, vous pouvez contacter les conseillers de l'EPIFE à l'adresse suivante : <a href=""mailto:com-epife@epefip.nc?subject=Offre%20ODE%20%23143498%20-%20Employ%C3%A9%20de%20commerce%20%28r%C3%A9f.%20Guichet%20202606028686%29"">com-epife@epefip.nc</a>. En cliquant sur ce lien, l'objet de votre message est automatiquement renseigné avec la référence de l'offre. Sinon, merci d'indiquer impérativement le n° de l'offre dans votre message, sans quoi votre demande ne pourra pas être traitée.",ODE,,,,,,,,D1505
20260602f95c,Responsable marketing,1,ACTIVE,M1705,2024-02-07 11:00:00+11:00,LIFOU,CDD,0,0,0,false,SANS_DIPLOME,false,false,true,2026-06-02 21:40:29+11:00,2026-06-19 15:00:08+11:00,,"Directeur(trice) marketing et ventes : STATUT CADRE – prise de poste JUIN 2022 
CODE ROME : M1706 // M1705 
Durée de résidence en NC : nil // au moins 3 ans 
Accord professionnel de la branche «°Hôtels, bars, cafés, restaurants et autres établissements similaires » 
- Assure la planification et la gestion des ventes de l’hôtel, 
- Maximise les revenus de l’hôtel pour atteindre et dépasser les objectifs de rentabilité, 
- Est garant(e) de toutes les activités commerciales, élabore et réalise le PAC (plan d'action commercial), 
- Mets au point de nouveaux programmes et de nouvelles stratégies et évalue l'efficacité de leur mise en place, 
- Prospecte de nouveaux clients et fidélise les clients existants, 
- Participe aux salons nationaux et internationaux et aux workshop, 
- Participe aux visites d'inspection, 
- Participe aux événements clients ponctuels organisés par l’Hôtel et son service, 
- Elabore et suit les actions marketing, 
- Supervise le service de réservation et des ventes, selon le type d'établissement, 
- Effectue les budgets des ventes de son périmètre et s'assure de leurs suivis, 
- Etc... 
Très bon niveau d’Anglais impératif pour communiquer avec les responsables S&M d’InterContinental en Australie",,com-epife@epefip.nc,"Pour toute information complémentaire concernant cette offre d'emploi, vous pouvez contacter les conseillers de l'EPIFE à l'adresse suivante : <a href=""mailto:com-epife@epefip.nc?subject=Offre%20ODE%20%23144276%20-%20Responsable%20marketing%20%28r%C3%A9f.%20Guichet%2020260602f95c%29"">com-epife@epefip.nc</a>. En cliquant sur ce lien, l'objet de votre message est automatiquement renseigné avec la référence de l'offre. Sinon, merci d'indiquer impérativement le n° de l'offre dans votre message, sans quoi votre demande ne pourra pas être traitée.",ODE,,,,,,,,M1705
2026060239ee,Agent / Agente d'entretien des collectivités,1,ACTIVE,I1203,2024-02-05 11:00:00+11:00,LIFOU,CDI,0,0,0,false,SANS_DIPLOME,false,false,true,2026-06-02 21:40:29+11:00,2026-06-19 15:00:06+11:00,,"L’agent d’entretien effectue, seul ou sous le contrôle d’un responsable, l’enchainement des travaux nécessaires au nettoyage et à l’entretien des espaces et des locaux de l’internat et du patrimoine de l’établissement scolaire.

ACTIVITES PRINCIPALES :

•	Nettoyage et diverses réparations des locaux administratifs, techniques, spécialisés (cantines, dortoirs, salles de réunions…) et des logements.
•	Entretien des espaces vertes…
•	Tri et Evacuation des déchets courants.
•	Contrôle de l’état de propreté des locaux. 
•	Entretien courant et rangement du matériel utilisé.
•	Contrôle de l’approvisionnement en matériels et produits.
COMPETENCES REQUISES
SAVOIR
•	Gestes et postures de la manutention manuelle.
•	Règles de sécurité d’hygiène des locaux.	SAVOIR FAIRE
•	Appliquer des règles de sécurité et d’hygiène en vigueur
•	Organiser méthodiquement le travail en fonction du planning et des consignes.	COMPORTEMENT PROFESSIONNEL
•	Disponibilité
•	Discrétion
CONDITIONS PARTICULIERES D’EXERCICE
•	Nombreux déplacements à l’intérieur du lieu d’intervention…
•	Activité en présence des usagers (espaces publics, ect...) ou en dehors des heures d’ouverture et d’accueil de l’établissement
•	Manipulation de détergents et des déchets courants.
•	Pénibilité physique",,com-epife@epefip.nc,"Pour toute information complémentaire concernant cette offre d'emploi, vous pouvez contacter les conseillers de l'EPIFE à l'adresse suivante : <a href=""mailto:com-epife@epefip.nc?subject=Offre%20ODE%20%23144247%20-%20Agent%20%2F%20Agente%20d%27entretien%20des%20collectivit%C3%A9s%20%28r%C3%A9f.%20Guichet%202026060239ee%29"">com-epife@epefip.nc</a>. En cliquant sur ce lien, l'objet de votre message est automatiquement renseigné avec la référence de l'offre. Sinon, merci d'indiquer impérativement le n° de l'offre dans votre message, sans quoi votre demande ne pourra pas être traitée.",ODE,,,,,,,,I1203
20260602e40c,Comptable,1,ACTIVE,M1203,2022-10-12 11:00:00+11:00,LIFOU,CDD,0,0,0,false,SANS_DIPLOME,false,false,true,2026-06-02 21:40:29+11:00,2026-06-19 15:00:02+11:00,,"La Mairie de Lifou est susceptible de recruter un COMPTABLE ; lieu de travail sur Lifou- service administratif ; type de contrat : CDD ; bonnes compétences en comptabilité publique notamment M14 et des règles budgétaires, connaissances des procédures administratives et des circuits administratifs et financiers ; titulaire du permis B. L'agent recruté aura pour mission : exécuter une partie du budget, la gestion des titres de recettes, et, gérer les relations avec les tiers.",,com-epife@epefip.nc,"Pour toute information complémentaire concernant cette offre d'emploi, vous pouvez contacter les conseillers de l'EPIFE à l'adresse suivante : <a href=""mailto:com-epife@epefip.nc?subject=Offre%20ODE%20%23141798%20-%20Comptable%20%28r%C3%A9f.%20Guichet%2020260602e40c%29"">com-epife@epefip.nc</a>. En cliquant sur ce lien, l'objet de votre message est automatiquement renseigné avec la référence de l'offre. Sinon, merci d'indiquer impérativement le n° de l'offre dans votre message, sans quoi votre demande ne pourra pas être traitée.",ODE,,,,,,,,M1203
2026060220de,Surveillante d'éducation,1,ACTIVE,K2104,2024-02-14 11:00:00+11:00,LIFOU,CDI,0,0,0,false,SANS_DIPLOME,false,false,true,2026-06-02 21:40:29+11:00,2026-06-19 15:00:09+11:00,,"DEFINITION SYNTHETIQUE :
La surveillante est chargée de la surveillance éducative, de l’animation, de l’accueil et de l’encadrement des enfants dans l’internat. Elle encadre et occupe les enfants par des activités ludiques diverses lors du temps de restauration scolaire et des services périscolaires ou extra-scolaires. 

ACTIVITES PRINCIPALES :

•	Surveillance des élèves et de leurs mouvements dans le réfectoire, le dortoir, la cour et autres lieux confiés à la charge des surveillants. 
•	Encadrement des enfants durant les activités périscolaires de l’établissement. 
•	Éducation et participation transversale au projet d’établissement avec une priorité de préoccupation pour la réussite scolaire. 
•	Implication dans les animations socioculturelles, sportives et dans les sorties à caractère pédagogique ou éducatif
COMPETENCES REQUISES
SAVOIR
•	Fonctionnement de l’établissement 
•	Objectifs et projets éducatifs de l’établissement 
•	Techniques de communication et d’animation de groupe	SAVOIR FAIRE
Écouter, savoir entendre 
Porter attention aux enfants
Élaborer un projet éducatif et mettre en œuvre des activités d’animation 
Prendre la responsabilité d’études prévues ou imprévues	•	Porter un intérêt soutenu à l’amélioration des chances de réussite des élèves 
•	Sens de l’écoute 
•	Sens du travail en équipe 
•	Calme et pondération 
•	Prévenance 
•	Sens des initiatives 
•	Sens du contact social 
•	Impartialité 
•	Respect de la confidentialité des informations
CONDITIONS PARTICULIERES D’EXERCICE
•	Affectation possible en internats et/ou en externat dans des établissements du second degré 
•	Conditions particulières d’exercices différentes selon que le surveillant d’éducation soit affecté en internat : 
o	 Prise de service les dimanches soirs et jours fériés 
o	Service de nuit, de l’extinction des feux au lever des élèves 
•	Ou en externat :  
o	Horaires correspondant au temps scolaire 
•	Milieu potentiellement conflictuel 
•	Environnement professionnel comportant des nuisances sonores",,com-epife@epefip.nc,"Pour toute information complémentaire concernant cette offre d'emploi, vous pouvez contacter les conseillers de l'EPIFE à l'adresse suivante : <a href=""mailto:com-epife@epefip.nc?subject=Offre%20ODE%20%23144333%20-%20Surveillante%20d%27%C3%A9ducation%20%28r%C3%A9f.%20Guichet%202026060220de%29"">com-epife@epefip.nc</a>. En cliquant sur ce lien, l'objet de votre message est automatiquement renseigné avec la référence de l'offre. Sinon, merci d'indiquer impérativement le n° de l'offre dans votre message, sans quoi votre demande ne pourra pas être traitée.",ODE,,,,,,,,K2104
20260602ce88,Second / Seconde de cuisine,1,ACTIVE,G1602,2024-01-26 11:00:00+11:00,LIFOU,CDD,0,0,0,false,SANS_DIPLOME,false,false,true,2026-06-02 21:40:29+11:00,2026-06-19 15:00:06+11:00,,"Assistant chef exécutif: Catégorie VI – 
CODE ROME : G1601 
Durée de résidence en NC : Moins de 3 ans 
Accord professionnel de la branche «°Hôtels, bars, cafés, restaurants et autres établissements similaires » 
Employé(e) répondant à la définition générale de la catégorie VI et aux critères qui y sont définis. 
Selon la catégorie de l'établissement, l'ensemble des tâches peut être réalisé sous la responsabilité du directeur ou du 
responsable de la restauration. 
- Gestion du personnel : organisation du travail, formation du personnel. 
- Prépare et contrôle les plats. 
- Contrôle la finition, la qualité et la présentation des plats. 
- Etablissement des menus et des cartes. 
- Responsable de l'hygiène alimentaire et de la propreté de la cuisine. 
- Achat des marchandises. 
- Elaboration des fiches techniques. 
- Calcul du prix de revient. 
- Responsable de la bonne gestion des approvisionnements et maîtrise des coûts.",,com-epife@epefip.nc,"Pour toute information complémentaire concernant cette offre d'emploi, vous pouvez contacter les conseillers de l'EPIFE à l'adresse suivante : <a href=""mailto:com-epife@epefip.nc?subject=Offre%20ODE%20%23144212%20-%20Second%20%2F%20Seconde%20de%20cuisine%20%28r%C3%A9f.%20Guichet%2020260602ce88%29"">com-epife@epefip.nc</a>. En cliquant sur ce lien, l'objet de votre message est automatiquement renseigné avec la référence de l'offre. Sinon, merci d'indiquer impérativement le n° de l'offre dans votre message, sans quoi votre demande ne pourra pas être traitée.",ODE,,,,,,,,G1602
2026060297c4,Infirmier / Infirmière en hémodialyse,1,ACTIVE,J1506,2023-01-26 11:00:00+11:00,LIFOU,CDI,0,0,0,false,5,false,false,true,2026-06-02 21:40:29+11:00,2026-06-19 15:00:03+11:00,,"Intitulé du poste et le nombre de postes à pourvoir : 1 INFIRMIER (E)

-Le code ROME correspondant au poste recherché : J 1506
-La description des tâches ou missions liées au poste : 
•	Concourir à la prise en charge médicale et paramédicale des patients en hémodialyse en regard des prescription médicales 
•	Participer à la prise en charge globale des patients 
•	Participer à la gestion de l’unité d’hémodialyse
-Le diplôme requis : DIPLÔME D'ÉTAT INFIRMIER EXIGÉ

-L'expérience demandée en termes d'année : 2 ANS MINIMUM

-Les connaissances et compétences requises : 
•	PERMIS B EXIGÉ 
•	expérience en dialyse serait un plus
-Le type et la durée du contrat : CDI
-Les horaires / Temps complet ou partiel : TEMPS COMPLET - 3 jours par semaine
-Le salaire : SELON GRILLE INDICIAIRE ATIR",,com-epife@epefip.nc,"Pour toute information complémentaire concernant cette offre d'emploi, vous pouvez contacter les conseillers de l'EPIFE à l'adresse suivante : <a href=""mailto:com-epife@epefip.nc?subject=Offre%20ODE%20%23142460%20-%20Infirmier%20%2F%20Infirmi%C3%A8re%20en%20h%C3%A9modialyse%20%28r%C3%A9f.%20Guichet%202026060297c4%29"">com-epife@epefip.nc</a>. En cliquant sur ce lien, l'objet de votre message est automatiquement renseigné avec la référence de l'offre. Sinon, merci d'indiquer impérativement le n° de l'offre dans votre message, sans quoi votre demande ne pourra pas être traitée.",ODE,f688aa8b-d76d-4266-8091-8120fe40fc5d,0325191001,ASSOCIATION POUR LA PREVENTION ET LE TRAITEMENT DE L'INSUFFISANCE RENALE EN NOUVELLE-CALEDONIE,ASSOCIATION LOI 1901 OU ASSIMILE,ASSOCIATION POUR LA PREVENTION ET LE TRAITEMENT DE L'INSUFFISANCE RENALE EN NOUVELLE-CALEDONIE,DUMBEA,43 boulevard Joseph Wamytan DSM,J1506
202606028807,Technicien / Technicienne d'entretien et de maintenance du bâtiment,1,ACTIVE,I1203,2024-02-07 11:00:00+11:00,LIFOU,CDD,0,0,0,false,SANS_DIPLOME,false,false,true,2026-06-02 21:40:29+11:00,2026-06-19 15:00:07+11:00,,,,com-epife@epefip.nc,"Pour toute information complémentaire concernant cette offre d'emploi, vous pouvez contacter les conseillers de l'EPIFE à l'adresse suivante : <a href=""mailto:com-epife@epefip.nc?subject=Offre%20ODE%20%23144270%20-%20Technicien%20%2F%20Technicienne%20d%27entretien%20et%20de%20maintenance%20du%20b%C3%A2timent%20%28r%C3%A9f.%20Guichet%20202606028807%29"">com-epife@epefip.nc</a>. En cliquant sur ce lien, l'objet de votre message est automatiquement renseigné avec la référence de l'offre. Sinon, merci d'indiquer impérativement le n° de l'offre dans votre message, sans quoi votre demande ne pourra pas être traitée.",ODE,,,,,,,,I1203
202606023e23,Aide-comptable,1,ACTIVE,M1203,2023-03-28 11:00:00+11:00,LIFOU,CDD,0,0,0,false,SANS_DIPLOME,false,false,true,2026-06-02 21:40:29+11:00,2026-06-19 15:00:03+11:00,,"""Mission"" :Sous la responsabilité de la Direction le ou l'aide comptable est chargé(e) d'effectuer les travaux d'enregistrement comptables d'un porte feuille de 25 clients.

Tâches:
 - Classement des documents comptables,
- Saisie informatique des documents comptables dans différents journaux ( achat, vente, trésorerie, salaire...)
-Établissement des états de rapprochement bancaire,
- Lettrage de comptes de tiers,
- Travaux de régularisation comptables,
- Établissement des déclarations fiscales et sociales.

PROFIL : Titulaire d'un Bac + 2 en comptabilité/ Gestion.
Expérience professionnelle en cabinet comptable souhaitée.
Maitrise des logiciels xl compta, word, excel, power point et Outlook.

QUALITÉS souhaitées:
- Organisé(e), méthodique et rigoureux(se).
-Autonome et faisant preuve d'esprit de collaboration et d'un sens de travail en équipe.",,com-epife@epefip.nc,"Pour toute information complémentaire concernant cette offre d'emploi, vous pouvez contacter les conseillers de l'EPIFE à l'adresse suivante : <a href=""mailto:com-epife@epefip.nc?subject=Offre%20ODE%20%23142743%20-%20Aide-comptable%20%28r%C3%A9f.%20Guichet%20202606023e23%29"">com-epife@epefip.nc</a>. En cliquant sur ce lien, l'objet de votre message est automatiquement renseigné avec la référence de l'offre. Sinon, merci d'indiquer impérativement le n° de l'offre dans votre message, sans quoi votre demande ne pourra pas être traitée.",ODE,,,,,,,,M1203
20260602e3ac,Réceptionniste en hôtellerie,1,ACTIVE,G1703,2024-01-26 11:00:00+11:00,LIFOU,CDD,0,0,0,false,SANS_DIPLOME,false,false,true,2026-06-02 21:40:29+11:00,2026-06-19 15:00:04+11:00,,"Réceptionniste polyvalent(e): Catégorie III – 
CODE ROME : G1703 
Durée de résidence en NC : Au moins 10 ans 
Accord professionnel de la branche «°Hôtels, bars, cafés, restaurants et autres établissements similaires » 
Employé(e) répondant à la définition générale de la catégorie III et aux critères qui y sont définis. 
- Accueil. 
- Formalités d'arrivées et de départ. 
- Réservation. 
- Planification. 
- Main courante. 
- Change. 
- Secrétariat. 
- Caisse. 
- Standard. 
- Prise des messages. 
- Informations pratiques, touristiques et culturelles. 
- Vente d'excursions. 
- Confirmation des vols passagers. 
- Anglais.",,com-epife@epefip.nc,"Pour toute information complémentaire concernant cette offre d'emploi, vous pouvez contacter les conseillers de l'EPIFE à l'adresse suivante : <a href=""mailto:com-epife@epefip.nc?subject=Offre%20ODE%20%23144203%20-%20R%C3%A9ceptionniste%20en%20h%C3%B4tellerie%20%28r%C3%A9f.%20Guichet%2020260602e3ac%29"">com-epife@epefip.nc</a>. En cliquant sur ce lien, l'objet de votre message est automatiquement renseigné avec la référence de l'offre. Sinon, merci d'indiquer impérativement le n° de l'offre dans votre message, sans quoi votre demande ne pourra pas être traitée.",ODE,,,,,,,,G1703
202606024975,Assistant / Assistante à la direction d'un restaurant,1,ACTIVE,G1401,2024-01-26 11:00:00+11:00,LIFOU,CDD,0,0,0,false,SANS_DIPLOME,false,false,true,2026-06-02 21:40:29+11:00,2026-06-19 15:00:05+11:00,,"Directeur(trice) de la restauration: Statut Cadre –
CODE ROME : G1802 
Durée de résidence en NC : Moins de 3 ans 
Accord professionnel de la branche «°Hôtels, bars, cafés, restaurants et autres établissements similaires » 
Dans les structures ayant au moins deux restaurants et un bar. 
- Responsable de l'ensemble du pôle restauration de l'hôtel (le ou les restaurants, le ou les bars, le room-service et le 
service des banquets), 
- Dirige, coordonne et supervise l'ensemble du personnel dans ces services et participe à leur recrutement, 
Chargé de développer la rentabilité du restaurant, il élabore et contrôle le budget de fonctionnement des points de 
vente, gère les achats, participe à la création de la carte et à la fixation des prix des menus en collaboration avec le chef de 
cuisine et le directeur de l’hôtel.",,com-epife@epefip.nc,"Pour toute information complémentaire concernant cette offre d'emploi, vous pouvez contacter les conseillers de l'EPIFE à l'adresse suivante : <a href=""mailto:com-epife@epefip.nc?subject=Offre%20ODE%20%23144206%20-%20Assistant%20%2F%20Assistante%20%C3%A0%20la%20direction%20d%27un%20restaurant%20%28r%C3%A9f.%20Guichet%20202606024975%29"">com-epife@epefip.nc</a>. En cliquant sur ce lien, l'objet de votre message est automatiquement renseigné avec la référence de l'offre. Sinon, merci d'indiquer impérativement le n° de l'offre dans votre message, sans quoi votre demande ne pourra pas être traitée.",ODE,,,,,,,,G1401
202606024cb7,Guichetier / Guichetière de la banque postale,1,ACTIVE,C1201,2023-12-11 11:00:00+11:00,LIFOU,CDD,0,0,0,false,SANS_DIPLOME,false,false,true,2026-06-02 21:40:29+11:00,2026-06-19 15:00:04+11:00,,,,com-epife@epefip.nc,"Pour toute information complémentaire concernant cette offre d'emploi, vous pouvez contacter les conseillers de l'EPIFE à l'adresse suivante : <a href=""mailto:com-epife@epefip.nc?subject=Offre%20ODE%20%23143955%20-%20Guichetier%20%2F%20Guicheti%C3%A8re%20de%20la%20banque%20postale%20%28r%C3%A9f.%20Guichet%20202606024cb7%29"">com-epife@epefip.nc</a>. En cliquant sur ce lien, l'objet de votre message est automatiquement renseigné avec la référence de l'offre. Sinon, merci d'indiquer impérativement le n° de l'offre dans votre message, sans quoi votre demande ne pourra pas être traitée.",ODE,,,,,,,,C1201
20260602e6fa,Cuisinier / Cantinier,1,ACTIVE,G1602,2024-02-05 11:00:00+11:00,LIFOU,CDI,0,0,0,false,SANS_DIPLOME,false,false,true,2026-06-02 21:40:29+11:00,2026-06-19 15:00:06+11:00,,"L’agent d’office gère les activités de distribution des repas, participe à l’animation de la cantine aide les cuisiniers au niveau de la gestion du stock.

ACTIVITES PRINCIPALES :
•	Distribution et service des repas 
•	Réalisation et contrôle de la maintenance et de l’hygiène des locaux et du matériel 
•	Animation et pilotage de l’équipe 
•	Accueil des élèves
•	Participe à l’élaboration des ménus

COMPETENCES REQUISES
SAVOIR
•	Règles d’hygiène HAACP (Hazard Analysis and Critical Control Point) 
•	Techniques culinaires (bases) 
•	Principes de nettoyage et de désinfection 
•	Règles d’accueil • Techniques de manutention
•	Gestes d’urgence 
•	Besoins nutritionnel	SAVOIR FAIRE
•	Réaliser des préparations sur place 
•	Assurer le service des repas dans le respect des règles d’hygiène (plateau témoin, contrôle, maintien des températures, tenue obligatoire, application et surveillance du respect des procédures d’entretien des locaux et du matériel) 
•	Gérer les effectifs journaliers, passer les commandes 
•	Compléter les fiches « suiveuses » 
•	Réceptionner et gérer les produits d’entretien 
•	Organiser le travail journalier 
•	Repérer les dysfonctionnements et les signaler à la hiérarchie 
•	Appliquer les consignes de règles d’accueil 
•	Employer un langage correspondant à la mission éducative propre à l’emploi.	

COMPORTEMENT PROFESSIONNEL
•	Adopter une attitude éducative 
•	Rigueur 
•	Sens du travail en équipe 
•	Sens du contact avec les enfants
CONDITIONS PARTICULIERES D’EXERCICE
•	Station debout 
•	Horaires liés aux préparations et des services des repas 
•	Exposition aux nuisances sonores",,com-epife@epefip.nc,"Pour toute information complémentaire concernant cette offre d'emploi, vous pouvez contacter les conseillers de l'EPIFE à l'adresse suivante : <a href=""mailto:com-epife@epefip.nc?subject=Offre%20ODE%20%23144248%20-%20Cuisinier%20%2F%20Cantinier%20%28r%C3%A9f.%20Guichet%2020260602e6fa%29"">com-epife@epefip.nc</a>. En cliquant sur ce lien, l'objet de votre message est automatiquement renseigné avec la référence de l'offre. Sinon, merci d'indiquer impérativement le n° de l'offre dans votre message, sans quoi votre demande ne pourra pas être traitée.",ODE,,,,,,,,G1602
202606028461,Cuisinier / Cantinier,1,ACTIVE,G1602,2024-02-14 11:00:00+11:00,LIFOU,CDI,0,0,0,false,SANS_DIPLOME,false,false,true,2026-06-02 21:40:29+11:00,2026-06-19 15:00:09+11:00,,"L’agent d’office gère les activités de distribution des repas, participe à l’animation de la cantine aide les cuisiniers au niveau de la gestion du stock.

ACTIVITES PRINCIPALES :
•	Distribution et service des repas 
•	Réalisation et contrôle de la maintenance et de l’hygiène des locaux et du matériel 
•	Animation et pilotage de l’équipe 
•	Accueil des élèves
•	Participe à l’élaboration des ménus

COMPETENCES REQUISES
SAVOIR
•	Règles d’hygiène HAACP (Hazard Analysis and Critical Control Point) 
•	Techniques culinaires (bases) 
•	Principes de nettoyage et de désinfection 
•	Règles d’accueil • Techniques de manutention
•	Gestes d’urgence 
•	Besoins nutritionnel	SAVOIR FAIRE
•	Réaliser des préparations sur place 
•	Assurer le service des repas dans le respect des règles d’hygiène (plateau témoin, contrôle, maintien des températures, tenue obligatoire, application et surveillance du respect des procédures d’entretien des locaux et du matériel) 
•	Gérer les effectifs journaliers, passer les commandes 
•	Compléter les fiches « suiveuses » 
•	Réceptionner et gérer les produits d’entretien 
•	Organiser le travail journalier 
•	Repérer les dysfonctionnements et les signaler à la hiérarchie 
•	Appliquer les consignes de règles d’accueil 
•	Employer un langage correspondant à la mission éducative propre à l’emploi.	

COMPORTEMENT PROFESSIONNEL
•	Adopter une attitude éducative 
•	Rigueur 
•	Sens du travail en équipe 
•	Sens du contact avec les enfants
CONDITIONS PARTICULIERES D’EXERCICE
•	Station debout 
•	Horaires liés aux préparations et des services des repas 
•	Exposition aux nuisances sonores",,com-epife@epefip.nc,"Pour toute information complémentaire concernant cette offre d'emploi, vous pouvez contacter les conseillers de l'EPIFE à l'adresse suivante : <a href=""mailto:com-epife@epefip.nc?subject=Offre%20ODE%20%23144334%20-%20Cuisinier%20%2F%20Cantinier%20%28r%C3%A9f.%20Guichet%20202606028461%29"">com-epife@epefip.nc</a>. En cliquant sur ce lien, l'objet de votre message est automatiquement renseigné avec la référence de l'offre. Sinon, merci d'indiquer impérativement le n° de l'offre dans votre message, sans quoi votre demande ne pourra pas être traitée.",ODE,,,,,,,,G1602
202606027e6d,Surveillant / Surveillante d'internat,1,ACTIVE,K2104,2024-02-14 11:00:00+11:00,LIFOU,CDI,0,0,0,false,SANS_DIPLOME,false,false,true,2026-06-02 21:40:29+11:00,2026-06-19 15:00:08+11:00,,"L’adjoint d’éducation est chargé de l’organisation et de l’animation et de la surveillance éducative dans les internats, les établissements secondaires et les centres relevant des établissements de formation professionnelle.

ACTIVITES PRINCIPALES :
•	Suivi administratif dans l’internat : gestion des absences, contrôle des effectifs, des autorisations de sortie, de l’assiduité. 
•	Surveillance des élèves et de leurs mouvements dans le réfectoire, le dortoir, la cour et autres lieux confiés à la charge des adjoints d’éducation. 
•	Encadrement des enfants durant les activités périscolaires de l’établissement. 
•	Éducation et participation transversale au projet d’établissement avec une priorité de préoccupation pour la réussite scolaire. 
•	Implication dans les animations socioculturelles, sportives et dans les sorties à caractère pédagogique ou éducatif
COMPETENCES REQUISES
SAVOIR
•	Fonctionnement de l’établissement 
•	Objectifs et projets éducatifs de l’établissement 
•	Notions de psychologie des élèves 
•	Techniques de communication et d’animation de groupe	SAVOIR FAIRE
•	Écouter, savoir entendre 
•	Porter attention aux enfants
•	Élaborer un projet éducatif et mettre en œuvre des activités d’animation 
•	Prendre la responsabilité d’études prévues ou imprévues	COMPORTEMENT PROFESSIONNEL
Porter un intérêt soutenu à l’amélioration des chances de réussite des élèves 
Sens de l’écoute 
Sens du travail en équipe 
Calme et pondération 
Prévenance 
Sens des initiatives 
Sens du contact social 
Impartialité 
Respect de la confidentialité des informations
CONDITIONS PARTICULIERES D’EXERCICE
•	Affectation possible en internats et/ou en externat 
•	Conditions particulières d’exercices différentes selon que l’adjoint d’éducation soit affecté en internat : 
o	 Prise de service les dimanches soirs et jours fériés 
o	Service de nuit, de l’extinction des feux au lever des élèves 
•	Ou en externat :  
o	Horaires correspondant au temps scolaire 
•	Milieu potentiellement conflictuel 
•	Environnement professionnel comportant des nuisances sonores",,com-epife@epefip.nc,"Pour toute information complémentaire concernant cette offre d'emploi, vous pouvez contacter les conseillers de l'EPIFE à l'adresse suivante : <a href=""mailto:com-epife@epefip.nc?subject=Offre%20ODE%20%23144330%20-%20Surveillant%20%2F%20Surveillante%20d%27internat%20%28r%C3%A9f.%20Guichet%20202606027e6d%29"">com-epife@epefip.nc</a>. En cliquant sur ce lien, l'objet de votre message est automatiquement renseigné avec la référence de l'offre. Sinon, merci d'indiquer impérativement le n° de l'offre dans votre message, sans quoi votre demande ne pourra pas être traitée.",ODE,,,,,,,,K2104
20260602f0e0,Assistant de langues vivantes étrangères (Anglais),1,ACTIVE,K2107,2024-03-18 11:00:00+11:00,LIFOU,CDD,0,7,0,false,SANS_DIPLOME,false,false,true,2026-06-02 21:40:29+11:00,2026-06-19 15:00:03+11:00,,"La Délégations Académiques aux Relations Européennes, Internationales et de Coopération (DAREIC) au Vice-Rectorat recrute un assistant de langues vivantes étrangères (Anglais). Un poste CDD pour le Lycée Williama Haudra et le collège Laura Boula à Lifou. Poste à pourvoir de 7 mois : Mi-mars 2024 à mi-octobre 2024) dans le cadre du programme national et diplomatique d'échange d'assistants de la langue vivante. Horaires/Temps complet ou partiel : 12h par semaine. L'intéréssé(e) exercera les missions suivantes : 
- Organisation d'ateliers de conversation
- Soutien aux collégiens et lycéens.
Diplôme requis : être obligatoirement inscrit dans un cursus universitaire dans une université du pays d'origine, pas de diplôme minimum requis. Pas d'expérience particulière exigée. Connaissances et compétences requises : maîtrise basique de la langue française.",,com-epife@epefip.nc,"Pour toute information complémentaire concernant cette offre d'emploi, vous pouvez contacter les conseillers de l'EPIFE à l'adresse suivante : <a href=""mailto:com-epife@epefip.nc?subject=Offre%20ODE%20%23143858%20-%20Assistant%20de%20langues%20vivantes%20%C3%A9trang%C3%A8res%20%28Anglais%29%20%28r%C3%A9f.%20Guichet%2020260602f0e0%29"">com-epife@epefip.nc</a>. En cliquant sur ce lien, l'objet de votre message est automatiquement renseigné avec la référence de l'offre. Sinon, merci d'indiquer impérativement le n° de l'offre dans votre message, sans quoi votre demande ne pourra pas être traitée.",ODE,,,,,,,,K2107
20260602e6e8,Esthéticien / Esthéticienne,1,ACTIVE,D1208,2024-02-07 11:00:00+11:00,LIFOU,CDD,0,0,0,false,SANS_DIPLOME,false,false,true,2026-06-02 21:40:29+11:00,2026-06-19 15:00:07+11:00,,"Responsable de spa ou de centre d'esthétique: Catégorie VI – prise de poste Septembre 2022 
CODE ROME :
Durée de résidence en NC : 
Accord professionnel de la branche «°Hôtels, bars, cafés, restaurants et autres établissements similaires » 
Exerçant des responsabilités d'encadrement et de direction 
Titulaire d'un BTS avec expérience. 
- Pratique des massages de bien-être ou de relaxation. 
- Maitrise l'accueil, le conseil et l'accompagnement. 
- Installe et réalise des massages. 
- Etc... 
Très bon niveau d’Anglais exigé pour communiquer avec les clients et InterContinental en Australie.",,com-epife@epefip.nc,"Pour toute information complémentaire concernant cette offre d'emploi, vous pouvez contacter les conseillers de l'EPIFE à l'adresse suivante : <a href=""mailto:com-epife@epefip.nc?subject=Offre%20ODE%20%23144275%20-%20Esth%C3%A9ticien%20%2F%20Esth%C3%A9ticienne%20%28r%C3%A9f.%20Guichet%2020260602e6e8%29"">com-epife@epefip.nc</a>. En cliquant sur ce lien, l'objet de votre message est automatiquement renseigné avec la référence de l'offre. Sinon, merci d'indiquer impérativement le n° de l'offre dans votre message, sans quoi votre demande ne pourra pas être traitée.",ODE,,,,,,,,D1208
20260602e6b4,Chef pâtissier / pâtissière de restaurant,1,ACTIVE,G1602,2024-01-26 11:00:00+11:00,LIFOU,CDD,0,0,0,false,SANS_DIPLOME,false,false,true,2026-06-02 21:40:29+11:00,2026-06-19 15:00:06+11:00,,"Chef Pâtissier : Catégorie V – prise de poste Septembre 2022 
CODE ROME : G1601 
Durée de résidence en NC : Moins de 3 ans 
Accord professionnel de la branche «°Hôtels, bars, cafés, restaurants et autres établissements similaires » 
Employé(e) répondant à la définition générale de la catégorie V et aux critères qui y sont définis. 
- Supervision de la créativité et de la production de service. 
- Conception de la carte des desserts et réalisation des préparations complexes. 
- Diplômé d’une école culinaire avec expérience professionnelle. 
- Aptitude à l'encadrement",,com-epife@epefip.nc,"Pour toute information complémentaire concernant cette offre d'emploi, vous pouvez contacter les conseillers de l'EPIFE à l'adresse suivante : <a href=""mailto:com-epife@epefip.nc?subject=Offre%20ODE%20%23144217%20-%20Chef%20p%C3%A2tissier%20%2F%20p%C3%A2tissi%C3%A8re%20de%20restaurant%20%28r%C3%A9f.%20Guichet%2020260602e6b4%29"">com-epife@epefip.nc</a>. En cliquant sur ce lien, l'objet de votre message est automatiquement renseigné avec la référence de l'offre. Sinon, merci d'indiquer impérativement le n° de l'offre dans votre message, sans quoi votre demande ne pourra pas être traitée.",ODE,,,,,,,,G1602
202606020fce,Directeur / Directrice du marketing,1,ACTIVE,M1705,2022-02-03 11:00:00+11:00,LIFOU,CDI,0,0,0,false,SANS_DIPLOME,false,false,true,2026-06-02 21:40:29+11:00,2026-06-19 15:00:02+11:00,,"GYGADEIX est susceptible de recruter un <b<Directeur (trice) de Ventes et de Marketing</b>pour l'Hôtel InterContinental Wadra Bay Lifou, pour un poste de CDI à temps complet à la tribu de Mou Lifou ; diplôme requis BAC +, ayant + de 5 ans d'expérience professionnelle  dans le domaine de la vente, du marketing et de la communication en Hôtellerie, avec une parfaite compréhension de l'anglais indispensable pour communiquer avec le groupe InterContinental basé en Australie ; ayant également des connaissances des logiciels et application de la maintenance aussi bien en français qu'en anglais.  Les missions seront : - Assure la planification et la gestion des ventes de l’hôtel, 
- Maximise les revenus de l’hôtel pour atteindre et dépasser les objectifs de rentabilité, 
- Est garant(e) de toutes les activités commerciales, élabore et réalise le PAC (plan d'action commercial), 
- Mets au point de nouveaux programmes et de nouvelles stratégies et évalue l'efficacité de leur mise en place, 
- Prospecte de nouveaux clients et fidélise les clients existants, 
- Participe aux salons nationaux et internationaux et aux workshop, 
- Participe aux visites d'inspection, 
- Participe aux événements clients ponctuels organisés par l’Hôtel et son service, 
- Elabore et suit les actions marketing, 
- Supervise le service de réservation et des ventes, selon le type d'établissement, 
- Effectue les budgets des ventes de son périmètre et s'assure de leurs suivis, 
- Etc... 
Très bon niveau d’Anglais impératif pour communiquer avec les responsables S&M d’InterContinental en Australie 
Compétences : 
? Adapter une campagne promotionnelle à une cible 
? Concevoir la campagne promotionnelle d'un produit 
? Déterminer les caractéristiques des supports publicitaires 
? Élaborer un budget prévisionnel 
? Suivre le déroulement d'une campagne promotionnelle 
? Apporter un appui technique lors du lancement d'une campagne promotionnelle 
? Analyser les résultats d'une campagne promotionnelle 
? Proposer des axes d'évolution 
? Réaliser la gestion des ressources humaines 
? Réaliser et mettre en œuvre une action promotionnelle 
? Négocier l'emplacement d'un produit 
? Négocier des promotions 
? Négocier des prix 
? Diriger un service, une structure 
? Coordonner l'activité d'une équipe 
? Définir une stratégie de marketing relationnel 
? Élaborer une stratégie de marketing digital 
? Définir une stratégie de développement de la marque employeur 
? Évaluer l'impact d'une stratégie marketing 
? Réaliser une étude marketing 
? Participer aux phases créatives d'un projet marketing 
? Concevoir des modèles de détection des insights consommateurs 
? Analyser les insights et les usages des consommateurs 
? Mesurer le Retour sur investissement (ROI) d'une action marketing 
? Mener une campagne d'e-mailing 
? Améliorer le positionnement d'un site web 
? Coordonner les opérations marketing d'un site Internet",,com-epife@epefip.nc,"Pour toute information complémentaire concernant cette offre d'emploi, vous pouvez contacter les conseillers de l'EPIFE à l'adresse suivante : <a href=""mailto:com-epife@epefip.nc?subject=Offre%20ODE%20%23140432%20-%20Directeur%20%2F%20Directrice%20du%20marketing%20%28r%C3%A9f.%20Guichet%20202606020fce%29"">com-epife@epefip.nc</a>. En cliquant sur ce lien, l'objet de votre message est automatiquement renseigné avec la référence de l'offre. Sinon, merci d'indiquer impérativement le n° de l'offre dans votre message, sans quoi votre demande ne pourra pas être traitée.",ODE,,,,,,,,M1705
20260602ecce,Agent / Agente de comptoir en location de véhicules,1,ACTIVE,D1204,2022-09-28 11:00:00+11:00,LIFOU,CDI,0,0,0,false,SANS_DIPLOME,false,false,true,2026-06-02 21:40:29+11:00,2026-06-19 15:00:02+11:00,,"ADA Location est susceptible de recruter un Agent administratif et comptoir; Lieu de travail : Lifou; avec un permis B à temps complet. La personne recrutée aura pour missions : l'accueil des clients, et la livraison de véhicules.",,com-epife@epefip.nc,"Pour toute information complémentaire concernant cette offre d'emploi, vous pouvez contacter les conseillers de l'EPIFE à l'adresse suivante : <a href=""mailto:com-epife@epefip.nc?subject=Offre%20ODE%20%23141723%20-%20Agent%20%2F%20Agente%20de%20comptoir%20en%20location%20de%20v%C3%A9hicules%20%28r%C3%A9f.%20Guichet%2020260602ecce%29"">com-epife@epefip.nc</a>. En cliquant sur ce lien, l'objet de votre message est automatiquement renseigné avec la référence de l'offre. Sinon, merci d'indiquer impérativement le n° de l'offre dans votre message, sans quoi votre demande ne pourra pas être traitée.",ODE,,,,,,,,D1204
20260602e173,Livreur / Livreuse,1,ACTIVE,N4105,2022-09-28 11:00:00+11:00,LIFOU,CDI,0,0,0,false,SANS_DIPLOME,false,false,true,2026-06-02 21:40:29+11:00,2026-06-19 15:00:02+11:00,,ADA Location est susceptible de recruter un Livreur/Préparateur de véhicules pour Lifou. Poste en CDI à temps partiel. La personne recrutée aura pour missions la préparation et la livraison des véhicules.,,com-epife@epefip.nc,"Pour toute information complémentaire concernant cette offre d'emploi, vous pouvez contacter les conseillers de l'EPIFE à l'adresse suivante : <a href=""mailto:com-epife@epefip.nc?subject=Offre%20ODE%20%23141724%20-%20Livreur%20%2F%20Livreuse%20%28r%C3%A9f.%20Guichet%2020260602e173%29"">com-epife@epefip.nc</a>. En cliquant sur ce lien, l'objet de votre message est automatiquement renseigné avec la référence de l'offre. Sinon, merci d'indiquer impérativement le n° de l'offre dans votre message, sans quoi votre demande ne pourra pas être traitée.",ODE,,,,,,,,N4105
20260602bad7,Technicien / Technicienne d'entretien et de maintenance du bâtiment,1,ACTIVE,I1203,2024-02-07 11:00:00+11:00,LIFOU,CDD,0,0,0,false,SANS_DIPLOME,false,false,true,2026-06-02 21:40:29+11:00,2026-06-19 15:00:07+11:00,,"Assistant directeur (trice) technique: Catégorie VI – prise de poste Aout 2022 
CODE ROME : I1203 
Durée de résidence en NC : Au moins 3 ans 
Accord professionnel de la branche «°Hôtels, bars, cafés, restaurants et autres établissements similaires » 
- Employé(e) répondant à la définition générale de la catégorie VI et aux critères qui y sont définis. 
- Responsable du service d'entretien et de maintenance de l'établissement. 
- Gestion plannings préventifs d'entretien et plannings de réparation. 
- Responsable des stocks d'appareils et de pièces de rechange. 
- Connaissances générales pour l'entretien de toutes les installations et bâtiments d'un hôtel.",,com-epife@epefip.nc,"Pour toute information complémentaire concernant cette offre d'emploi, vous pouvez contacter les conseillers de l'EPIFE à l'adresse suivante : <a href=""mailto:com-epife@epefip.nc?subject=Offre%20ODE%20%23144272%20-%20Technicien%20%2F%20Technicienne%20d%27entretien%20et%20de%20maintenance%20du%20b%C3%A2timent%20%28r%C3%A9f.%20Guichet%2020260602bad7%29"">com-epife@epefip.nc</a>. En cliquant sur ce lien, l'objet de votre message est automatiquement renseigné avec la référence de l'offre. Sinon, merci d'indiquer impérativement le n° de l'offre dans votre message, sans quoi votre demande ne pourra pas être traitée.",ODE,,,,,,,,I1203
202606029f6a,Responsable d'exploitation de site logistique,1,ACTIVE,N1302,2022-09-06 11:00:00+11:00,LIFOU,CDD,0,6,0,false,5,false,false,true,2026-06-02 21:40:29+11:00,2026-06-19 15:00:02+11:00,,"<b>Responsable d'exploitation Logistique<b/> La SODIL est susceptible de recruter un Responsable d'Exploitation Logistique. Votre mission : Le titulaire de la fonction aura pour mission d’organiser la gestion des flux de marchandises, superviser la réception des marchandises ou produits , organiser le stockage et mettre en œuvre les moyens techniques, humains assurer l’achat, la vente et la livraison des produits : – Superviser et planifier la réception, la préparation, le contrôle, la vente ou la livraison des 
produits en fonction des sites logistiques. – Gérer les coûts et assurer la gestion des indicateurs  économiques de l’unité, – Suivre et analyser les données d'activité du service ou de la structure et proposer des axes d'évolution– Manager les équipes logistiques, – Préparer les commandes et organiser la gestion des flux physiques , – Définir les besoins en ressources humaines et en matériels selon les périodes et les flux prévisionnels afin de subvenir aux besoins en capacité de l’entreprise,
Profil recherché : – Emploi accessible à partir d’un bac+2 ou d’un BTS ou DUT en logistique complété par une expérience professionnelle en gestion d’exploitation et logistique.– Bonne maitrise des normes et réglementations d’hygiène et de sécurité – Connaissance dans le domaine administratif– Maitrise des logiciels de gestion stocks/Word/Excel– Permis B; – Connaissance de la vie insulaire, – Leader / aisance en management; – Méthodique, organisé et rigoureux. Poste en CDD de 6 mois pouvant évoluer en CDI à temps plein, basé à Lifou à pourvoir le 1er Octobre 2022.",,com-epife@epefip.nc,"Pour toute information complémentaire concernant cette offre d'emploi, vous pouvez contacter les conseillers de l'EPIFE à l'adresse suivante : <a href=""mailto:com-epife@epefip.nc?subject=Offre%20ODE%20%23141613%20-%20Responsable%20d%27exploitation%20de%20site%20logistique%20%28r%C3%A9f.%20Guichet%20202606029f6a%29"">com-epife@epefip.nc</a>. En cliquant sur ce lien, l'objet de votre message est automatiquement renseigné avec la référence de l'offre. Sinon, merci d'indiquer impérativement le n° de l'offre dans votre message, sans quoi votre demande ne pourra pas être traitée.",ODE,,,,,,,,N1302
2026060211c5,Surveillante d'éducation,1,ACTIVE,K2104,2024-02-14 11:00:00+11:00,LIFOU,CDI,0,0,0,false,SANS_DIPLOME,false,false,true,2026-06-02 21:40:29+11:00,2026-06-19 15:00:08+11:00,,"DEFINITION SYNTHETIQUE :
La surveillante est chargée de la surveillance éducative, de l’animation, de l’accueil et de l’encadrement des enfants dans l’internat. Elle encadre et occupe les enfants par des activités ludiques diverses lors du temps de restauration scolaire et des services périscolaires ou extra-scolaires. 

ACTIVITES PRINCIPALES :

•	Surveillance des élèves et de leurs mouvements dans le réfectoire, le dortoir, la cour et autres lieux confiés à la charge des surveillants. 
•	Encadrement des enfants durant les activités périscolaires de l’établissement. 
•	Éducation et participation transversale au projet d’établissement avec une priorité de préoccupation pour la réussite scolaire. 
•	Implication dans les animations socioculturelles, sportives et dans les sorties à caractère pédagogique ou éducatif
COMPETENCES REQUISES
SAVOIR
•	Fonctionnement de l’établissement 
•	Objectifs et projets éducatifs de l’établissement 
•	Techniques de communication et d’animation de groupe	SAVOIR FAIRE
Écouter, savoir entendre 
Porter attention aux enfants
Élaborer un projet éducatif et mettre en œuvre des activités d’animation 
Prendre la responsabilité d’études prévues ou imprévues	•	Porter un intérêt soutenu à l’amélioration des chances de réussite des élèves 
•	Sens de l’écoute 
•	Sens du travail en équipe 
•	Calme et pondération 
•	Prévenance 
•	Sens des initiatives 
•	Sens du contact social 
•	Impartialité 
•	Respect de la confidentialité des informations
CONDITIONS PARTICULIERES D’EXERCICE
•	Affectation possible en internats et/ou en externat dans des établissements du second degré 
•	Conditions particulières d’exercices différentes selon que le surveillant d’éducation soit affecté en internat : 
o	 Prise de service les dimanches soirs et jours fériés 
o	Service de nuit, de l’extinction des feux au lever des élèves 
•	Ou en externat :  
o	Horaires correspondant au temps scolaire 
•	Milieu potentiellement conflictuel 
•	Environnement professionnel comportant des nuisances sonores",,com-epife@epefip.nc,"Pour toute information complémentaire concernant cette offre d'emploi, vous pouvez contacter les conseillers de l'EPIFE à l'adresse suivante : <a href=""mailto:com-epife@epefip.nc?subject=Offre%20ODE%20%23144332%20-%20Surveillante%20d%27%C3%A9ducation%20%28r%C3%A9f.%20Guichet%202026060211c5%29"">com-epife@epefip.nc</a>. En cliquant sur ce lien, l'objet de votre message est automatiquement renseigné avec la référence de l'offre. Sinon, merci d'indiquer impérativement le n° de l'offre dans votre message, sans quoi votre demande ne pourra pas être traitée.",ODE,,,,,,,,K2104
20260602d882,Maçon / Maçonne,1,ACTIVE,F1703,2020-08-10 11:00:00+11:00,LIFOU,CDD,0,0,0,false,SANS_DIPLOME,false,false,true,2026-06-02 21:40:28+11:00,2026-06-19 15:00:01+11:00,,La Société CALEDONIE TOITURE est susceptible de recruter un <b>Maçon OP2</b> ; Missions principales : tout corps d’état ; Diplôme souhaité : CAP/BEP/BAC PRO dans le secteur de la maçonnerie ; Expérience d'un an souhaitée ; titulaire du permis B ; pour un contrat CDD ; et lieu de travail : Lifou.,,com-epife@epefip.nc,"Pour toute information complémentaire concernant cette offre d'emploi, vous pouvez contacter les conseillers de l'EPIFE à l'adresse suivante : <a href=""mailto:com-epife@epefip.nc?subject=Offre%20ODE%20%23137543%20-%20Ma%C3%A7on%20%2F%20Ma%C3%A7onne%20%28r%C3%A9f.%20Guichet%2020260602d882%29"">com-epife@epefip.nc</a>. En cliquant sur ce lien, l'objet de votre message est automatiquement renseigné avec la référence de l'offre. Sinon, merci d'indiquer impérativement le n° de l'offre dans votre message, sans quoi votre demande ne pourra pas être traitée.",ODE,,,,,,,,F1703
202606029c52,Chargé / Chargée de mission développement territorial,1,ACTIVE,K1404,2021-11-26 11:00:00+11:00,LIFOU,CDD,0,0,0,false,SANS_DIPLOME,false,false,true,2026-06-02 21:40:28+11:00,2026-06-19 15:00:01+11:00,,,,com-epife@epefip.nc,"Pour toute information complémentaire concernant cette offre d'emploi, vous pouvez contacter les conseillers de l'EPIFE à l'adresse suivante : <a href=""mailto:com-epife@epefip.nc?subject=Offre%20ODE%20%23139951%20-%20Charg%C3%A9%20%2F%20Charg%C3%A9e%20de%20mission%20d%C3%A9veloppement%20territorial%20%28r%C3%A9f.%20Guichet%20202606029c52%29"">com-epife@epefip.nc</a>. En cliquant sur ce lien, l'objet de votre message est automatiquement renseigné avec la référence de l'offre. Sinon, merci d'indiquer impérativement le n° de l'offre dans votre message, sans quoi votre demande ne pourra pas être traitée.",ODE,,,,,,,,K1404
20260602ecd7,Mécanicien / Mécanicienne d'engins de chantier et de travaux publics,1,ACTIVE,I1603,2021-08-25 11:00:00+11:00,LIFOU,CDD,0,0,0,false,SANS_DIPLOME,false,false,true,2026-06-02 21:40:28+11:00,2026-06-19 15:00:01+11:00,,,,com-epife@epefip.nc,"Pour toute information complémentaire concernant cette offre d'emploi, vous pouvez contacter les conseillers de l'EPIFE à l'adresse suivante : <a href=""mailto:com-epife@epefip.nc?subject=Offre%20ODE%20%23139527%20-%20M%C3%A9canicien%20%2F%20M%C3%A9canicienne%20d%27engins%20de%20chantier%20et%20de%20travaux%20publics%20%28r%C3%A9f.%20Guichet%2020260602ecd7%29"">com-epife@epefip.nc</a>. En cliquant sur ce lien, l'objet de votre message est automatiquement renseigné avec la référence de l'offre. Sinon, merci d'indiquer impérativement le n° de l'offre dans votre message, sans quoi votre demande ne pourra pas être traitée.",ODE,,,,,,,,I1603
20260602c2e1,Cuisinier / Cuisinière,1,ACTIVE,G1602,2020-05-04 11:00:00+11:00,LIFOU,CDD,0,3,0,false,4,false,false,true,2026-06-02 21:40:27+11:00,2026-06-19 15:00:01+11:00,,"Recherche <b>Un cuisinier</b> pour confection de plats chauds, confection de plats froids et préparation de plats sur commande et avant commande; expérience professionnelle de plus de 1an souhaité; permis B souhaité; CDD de 3 mois puis CDI; lieu de travail : <b<Lifou-qanono</b>",,com-epife@epefip.nc,"Pour toute information complémentaire concernant cette offre d'emploi, vous pouvez contacter les conseillers de l'EPIFE à l'adresse suivante : <a href=""mailto:com-epife@epefip.nc?subject=Offre%20ODE%20%23137203%20-%20Cuisinier%20%2F%20Cuisini%C3%A8re%20%28r%C3%A9f.%20Guichet%2020260602c2e1%29"">com-epife@epefip.nc</a>. En cliquant sur ce lien, l'objet de votre message est automatiquement renseigné avec la référence de l'offre. Sinon, merci d'indiquer impérativement le n° de l'offre dans votre message, sans quoi votre demande ne pourra pas être traitée.",ODE,,,,,,,,G1602
20260531e8cc,Coiffeur / Coiffeuse mixte,1,ACTIVE,D1202,2026-07-01 00:00:00+11:00,NOUMEA,CDD,0,0,1,false,,false,false,false,2026-05-31 14:32:01+11:00,2026-05-31 14:32:01+11:00,,"recherche coiffeur avec 5 ans d expérience 
la case a coiffer a noumea",,,,,07204e03-5d2f-4668-8af2-b43753eebd2a,0948224001,MORGAR,SOCIETE A RESPONSABILITE LIMITEE (SARL),MORGAR,NOUMEA,15 rue Jules Garnier Orphelinat,
20260530c307,Assistant / Assistante de gestion commerciale,1,ACTIVE,D1401,2026-05-31 07:25:22+11:00,NOUMEA,CDD,0,0,0,true,4,true,false,false,2026-05-31 07:25:06+11:00,2026-05-31 07:25:06+11:00,Baccalauréa,"Secteur **cadeaux, presse, maroquinerie & papeterie.
**
Forte d’une expérience en gestion de produits, nous recherchons un poste d’assistant commercial.

Gestion commerciale : suivi des ventes, mise en avant des produits.

Relation client : accueil, conseil, gestion des demandes spécifiques.

Merchandising : mise en rayon, valorisation des produits variés.
Polyvalence : gestion de caisse, inventaire.

Contrat de 17h00 / semaine
Semaine A: Jeudi et samedi 13h00 - 19 h00
Semaine B: Samedi: 7h00 - 19 h00 et dimanche 7h00 - 12h00",,,,,9fec7fce-23fe-4adf-acb9-c105747e6a76,0622506001,LA VERNONNAISE,SOCIETE A RESPONSABILITE LIMITEE (SARL),LA VERNONNAISE,NOUMEA,224 rue Jacques Iékawé PK 6 Centre commercial La Belle Vie,
20260529007c,Technicien / Technicienne en hygiéne et environnement,2,ACTIVE,H1303,2026-08-17 00:00:00+11:00,NOUMEA,CDIC,0,17,0,false,5,false,false,false,2026-05-29 13:33:41+11:00,2026-05-29 13:33:41+11:00,BTS / DUT dans le domaine HSE,"Nous recherchons activement deux Technicien(ne)s HSE - H/F afin d’agrandir nos équipes et travailler sur des projets d’envergure.
Dans ce contexte, votre mission consistera à :
	Animation des Toolbox / Quart d’heure Sécurité HSE
	Visites d’Inspection
	Support aux analyses de risques
	Mise en œuvre et suivi des actions de prévention des risques
	Mise en application des procédures HSE",,,,,6cdc135e-f505-4aa7-8c74-3463195cbdc4,1327352001,EASY SKILL,SOCIETE PAR ACTIONS SIMPLIFIEE (SAS),EASY SKILL,NOUMEA,24 rue de la République Centre Ville,
20260528ab29,Employé / Employée de ménage,1,ACTIVE,K1304,2026-05-29 00:00:00+11:00,DUMBEA,CDD,0,0,0,false,SANS_DIPLOME,false,false,false,2026-05-29 09:58:19+11:00,2026-05-29 09:58:19+11:00,,"## Mon offre d'emploi

Recherche Femme de ménage",,,,,6951430e-a83b-4fc4-9d99-b3f61884ec68,,,,,,,
202605286c24,Gestionnaire comptable,1,ACTIVE,M1203,2026-05-29 09:26:37+11:00,NOUMEA,CDI,0,0,0,false,5,true,true,true,2026-05-29 09:26:28+11:00,2026-05-29 09:26:28+11:00,,"## Mon offre d'emploi

Vous aurez en charge la gestion comptable d’un portefeuille de copropriétés, sous l’autorité et dans le cadre des instructions données par l’employeur.

Les tâches rattachées à cette fonction sont notamment les suivantes :

-	Accueil physique de la clientèle
-	Encaissement et règlement des différents intervenants (copropriétaires, fournisseurs)
-	Classement des documents, gestion des archivages
-	Opérations bancaires (saisie, dépôts, génération des prélèvements, virements, rapprochement bancaire))
-	Préparation et envoi des appels de fonds (charges courantes et exceptionnelles, travaux)
-	Gestion des emprunts (saisie tableaux amortissement, préparation des masques comptables, génération des appels de fonds)
-	Traitement des décisions d’assemblées générales (saisie des nouveaux budgets charges courantes et budgets travaux votés, saisie de toutes décisions d’assemblée générale relatives aux éléments financiers)
-	Gestion des comptes épargnes des syndicats
-	Suivi comptable et financier des Syndicats
-	Relation avec les copropriétaires, les fournisseurs
-	Préparation et analyse des bilans annuels des copropriétés (état des charges, répartition, documents rendus obligatoires par la réglementation applicable, etc)
-	Elaboration des budgets en concertation avec le gestionnaire
-	Préparation et génération des attestations fiscales, des états de charges annuels
-	Relation avec les organismes bancaires

Vous êtes consciencieux(se), sérieux(se), motivé€ et aimez le travail en équipe.
Vous disposez d’une expérience dans la gestion immobilière
Vous disposez d’un véhicule (obligatoire)
La maîtrise du logiciel métier CRYPTO serait un plus",,,,,b6f1d03c-b114-4973-ad58-4f00b05a1356,1369362001,GAUTIER IMMOBILIER,SOCIETE A RESPONSABILITE LIMITEE (SARL),GAUTIER IMMOBILIER,NOUMEA,142 rue Auguste Bénébig Magenta IMMEUBLE RENAISSANCE,
2026052848c9,Employé / Employée de rayon,5,ACTIVE,D1507,,NOUMEA,CDD,0,3,0,false,SANS_DIPLOME,false,false,false,2026-05-28 17:27:54+11:00,2026-05-28 17:27:54+11:00,,"Société recrute des merchandiseurs en GMS.
Mise en rayon de produits, gestion FIFO & DLC/DLUO, gestion des mises en avant
Basé sur le Grand Nouméa, disponible du lundi au samedi. 

- Rigoureux
- Polyvalent
- Disponible tôt le matin

Expérience en merchandising et/ou vente appréciée. 
Permis B + Véhicule obligatoire. 

CDD à temps partiel pouvant débouché sur un CDI
Candidature à envoyer par mail",,,,,b02e933d-25e2-46bd-9215-aa489ce97b02,1466697001,SMDI SERVICES,SOCIETE A RESPONSABILITE LIMITEE (SARL),SMDI SERVICES,MONT-DORE,20 impasse des Caoutchoucs Robinson,
2026052849fa,Opérateur / Opératrice de production en industrie alimentaire,1,ACTIVE,H2105,2026-05-28 14:16:33+11:00,NOUMEA,CDI,0,0,0,false,,true,false,false,2026-05-28 14:16:28+11:00,2026-05-28 14:16:28+11:00,,,,,,,bf32af5b-0c90-449e-9e1a-d74409cefa91,1494871002,RECYF,SOCIETE A RESPONSABILITE LIMITEE UNIPERSONNELLE (SARLU),,NOUMEA,60 avenue James Cook Île Nou Port autonome,
20260528d1cd,Educateur sportif / Educatrice sportive en natation,1,ACTIVE,G1224,2026-08-03 00:00:00+11:00,DUMBEA,CDD,0,6,0,false,,true,false,false,2026-05-28 12:01:25+11:00,2026-05-28 12:01:25+11:00,DEJEPS ou Licence ou MSN niv 5,"## Mon offre d'emploi
Vous disposez d'une expérience en natation et une connaissance du milieu associatif.
Vous avez déjà exercé une activité d'entraîneur en club pendant plus de 4 ans. 
Vous êtes volontaire, enthousiaste, aimant relevé des défis. 
Vous avez envie de développer une structure et avec des idées à revendre. 
Vous avez des valeurs de respects, d'humilité, et à cœur le bien-être des nageurs, tout en les accompagnant à donner le meilleur d'eux même. 
Rejoignez nous!
**Emploi en CDD de 6 à 12 mois, avec possibilité de CDI**",,,,,7f9dbf5a-f00a-45cc-82ed-bd3f8c758482,0833517001,DUMBEA NATATION,ASSOCIATION LOI 1901 OU ASSIMILE,DUMBEA NATATION,DUMBEA,1 rue du Centre Lot Fsh Koutio,
20260527e033,Juriste de contentieux,1,ACTIVE,K1903,2026-05-28 10:59:17+11:00,NOUMEA,CDI,0,0,0,false,7,false,false,false,2026-05-28 10:58:27+11:00,2026-05-28 10:58:27+11:00,,"Aboro Consulting recrute pour son client, UN JURISTE (H/F)

Rattaché(e) à la direction des recouvrements et contentieux, vous êtes garant(e) des missions suivantes : 
•	Assurer un rôle d’expertise juridique et contribuer par ses conseils aux prises de décision,
•	Représenter et défendre les intérêts de la Caisse notamment dans le cadre des contentieux judiciaires intéressant la Branche Recouvrement,
•	Assurer une veille législative, réglementaire et jurisprudentielle,
•	Traiter et présenter devant la Commission de Conciliation et de Recours Gracieux les réclamations formées par les cotisants,
•	Assurer un soutien aux services de la Direction Recouvrement (Etudes, avis, notes, formations internes).


Afin de tenir ce poste vous êtes titulaire d’un Bac +5 en droit. 
Vous justifiez d’une expérience professionnelle avérée et réussie sur un poste similaire. 

Qualités requises :
•	Fort esprit d’analyse et de synthèse,
•	Rigueur, autonomie et discrétion nécessaires,
•	Très bonnes relations interpersonnelles,
•	Aisance dans la prise de parole en public.


Ce poste est à pourvoir en CDI sur Nouméa.",,,,,10946cce-b328-4ab4-971a-bc93a73f02d1,0418582001,ÂBORO CONSULTING,SOCIETE PAR ACTIONS SIMPLIFIEE (SAS),ÂBORO CONSULTING,NOUMEA,24 avenue du Maréchal Foch Centre Ville,
202605276eaa,Mécanicien / Mécanicienne de chantier,4,ACTIVE,I1616,,YATE,CDI,0,0,0,false,,true,true,false,2026-05-28 10:46:07+11:00,2026-05-28 10:46:07+11:00,"Mécanique d'engins, maintenance des matériels",,,,,,c2b43b96-5c2b-47aa-b199-a5ef717b0c90,0030551002,SOCIETE CALEDONIENNE DES TRACTEURS,SOCIETE PAR ACTIONS SIMPLIFIEE (SAS),CALTRAC,PAITA,ZICO II,
20260527631b,Secrétaire commercial / Secrétaire commerciale,1,ACTIVE,D1401,2026-06-01 00:00:00+11:00,NOUMEA,CDI,0,0,0,false,SANS_DIPLOME,false,false,false,2026-05-28 10:29:10+11:00,2026-05-28 10:29:10+11:00,,,,,,,017ba8d2-6a4d-45bc-b17d-5e3f8c82ba5f,0873737001,SARL FREEWAY TRANSPORT TERRASSEMENT PERE ET FILS,SOCIETE A RESPONSABILITE LIMITEE (SARL),SARL FREEWAY TRANSPORT TERRASSEMENT PERE ET FILS,NOUMEA,16 rue Claude Bernard Zone Industrielle de Ducos,
20260527271b,Préparateur / Préparatrice de travaux en industrie,3,ACTIVE,H1404,2026-06-08 00:00:00+11:00,NOUMEA,CDD,0,7,0,false,,true,false,false,2026-05-28 09:25:36+11:00,2026-05-28 09:25:36+11:00,BTS / DUT Tehncicien Maintenance ou Bac Pro,"Nous recherchons activement un Préparateur maintenance mécanique – H/F afin d’agrandir nos équipes et travailler sur des projets industriels d’envergure. 
Documentation et amélioration des procédures :

• Appliquer les consignes, procédures et modes opératoires en matière de sûreté, sécurité et exploitation,
• Prendre en compte les demandes d'interventions et gérer les niveaux d'urgence,
• Anticiper la préparation des visites de maintenance corrective, préventive...
• Réaliser les visites préparatoires sur le terrain
• Ordonnancer et déterminer la durée des opérations,
• Préparer et anticiper les besoins en outillage,
• Définir les besoins en ressources et en compétences,
• Proposer des optimisations dans les choix de maintenance,
• Participer à la rédaction ou rédiger si nécessaire les modes opératoires d'intervention,",,,,,6cdc135e-f505-4aa7-8c74-3463195cbdc4,1327352001,EASY SKILL,SOCIETE PAR ACTIONS SIMPLIFIEE (SAS),EASY SKILL,NOUMEA,24 rue de la République Centre Ville,
20260527e2fc,Collaborateur / Collaboratrice paie,1,ACTIVE,M1507,,,CDI,0,0,0,false,4,false,false,false,2026-05-28 09:18:50+11:00,2026-05-28 09:18:50+11:00,ressources humaines,Les candidatures accompagnées d'un CV seront adressées à recrutement@pga.nc.,,,,,e40186f6-dee4-4b85-99dd-d8a82b6c2ef7,1382837001,PGA SOCIAL,SOCIETE A RESPONSABILITE LIMITEE (SARL),PGA SOCIAL,NOUMEA,59 promenade Roger Laroque Anse Vata Immeuble Le Commodore,
202605274b2a,Collaborateur / Collaboratrice paie,1,ACTIVE,M1507,,NOUMEA,CDI,0,0,0,false,4,true,false,false,2026-05-28 09:15:43+11:00,2026-05-28 09:15:43+11:00,ressources humaines,Les candidatures accompagnées d'un curriculum vitae seront adressées à recrutement@pga.nc.,,,,,e40186f6-dee4-4b85-99dd-d8a82b6c2ef7,1382837001,PGA SOCIAL,SOCIETE A RESPONSABILITE LIMITEE (SARL),PGA SOCIAL,NOUMEA,59 promenade Roger Laroque Anse Vata Immeuble Le Commodore,
20260527075a,Vendeur / Vendeuse de véhicules neufs,1,ACTIVE,D1404,2026-06-15 00:00:00+11:00,NOUMEA,CDI,0,0,0,false,4,false,false,false,2026-05-28 08:22:03+11:00,2026-05-28 08:22:03+11:00,COMMERCE,,,,,,31c4d8ec-b4bf-453c-8bdb-e352cd36faf6,0194464001,SODAUTO,SOCIETE PAR ACTIONS SIMPLIFIEE (SAS),SODAUTO,NOUMEA,115 route Territoriale n°14 Aérodrome,
202605274bca,Ouvrier polyvalent / Ouvriére polyvalente d'entretien des bétiments,1,ACTIVE,I1203,2026-06-01 00:00:00+11:00,,CDD,0,3,0,false,,false,false,false,2026-05-27 15:13:06+11:00,2026-05-27 15:13:06+11:00,,,,,,,5af75df1-3e87-4b45-bd6d-a5ccb1de3670,0940205001,"QUINTY Jean-François, Emile",PERSONNE PHYSIQUE,"QUINTY Jean-François, Emile",MOINDOU,Village,
202605275836,Ouvrier polyvalent / Ouvriére polyvalente d'entretien des bétiments,1,ACTIVE,I1203,2026-06-01 00:00:00+11:00,MOINDOU,CDD,0,3,0,false,,true,false,false,2026-05-27 15:10:18+11:00,2026-05-27 15:10:18+11:00,,,,,,,5af75df1-3e87-4b45-bd6d-a5ccb1de3670,0940205001,"QUINTY Jean-François, Emile",PERSONNE PHYSIQUE,"QUINTY Jean-François, Emile",MOINDOU,Village,
20260527466a,Ouvrier / Ouvriére des espaces verts,1,ACTIVE,A1203,2026-06-01 00:00:00+11:00,MOINDOU,CDD,0,3,0,false,,true,false,false,2026-05-27 15:05:58+11:00,2026-05-27 15:05:58+11:00,,,,,,,5af75df1-3e87-4b45-bd6d-a5ccb1de3670,0940205001,"QUINTY Jean-François, Emile",PERSONNE PHYSIQUE,"QUINTY Jean-François, Emile",MOINDOU,Village,
20260527559e,Manéuvre des espaces verts,1,ACTIVE,A1203,2026-06-01 00:00:00+11:00,,CDD,0,3,0,false,SANS_DIPLOME,true,false,false,2026-05-27 14:57:51+11:00,2026-05-27 14:57:51+11:00,,## MANOEUVRE POLYVALENT ESPACES VERTS/BTP,,,,,5af75df1-3e87-4b45-bd6d-a5ccb1de3670,0940205001,"QUINTY Jean-François, Emile",PERSONNE PHYSIQUE,"QUINTY Jean-François, Emile",MOINDOU,Village,
2026052720b3,Chauffeur-livreur / Chauffeuse-livreuse,1,ACTIVE,N4105,2026-06-01 00:00:00+11:00,,CDD,0,3,0,false,,false,false,false,2026-05-27 14:16:53+11:00,2026-05-27 14:16:53+11:00,,,,,,,1befeb81-1c17-4a3c-85c5-5febfd4c3245,1234145001,CAFE STORE,SOCIETE A RESPONSABILITE LIMITEE (SARL),CAFE STORE,NOUMEA,119 promenade Roger Laroque Anse Vata Complexe La Promenade,
202605272134,Commis de cuisine tournant / Commise de cuisine tournante,1,ACTIVE,G1602,2026-06-01 00:00:00+11:00,NOUMEA,CDD,0,3,0,false,,false,false,false,2026-05-27 14:01:02+11:00,2026-05-27 14:01:02+11:00,,,,,,,1befeb81-1c17-4a3c-85c5-5febfd4c3245,1234145001,CAFE STORE,SOCIETE A RESPONSABILITE LIMITEE (SARL),CAFE STORE,NOUMEA,119 promenade Roger Laroque Anse Vata Complexe La Promenade,
20260527f3a9,Employé / Employée de maison,1,ACTIVE,K1304,2026-06-01 00:00:00+11:00,,CDD,0,0,1,false,SANS_DIPLOME,false,false,false,2026-05-27 12:20:04+11:00,2026-05-27 12:20:04+11:00,,,,,,,119e1d39-db6f-419d-bc7a-41489a4d7b4e,,,,,,,
202605277004,Assistant / Assistante de manager,1,ACTIVE,M1604,2026-06-01 00:00:00+11:00,,,0,0,0,false,,false,false,false,2026-05-27 12:15:53+11:00,2026-05-27 12:15:53+11:00,,"Assistant(e) Manager motivé(e)

dynamique et prêt(e) à évoluer dans un environnement rapide et exigeant.

Vos missions :
Assister le manager dans la gestion quotidienne du restaurant
Encadrer et motiver l’équipe
Veiller au bon déroulement du service
Garantir la satisfaction client
Participer à la gestion des stocks et de l’organisation
Faire respecter les procédures d’hygiène et de qualité
Profil recherché :
Sérieux(se), réactif(ve) et organisé(e)
Bon relationnel et esprit d’équipe
Capacité à gérer le stress et les périodes de rush
Expérience en restauration ou management appréciée
Permis B apprécié",,,,,ee248a1c-2121-4b01-a8b4-0f85926facb8,1615194001,COLAB,SOCIETE A RESPONSABILITE LIMITEE (SARL),COLAB,PAITA,Morcellement Établissement Martin  HYPER U Local 23,
20260526b764,Dispatcheur répartiteur / Dispatcheuse répartitrice transport routier de marchandises,1,ACTIVE,N4203,2026-07-01 00:00:00+11:00,NOUMEA,CDI,0,0,0,false,5,false,false,false,2026-05-27 08:26:19+11:00,2026-05-27 08:26:19+11:00,Gestion des transports et logistique associée,"**Planificateur / Dispatcheur – Référent HSE & TMD (H/F)**

**Vos missions**

Rattaché(e) au Responsable d’Exploitation, vous assurez l’organisation et le suivi des opérations de transport tout en participant activement à la démarche HSE de l’entreprise.

**Exploitation / Planification**
Organiser et planifier les tournées des conducteurs ;
Coordonner les opérations de transport ainsi que les moyens humains et matériels ;
Assurer le suivi quotidien des activités terrain ;
Gérer les aléas d’exploitation et mettre en place les actions correctives adaptées ;
Assurer l’interface entre les clients, chauffeurs et équipes opérationnelles ;
Veiller au respect des délais, procédures et consignes de sécurité.

**Référent HSE & TMD**
Réaliser des audits et contrôles HSE terrain ;
Émettre les documents HSE nécessaires aux opérations spécifiques (permis de travail, AST, plans de levage, consignations, etc.) ;
Élaborer les documents réglementaires et administratifs (plans de prévention, EVRP, procédures, etc.) ;
Gérer les processus liés aux événements sécurité (déclarations, enquêtes, suivi des actions correctives) ;
Veiller au respect des règles de sécurité ainsi que des procédures internes et externes ;
Participer activement à la prévention des risques professionnels ;
Sensibiliser et accompagner les équipes aux bonnes pratiques HSE ;
Participer aux analyses d’incidents et au suivi des actions correctives ;
Assurer le suivi réglementaire lié au Transport de Marchandises Dangereuses (TMD) ;
Être un véritable relais sécurité auprès des équipes d’exploitation.

**Profil recherché**
Formation en logistique, transport, HSE ou expérience significative sur un poste similaire;
Bonne connaissance du secteur transport/logistique ;
Sens de l’organisation, réactivité et gestion des priorités ;
Capacité à travailler en autonomie et à coordonner plusieurs interlocuteurs ;
Aisance terrain et bon relationnel ;
Connaissances HSE et/ou TMD appréciées ;
Permis B exigé.
Permis C souhaité

**Qualités recherchées**
Rigueur ;
Leadership terrain ;
Sens des responsabilités ;
Esprit d’équipe ;
Réactivité et capacité d’analyse.

**Conditions du poste**
Poste basé à Nouville ;
Contrat : CDI ;
Disponibilité souhaitée : 01/07/2026 pour assurer une période de passation ;
Déplacements terrain réguliers ;
Rémunération selon profil et expérience.

**Candidature**
Merci d’adresser votre candidature (CV + lettre de motivation) à :
📧 d.blancher@chalandage.nc",,,,,5477e824-7306-4f0a-bb20-eebb9a468e6c,0469825001,SOCIETE DE TRANSPORTS TERRESTRES ET DE ROULAGE,SOCIETE PAR ACTIONS SIMPLIFIEE (SAS),SOCIETE DE TRANSPORTS TERRESTRES ET DE ROULAGE,NOUMEA,22 avenue James Cook Centre Ville,
20260526ce9d,Chauffeur / Chauffeuse de poids lourd,2,ACTIVE,N4101,2026-05-27 00:00:00+11:00,BOURAIL,CDD,0,1,0,false,SANS_DIPLOME,false,false,false,2026-05-27 07:34:19+11:00,2026-05-27 07:34:19+11:00,,,,,,,63d6f712-3dca-449b-9338-5447a001f4d3,1160241001,HKH,SOCIETE A RESPONSABILITE LIMITEE (SARL),HKH,BOURAIL,Route Territoriale 1 le Cap GOULVAIN,
20260526bbe4,Aide é domicile,2,ACTIVE,K1304,2026-06-01 00:00:00+11:00,LIFOU,CDD,0,1,0,false,3,false,false,true,2026-05-26 19:21:24+11:00,2026-05-26 19:21:24+11:00,"CAP petite enfance, BEP CSS,...",,,,,,7c912ae6-dbff-4a5f-9415-b9ee4e178110,1523984002,WALICO Wameua,PERSONNE PHYSIQUE,SAD- Iengenin ne vadouest,LIFOU,Tribu de Siloam,
20260526dab8,Ingénieur-conseil / Ingénieure-conseil agricole,1,ACTIVE,A1303,2026-07-01 00:00:00+11:00,,CDD,0,6,0,false,7,true,true,true,2026-05-26 17:36:13+11:00,2026-05-26 17:36:13+11:00,"Master/ingénieur en agriculture, licence pro ou BTSA avec expérience","## Mon offre d'emploi

L'association REPAIR recrute à compter du 1er juillet 2026 et pour une durée de 6 mois, un conseiller/une conseillère technique en agroécologie pour renforcer son équipe technique sur le terrain auprès des agriculteurs et contribuer à l'animation du réseau.
Esprit d'équipe, ouverture et autonomie sont les principales qualités attendues pour ce poste.
Aptitudes rédactionnelles souhaitées pour contribuer à la production documentaire de l'association et à la conduite des projets.
Profil prioritairement recherché : Ingénieur ou Master en agriculture - Recrutement ouvert aux licences pro et aux BTSA avec expérience.",,,,,6e27f873-025b-49d7-bf5e-b40b691887ac,0940940001,"RESEAU PROFESSIONNEL POUR UNE AGRICULTURE INNOVANTE ET RESPONSABLE ""REPAIR""",ASSOCIATION LOI 1901 OU ASSIMILE,"RESEAU PROFESSIONNEL POUR UNE AGRICULTURE INNOVANTE ET RESPONSABLE ""REPAIR""",NOUMEA,3 rue Alcide Desmazures Centre Ville C/o C.A.N.C,
202605264ffe,Assistant administratif / Assistante administrative,1,ACTIVE,M1607,2026-06-01 00:00:00+11:00,NOUMEA,CDD,0,1,0,false,,false,false,false,2026-05-26 13:57:22+11:00,2026-05-26 13:57:22+11:00,,,,,,,c329b064-f6bd-43e1-915b-87130996ab62,1637693001,GMT DISTRIBUTION,SOCIETE A RESPONSABILITE LIMITEE (SARL),GMT DISTRIBUTION,NOUMEA,28 rue Eugène Porcheron Quartier Latin,
20260526a4b7,Commercial / Commerciale,2,ACTIVE,D1410,2026-08-01 00:00:00+11:00,NOUMEA,CDD,0,6,0,false,7,true,false,false,2026-05-26 12:22:13+11:00,2026-05-26 12:22:13+11:00,,"## L'entreprise

Mobupay est une plateforme de paiement nouvelle génération, basée en Nouvelle-Calédonie. Nous construisons des solutions de paiement innovantes pour les professionnels.

Dans le cadre du démarrage de notre activité, nous recherchons **2 commerciaux afin d'accompagner la croissance de l'entreprise**.

## La Mission

L'objectif est de convaincre les commerçants Calédoniens d'adopter nos solutions de paiement.

## Les compétences attendues

- Maîtrise du produit (formation préalable)
- Maîtrise d'une démo propre sur tablette et d'un mockup interactif
- Gestion d'un pipeline de A à Z : prospection, relance, négociation, closing, suivi client
- Tenue rigoureuse d'un CRM, reporting lisible
- Gestion des objections (prix, changement de système, contrat existant) et capacité à rebondir
- Force de proposition : proposer de nouvelles stratégies commerciales permettant d’optimiser les conversions

## L'état d'esprit recherché

- De la curiosité pour la tech
- De la résilience et de la pédagogie
- De l'autonomie et de l'initiative, avec l'envie de construire plutôt que d'exécuter
- De la remise en question : accepter d'être challengé, et challenger en retour

## Procédure de recrutement

• Candidature uniquement via ce [lien](https://needeat.notion.site/a8dd3c8c195f41b0ae370f47c3adec10?pvs=105)
Les autres candidatures ne seront pas étudiées.",,,,,eaaf6552-eb72-41e2-9228-9b80b21fbbd0,1630250001,SPIRIT,SOCIETE PAR ACTIONS SIMPLIFIEE (SAS),SPIRIT,NOUMEA,37 rue Commandant Alexandre Babo  Station N - Nouville,
202605253a20,Vendeur / Vendeuse en boulangerie-pétisserie,1,ACTIVE,D1106,2026-05-26 00:00:00+11:00,NOUMEA,,0,0,0,false,4,true,false,false,2026-05-26 10:45:32+11:00,2026-05-26 10:45:32+11:00,,"## Mon offre d'emploi

Je suis un texte libre.",,,,,0cb2bd73-0854-4cb9-b56f-8a1223853663,1255041001,S.H SARL,SOCIETE EN NOM COLLECTIF (SNC),S.H SARL,NOUMEA,1 rue Jean-François Cherrier Aérodrome,
202605256b25,Technico-commercial itinérant / Technico-commerciale itinérante,2,ACTIVE,D1113,2026-05-26 10:43:41+11:00,NOUMEA,CDI,0,0,0,true,5,true,false,false,2026-05-26 10:43:33+11:00,2026-05-26 10:43:33+11:00,BTS Electrotechnique,"Description : 
Biomed Pacific est une société à taille humaine basée à Nouméa en Nouvelle-Calédonie, distribuant des produits de groupes et de distributeurs généralistes et médicaux spécialisés dans les secteurs suivants :
-	Laboratoires d'analyses médicales
-	Ophtalmologie
-	Bloc opératoire
-	Électronique et mobilier médical
-	Laboratoires de recherche et d'industrie
-	Consommables et mobilier pour l'éducation

Descriptif du poste :
A l’issue d’une période de formation :

• Vous assurez la vente et la promotion de vos gammes de produits 
(laboratoire, consommables divers)
• Vous interviendrez sur les sites de nos différents clients afin d’effectuer : 
les installations, les formations clients, les réparations diverses sur les automates, les maintenances préventives et curatives.

Profil du poste : 
De formation Licence pro Services clients en instrumentation et réactifs de laboratoire ou Licence pro Services clients en instrumentation et réactifs de laboratoire.

 Ce poste nécessite les compétences suivantes :
 
- une connaissance du secteur médical et une expérience similaire réussie

- de l’autonomie et de l’organisation : capacité à prospecter, effectuer des devis, suivre ses propositions clients, effectuer ses relances et ses suivis divers

- un esprit d’initiative et une curiosité naturelle : capacité à être à l’écoute des nouvelles opportunités du territoire, des nouvelles opportunités du secteur, capacité à apprendre par soi-même 

- Salaire motivant : Fixe + variable

         Adressez votre candidature à l’adresse : contact@biomed.nc",,,,,8dce70b0-3697-4198-b15e-4194caf51111,1028638001,EURL PMC,ENTREPRISE UNIPERSONNELLE A RESPONSABILITE LIMITEE (EURL),EURL PMC,NOUMEA,253 rue Armand Ohlen Portes de Fer,
2026052534d5,Secrétaire du bétiment,1,ACTIVE,M1605,2026-06-01 00:00:00+11:00,NOUMEA,CDD,0,3,0,false,5,false,false,false,2026-05-26 10:34:07+11:00,2026-05-26 10:34:07+11:00,,"## Mon offre d'emploi
Secrétaire (H/F) pour accueillir et traiter les demandes externes et internes ( gestion du standard téléphonique et de l'accueil, organiser et assurer la gestion administrative de l'entreprise, recevoir, rédiger et transmettre le courrier et les courriels, tenir à jour les différents agendas, classer les documents, informations et fonds documentaire d'une activité ; BAC+2 du domaine administratif ; Expérience similaire d'au moins 2 ans dans le secrétariat ; Permis B + véhicule ; Connaissance du secteur bâtiment ; CDD de remplacement de 3 mois - Nouméa",,,,,70d55bc5-9c3d-40fc-a9fa-49e7691f3ea0,1584101001,CONTRABAT,SOCIETE A RESPONSABILITE LIMITEE (SARL),CONTRABAT,NOUMEA,2 bis rue Arnold Daly Magenta Résidence Beach Heaven,
202605251ef1,Formateur / Formatrice d'adultes,1,ACTIVE,K2111,2026-06-01 00:00:00+11:00,NOUMEA,CDD,0,6,0,true,7,true,false,false,2026-05-26 09:08:19+11:00,2026-05-26 09:08:19+11:00,MASTER,,,,,,76a1f175-9498-44a9-a74b-df2d5e0da209,1446673001,L'ECOLE DU DESIGN,SOCIETE A RESPONSABILITE LIMITEE (SARL),L'ECOLE DU DESIGN,NOUMEA,2 boulevard Vauban Centre Ville LE CENTRE NUMERIQUE,
202605259ead,Secrétaire médical / Secrétaire médicale vétérinaire,1,ACTIVE,M1609,2026-12-31 00:00:00+11:00,NOUMEA,CDD,0,7,0,false,,false,false,false,2026-05-25 18:41:16+11:00,2026-05-25 18:41:16+11:00,,,,,,,3b72571a-869e-4d6b-b61c-b3620a4949bf,0512020001,ACHOUR SELARL,SOCIETE D'EXERCICE LIBERAL A RESPONSABILITE LIMITEE (SELARL),ACHOUR SELARL,NOUMEA,23 quai Jules Ferry Centre Ville,
20260523706b,Vendeur / Vendeuse en articles d'animalerie,1,ACTIVE,D1210,2026-06-01 03:00:00+11:00,NOUMEA,CDI,0,0,0,true,,true,false,false,2026-05-23 19:12:00+11:00,2026-05-23 19:12:00+11:00,CAP,"## Mon offre d'emploi

Travail du lundi matin au samedi soir.",,,,,057ccdd5-0518-427f-91ee-21c59c33eb71,1568559001,ANIMALIA MAGENTA,SOCIETE A RESPONSABILITE LIMITEE (SARL),ANIMALIA MAGENTA,NOUMEA,47 rue Gervolino Magenta,
202605236dae,Vendeur animalier / Vendeuse animaliére,1,ACTIVE,D1210,2026-06-01 03:00:00+11:00,NOUMEA,CDI,0,0,0,false,,true,false,false,2026-05-23 18:59:04+11:00,2026-05-23 18:59:04+11:00,CAP,"## Mon offre d'emploi

Travail du lundi au samedi.",,,,,2c19e381-d188-4a76-abeb-388e7d3ccc5d,1412832001,ANIMALIA VATA,SOCIETE A RESPONSABILITE LIMITEE (SARL),ANIMALIA VATA,NOUMEA,61 rue Arnold Daly Magenta Apt B11,
20260522f273,Secrétaire administratif / Secrétaire administrative,1,ACTIVE,M1607,,NOUMEA,CDI,0,0,0,false,5,false,false,false,2026-05-23 09:56:08+11:00,2026-05-23 09:56:08+11:00,BAC+2,"## Mon offre d'emploi

Nous insistons sur vivacité d'esprit bon sens et caractère facile à vivre
tel: 687 853949",,,,,91df815c-84b1-4900-8702-a9d3e385f527,0220855001,SELARL T.  PELLETIER & CONSULTANTS,SOCIETE D'EXERCICE LIBERAL A RESPONSABILITE LIMITEE (SELARL),SELARL T.  PELLETIER & CONSULTANTS,NOUMEA,3 bis rue de Strasbourg Faubourg Blanchot,
20260522cb13,Mécanicien / Mécanicienne poids lourds,5,ACTIVE,I1613,2026-05-23 09:49:29+11:00,YATE,CDD,0,0,0,false,,true,true,true,2026-05-23 09:49:08+11:00,2026-05-23 09:49:08+11:00,,"🚨 RECRUTEMENT URGENT – MÉCANICIENS PATENTÉS

 Recherche 5 mécaniciens patentés avec expérience, spécialisés en mécanique sur engins miniers, et titulaires du permis B.

📍 Lieu de travail : Goro
🛠️ Missions : maintenance et réparation d’engins miniers 
⏰ Rythme de travail : 4 jours travaillés / 4 jours de repos (rotation en 4x4)
📅 Disponibilité requise les week-ends et jours fériés

Pour plus d’informations, veuillez contacter le +687 92 51 84.

📧 Merci d’envoyer vos CV à : sarl.shalowm@hotmail.com",,,,,7f11d573-e1c8-4f4e-82fe-f85f458cb47b,1556612001,SHALOWM,SOCIETE A RESPONSABILITE LIMITEE (SARL),SHALOWM,MONT-DORE,Ouara Île Ouen Villa Tri,
20260522dd36,Vendeur / Vendeuse en prét-é-porter enfant,1,ACTIVE,D1214,2026-06-01 00:00:00+11:00,NOUMEA,CDD,0,1,0,false,,true,false,false,2026-05-22 15:08:14+11:00,2026-05-22 15:08:14+11:00,,"## Mon offre d'emploi

Nous recherchons un vendeur ou une vendeuse pour une boutique d'enfant.

Nous proposons actuellement un CDD de 1 mois pouvant déboucher sur un CDI.",,,,,35cfe540-e377-4c01-9eca-c41d56f6fecf,1549351001,LA TROUVAILLE,SOCIETE A RESPONSABILITE LIMITEE (SARL),LA TROUVAILLE,NOUMEA,1 rue Anatole France Centre Ville,
20260522fe3d,Responsable des ventes,1,ACTIVE,D1406,2026-07-01 00:00:00+11:00,NOUMEA,CDI,0,6,0,false,,false,false,false,2026-05-22 12:15:07+11:00,2026-05-22 12:15:07+11:00,,,,,,,b9a3fda2-7512-401e-92a5-75ed99552771,1661164001,L.T,SOCIETE EN NOM COLLECTIF (SNC),L.T,NOUMEA,Koucokweta Centre commercial Dumbea Mall,
20260522f128,Infirmier / Infirmiére d'entreprise,1,ACTIVE,J1512,2026-08-11 00:00:00+11:00,,CDD,8,0,0,true,,true,false,false,2026-05-22 11:55:02+11:00,2026-05-22 11:55:02+11:00,INFIRMIER DIPLOME D'ETAT,,,,,,f5f91956-e0b1-45d8-ba38-946a705c55f4,0906560001,EMERGENCY MEDICAL CARE PACIFIC,SOCIETE A RESPONSABILITE LIMITEE (SARL),EMERGENCY MEDICAL CARE PACIFIC,NOUMEA,15 rue Édouard Glasser Motor-Pool,
2026052137f4,Assistant commercial / Assistante commerciale sédentaire,1,ACTIVE,D1401,2026-06-01 00:00:00+11:00,DUMBEA,CDI,0,0,0,false,4,true,false,false,2026-05-21 17:15:26+11:00,2026-05-21 17:15:26+11:00,,,,,,,719cbf1b-86ac-4d76-aee2-35d50c8f3ec6,0778480001,TSJ IMPORT,SOCIETE A RESPONSABILITE LIMITEE (SARL),TSJ IMPORT,NOUMEA,22 rue Auer Zone Industrielle de Ducos,
202605215ab3,Technicien / Technicienne de maintenance du BTP,2,ACTIVE,I1616,2026-05-21 15:44:54+11:00,NOUMEA,CDI,0,0,0,false,5,false,false,false,2026-05-21 15:44:49+11:00,2026-05-21 15:44:49+11:00,,"Vous avez une solide expérience en mécanique, hydraulique ou électrotechnique ?
Vous aimez travailler sur des engins puissants, sur le terrain, et résoudre des pannes complexes ?

👉 Rejoignez CIPAC Services, acteur majeur du secteur technique en Nouvelle-Calédonie.

🎯 **Votre mission**
Intégré(e) à l’équipe technique, vous intervenez en atelier ou sur site (brousse, chantier, carrière) pour assurer :
• Le diagnostic, la réparation et la maintenance des équipements (engins agricoles, de terrassement, de manutention, véhicules industriels…).
• L’analyse des pannes complexes mêlant hydraulique, électricité, électronique embarquée ou motorisation.
• Le lien avec le service pièces détachées pour l’identification et la commande des composants nécessaires.
• La formation et le conseil aux utilisateurs sur site après intervention.

🔧 **Vos responsabilités principales**
• Réaliser des interventions curatives ou préventives en autonomie, sur site ou en atelier.
• Diagnostiquer les pannes multi-technologies et proposer des solutions durables.
• Travailler dans des conditions parfois isolées, en assurant la sécurité et la qualité de service.
• Rédiger les rapports techniques dans les outils internes (GMAO, ERP).
• Remonter les anomalies récurrentes et participer à l’amélioration continue.

👤 **Profil recherché**
• Bac+2 à Bac+3 en maintenance industrielle, mécanique, électromécanique, hydraulique, électrotechnique…
• 3 à 5 ans dans la maintenance d’engins
• Expérience terrain indispensable (diagnostic, dépannage, relation client, autonomie).

✅ **Savoirs & savoir-faire :**
• Diagnostic multi-systèmes (hydraulique, électrique, électronique embarquée).
• Lecture de plans techniques et schémas multimarques.
• Capacité à intervenir seul(e) en environnement isolé.
• Maîtrise des outils de mesure, GMAO et reporting technique.
• Bon relationnel avec les clients et les équipes internes.

**Descriptif de l'entreprise**
Chez CIPAC, on croit au pouvoir du collectif. Chacun a un rôle à jouer pour faire bouger les lignes, partager ses idées et inventer demain ensemble.

**Comment candidater ?** cliquez sur : [Je postule !](https://jobs.world.luccasoftware.com/cipac/technicien-de-maintenance-db9bb7c9-d370-4691-9294-b57e0717f0f8)",,,,,c7708fb6-fe22-4d6c-9332-cef77c5df681,0388330001,CIPAC SERVICES,SOCIETE A RESPONSABILITE LIMITEE (SARL),CIPAC SERVICES,NOUMEA,210 rue Gervolino PK 6,
202605212cbf,Menuisier / Menuisiére d'agencement,1,ACTIVE,F1140,2026-05-21 00:00:00+11:00,PAITA,CDI,0,0,0,false,4,false,false,false,2026-05-21 15:05:17+11:00,2026-05-21 15:05:17+11:00,,"## Mon offre d'emploi

Contact : mdpsarl@mdp.nc",,,,,fcecf436-95bb-4198-8dff-a0c3c08879dd,1476795001,MEUBLES DU PACIFIQUE LTD,SOCIETE A RESPONSABILITE LIMITEE (SARL),MEUBLES DU PACIFIQUE LTD,PAITA,Lotissement Paddon ZIPAD Lots 17 et 18,
20260521d4c8,Responsable des Ressources Humaines -RRH-,1,ACTIVE,M1503,2026-07-01 00:00:00+11:00,NOUMEA,CDI,0,0,0,true,6,false,false,false,2026-05-21 13:34:57+11:00,2026-05-21 13:34:57+11:00,,Pour l'offre complete : https://www.cma.nc/la-cma-recrute,,,,,bbab46f8-bd9f-47cf-b95f-be24e884f3d1,0111559002,CHAMBRE DE METIERS ET DE L'ARTISANAT,ORGANISME CONSULAIRE,,NOUMEA,30 route de la Baie des Dames Zone Industrielle de Ducos,
202605215cab,Assistant administratif / Assistante administrative et comptable,1,ACTIVE,M1213,2026-06-01 00:00:00+11:00,PAITA,CDD,0,0,0,true,4,false,false,false,2026-05-21 12:32:50+11:00,2026-05-21 12:32:50+11:00,,,,,,,fcecf436-95bb-4198-8dff-a0c3c08879dd,1476795001,MEUBLES DU PACIFIQUE LTD,SOCIETE A RESPONSABILITE LIMITEE (SARL),MEUBLES DU PACIFIQUE LTD,PAITA,Lotissement Paddon ZIPAD Lots 17 et 18,
20260521ab68,Vernisseur industriel / Vernisseuse industrielle,1,ACTIVE,H3404,2026-06-01 00:00:00+11:00,PAITA,CDD,0,3,0,false,,false,false,false,2026-05-21 12:29:10+11:00,2026-05-21 12:29:10+11:00,,"## Mon offre d'emploi
Contact : mdpsarl@mdp.nc",,,,,fcecf436-95bb-4198-8dff-a0c3c08879dd,1476795001,MEUBLES DU PACIFIQUE LTD,SOCIETE A RESPONSABILITE LIMITEE (SARL),MEUBLES DU PACIFIQUE LTD,PAITA,Lotissement Paddon ZIPAD Lots 17 et 18,
202605208656,Gestionnaire paie et administration du personnel,1,ACTIVE,M1507,2026-05-21 10:27:58+11:00,NOUMEA,CDI,0,0,0,false,5,false,false,false,2026-05-21 10:27:48+11:00,2026-05-21 10:27:48+11:00,,"Aboro Consulting recrute pour son client, UN GESTIONNAIRE PAIE ET ADMINISTRATION DU PERSONNEL (H/F) 

Rattaché(e) à la Directrice des ressources humaines, vous êtes garant(e) des missions suivantes : 
•	Récolter et saisir les éléments variables de paie, 
•	Elaborer les bulletins de paie ; 
•	Réaliser les déclarations sociales ; 
•	Participer à la gestion administrative du personnel : 
o	Rédaction des contrats de travail, avenants, …
o	DPAE
•	Récolter et saisir les absences, congés et arrêts maladie, 
•	Assurer le suivi des visites médicales.  
Afin de tenir ce poste, vous êtes titulaire d’un diplôme Bac+2/Bac+3 dans le domaine des Ressources Humaines et vous justifiez d'une expérience de 3/4 ans sur un poste similaire. 
Vous disposez de connaissances approfondies dans la législation sociale calédonienne.
Vous avez une maitrise du logiciel CALPAIE et une connaissance du l’outil OPTIMAL RH serait un plus. 

Qualités requises : rigoureuse, dynamique et autonome. 

Ce poste est à pourvoir en CDI sur Nouméa",,,,,10946cce-b328-4ab4-971a-bc93a73f02d1,0418582001,ÂBORO CONSULTING,SOCIETE PAR ACTIONS SIMPLIFIEE (SAS),ÂBORO CONSULTING,NOUMEA,24 avenue du Maréchal Foch Centre Ville,
202605204423,Technicien / Technicienne SAV,1,ACTIVE,I1402,,NOUMEA,CDI,0,0,0,false,3,true,false,false,2026-05-21 09:31:01+11:00,2026-05-21 09:31:01+11:00,,"## Recrutement d'un technicien en réparation de téléphones

Nous recherchons un technicien passionné pour rejoindre notre équipe dynamique. 
Vous serez en charge du diagnostic et de la réparation de smartphones et tablettes (écrans, batteries, connecteurs, logiciels). Une expérience préalable en réparation de téléphones est requise. Si vous êtes rigoureux, rapide et autonome, votre candidature est la bienvenue. Par mail à recrutement@lmdt.nc",,,,,d454ab23-df5c-4f2e-8d17-1b24a1a4cb7e,1574318001,GATIMEL TECHNOLOGY,SOCIETE A RESPONSABILITE LIMITEE (SARL),GATIMEL TECHNOLOGY,NOUMEA,12 bis rue du Général Mangin Centre Ville,
20260520e444,Rédacteur / Rédactrice sinistres,1,ACTIVE,C1109,2026-06-01 00:00:00+11:00,NOUMEA,CDD,0,3,0,false,4,true,false,false,2026-05-21 09:18:25+11:00,2026-05-21 09:18:25+11:00,,Gestionnaire Indemnisation (hors corporel),,,,,eac450a5-66a0-4057-bde3-0300f875c2ec,0822015001,GROUPE ATOLL ASSISTANCE,SOCIETE PAR ACTIONS SIMPLIFIEE (SAS),GROUPE ATOLL ASSISTANCE,NOUMEA,23 rue d'Austerlitz Centre Ville Immeuble Le Verdun,
202605205197,Magasinier vendeur / Magasiniére vendeuse,1,ACTIVE,N1110,,NOUMEA,CDD,0,1,0,false,SANS_DIPLOME,false,false,false,2026-05-21 07:42:33+11:00,2026-05-21 07:42:33+11:00,,,,,,,b1c871b6-417c-41b0-90d6-5d49144db781,0086264001,POLYNESIA,SOCIETE A RESPONSABILITE LIMITEE (SARL),POLYNESIA,NOUMEA,28 rue de Verdun Centre Ville,
20260520401c,Attaché / Attachée de direction,1,ACTIVE,M1604,2026-05-20 14:32:26+11:00,NOUMEA,CDI,0,0,0,false,5,false,false,false,2026-05-20 14:29:01+11:00,2026-05-20 14:29:01+11:00,,"Âboro Consulting recrute pour son client, un ASSISTANT DE DIRECTION (H/F)

Rattaché(e) au Directeur Général, vous jouez un rôle central dans le bon fonctionnement de la direction. Véritable bras droit du DG, vous êtes garant(e) des missions suivantes : 

•	Gérer et optimiser l'agenda du Directeur Général (planification, priorisation, anticipation des échéances),
•	Organiser les déplacements professionnels (réservations, logistique, notes de frais),
•	Préparer, coordonner et planifier les réunions (convocations, comptes rendus, actions à suivre),
•	Traiter et gérer les communications entrantes et sortantes (mails, courriers, appels),
•	Rédiger divers documents comme : notes de synthèse, présentations, rapports,
•	Etre l’interface avec les interlocuteurs internes et externes (partenaires, clients, institutionnels),
•	Suivre et gérer des dossiers confidentiels,
•	Contribuer à la bonne circulation de l'information au sein de la direction.

Afin de tenir ce poste vous êtes au minimum titulaire d’un BTS assistant de gestion PME/ PMI ou BTS SAM. 
Vous justifiez d’une expérience de minimum 5 ans sur un poste d'Assistant de Direction ou équivalent. 

Vous avez une excellente capacité rédactionnelle et êtes reconnu(e) pour votre orthographe irréprochable. 
Une maîtrise avancée des outils informatiques est attendue. 

Qualités requises : 
•	Grande capacité d'adaptation, réactivité et sens des priorités,
•	Discrétion absolue et sens de la confidentialité,
•	Aisance relationnelle et posture professionnelle affirmée,
•	Capacité à travailler en autonomie tout en restant force de proposition. 

Ce poste est à pourvoir en CDI sur Nouméa.",,,,,10946cce-b328-4ab4-971a-bc93a73f02d1,0418582001,ÂBORO CONSULTING,SOCIETE PAR ACTIONS SIMPLIFIEE (SAS),ÂBORO CONSULTING,NOUMEA,24 avenue du Maréchal Foch Centre Ville,
202605208f24,Administrateur / Administratrice systémes et réseaux,1,ACTIVE,M1801,,NOUMEA,CDI,0,0,0,false,5,false,false,false,2026-05-20 11:17:36+11:00,2026-05-20 11:17:36+11:00,BTS SIO BUT R&T licence pro,,,,,,693151e9-ab94-466a-9c9a-667708442db9,1311299001,PROSELECT,SOCIETE A RESPONSABILITE LIMITEE (SARL),PROSELECT,NOUMEA,224 rue Jacques Iékawé PK 6 Complexe Belle Vie,
20260519b78e,Maquettiste d'exécution édition,1,ACTIVE,E1306,2026-06-04 00:00:00+11:00,NOUMEA,CDD,0,0,0,true,5,false,false,false,2026-05-20 10:19:16+11:00,2026-05-20 10:19:16+11:00,pao,"La voix du Caillou recherche un(e) maquettiste pour une période de remplacement, à mi-temps, du 4 au 23 juin. 15h-18h30 sur 6 jours par semaine. Possibilité de recrutement à l'issue.
Connaissande des outils classiques de PAO.
Expérience dans un poste siumialire obligatoire",,,,,5b9e72c6-b974-43d3-871b-db0d9f09551d,1585819001,INTERMEDIAS,SOCIETE PAR ACTIONS SIMPLIFIEE (SAS),INTERMEDIAS,NOUMEA,29 avenue du Maréchal Foch Centre Ville,
20260519afab,Responsable d'exploitation,1,ACTIVE,H2502,2026-07-01 00:00:00+11:00,NOUMEA,CDI,0,0,0,false,4,false,false,false,2026-05-20 10:14:21+11:00,2026-05-20 10:14:21+11:00,,,,,,,6e6dd0cf-42ef-4682-9f64-ffc4077c1b06,0469494001,POMPES FUNEBRES TRANSFUNERAIRES SARL,SOCIETE A RESPONSABILITE LIMITEE (SARL),POMPES FUNEBRES TRANSFUNERAIRES SARL,NOUMEA,230 rue Jacques Iékawé PK 6,
20260519d43a,Chauffeur grutier / Chauffeuse grutiére,1,ACTIVE,F1301,,PAITA,CDD,0,0,0,false,3,true,false,false,2026-05-20 09:25:54+11:00,2026-05-20 09:25:54+11:00,,"## Mon offre d'emploi

CDD de 2 mois renouvelable",,,,,aa509e28-a7b6-40d8-a796-298542ad2b25,0979690001,STAR PACIFIQUE,SOCIETE PAR ACTIONS SIMPLIFIEE (SAS),STAR PACIFIQUE,PAITA,LOTS 22 ET 23 ALLEE PALADIUM ZIPAD LOTISSEMENT DOMAIN PADDON,
20260519d722,Assistant / Assistante logistique,1,ACTIVE,N1303,2026-06-01 00:00:00+11:00,NOUMEA,CDD,0,9,0,false,6,false,false,false,2026-05-20 09:03:40+11:00,2026-05-20 09:03:40+11:00,,"## Mon offre d'emploi

Votre poste consiste au suivi des commandes, de la prise de commande client, au contrôle des chargements des marchandises pour la livraison.",,,,,6097d3ce-ab81-4a6d-b910-0603bf393b9a,1249275001,HOLDING JOLIGEST,SOCIETE A RESPONSABILITE LIMITEE (SARL),HOLDING JOLIGEST,NOUMEA,7 rue Émile Trianon Villas Lumières Villa n°1,
202605199c01,Intervenant / Intervenante en accompagnement médicosocial,1,ACTIVE,K1301,2026-06-01 00:00:00+11:00,NOUMEA,CDD,0,0,0,true,6,true,false,false,2026-05-20 07:42:22+11:00,2026-05-20 07:42:22+11:00,Educateur Spécialisé,"Recherche Educateur Spécialisé diplomé pour exercer des missions de Mandataire Judiciaire à la Protection des majeurs
CDD évolutif
Candidature à transmettre par mail à : m.paron@chs.nc",,,,,3e3be205-c714-48d0-a567-f1190b50bddc,0870337001,ASSOCIATION DE COOPERATION SOCIALE ET MEDICO-SOCIALE DU CENTRE HOSPITALIER SPECIALISE ALBERT BOUSQUET,ASSOCIATION LOI 1901 OU ASSIMILE,ASSOCIATION DE COOPERATION SOCIALE ET MEDICO-SOCIALE DU CENTRE HOSPITALIER SPECIALISE ALBERT BOUSQUET,NOUMEA,42 rue Eschembrenner Ile Nou,
20260519c3af,Employé / Employée de maison,1,ACTIVE,K1304,2026-06-01 00:00:00+11:00,NOUMEA,CDD,0,3,0,false,SANS_DIPLOME,false,false,false,2026-05-20 07:29:34+11:00,2026-05-20 07:29:34+11:00,,"Nous recherchons une personne sérieuse, organisée et autonome pour assurer l’entretien général d’une maison située à Rivière-Salée.

Missions principales :
Nettoyage intérieur de la maison
Nettoyage et entretien des espaces extérieurs
Lavage, étendage et rangement du linge
Repassage des vêtements
Préparation des repas
Maintien de la propreté et de l’ordre général

Profil recherché :
Personne fiable, ponctuelle et discrète
Sens de l’organisation et du détail
Capacité à travailler de manière autonome
Expérience appréciée dans l’entretien d’une maison
Savoir préparer des repas simples
Permis de conduire obligatoire
Véhicule personnel indispensable

Conditions : 
Contrat : CDD à temps partiel de 1 mois
Horaires : de 7h00 à 11h00
Lieu : Rivière-Salée
Rémunération : 1000 F CFP / heure",,,,,9cf8c210-ae7f-4dfc-bf24-3f5bf014c234,0561100002,ECOM,SOCIETE A RESPONSABILITE LIMITEE (SARL),ECOM,NOUMEA,23 rue du Saint-Antoine Numbo,
20260519c6aa,Technicien / Technicienne en hygiéne et environnement,1,ACTIVE,H1303,2026-06-01 00:00:00+11:00,NOUMEA,CDI,0,0,0,true,5,false,false,false,2026-05-19 14:41:15+11:00,2026-05-19 14:41:15+11:00,Bac+2 domaine QHSE,,,,,,f81ff6f7-a882-4058-8893-36b67a6ce921,0312314001,NEODEL,SOCIETE PAR ACTIONS SIMPLIFIEE (SAS),NEODEL,NOUMEA,25 rue Auer Zone industrielle de Ducos,
20260519977d,Ouvrier carreleur / Ouvriére carreleuse,2,ACTIVE,F1608,,NOUMEA,CDD,0,3,0,false,SANS_DIPLOME,true,false,false,2026-05-19 13:55:02+11:00,2026-05-19 13:55:02+11:00,,"Recherche Carreleur 

Assidu, ponctuel, soignée, et maitrise compléte de la pose de revêtement de tout type de carreaux.",,,,,f5344115-a996-4721-9a9d-9ab56495d732,1224211001,GUIMA PACIFIC,SOCIETE A RESPONSABILITE LIMITEE (SARL),GUIMA PACIFIC,DUMBEA,212 B rue  Pierres Grangie ZAC PANDA,
202605183c09,Aide-soignant / Aide-soignante en gériatrie,1,ACTIVE,J1501,2026-06-01 00:00:00+11:00,NOUMEA,CDI,0,0,0,true,,true,false,false,2026-05-19 09:12:44+11:00,2026-05-19 09:12:44+11:00,Aide-Soignante,,,,,,44e4eca4-b7d2-49f2-9ab8-f47ccdad46fb,0477224002,ASSOCIATION DES PARENTS D'ENFANTS HANDICAPES DE LA NOUVELLE-CALEDONIE,ASSOCIATION LOI 1901 OU ASSIMILE,MAISON GABRIEL POEDI,NOUMEA,43 rue du Docteur Eschembrenner Île Nou,
20260518a19c,Infirmier préleveur / Infirmiére préleveuse,1,ACTIVE,J1506,2026-06-01 00:00:00+11:00,NOUMEA,CDI,0,0,0,true,3,true,true,true,2026-05-19 09:00:21+11:00,2026-05-19 09:00:21+11:00,DIPLOME D'INFIRMIERE,,,,,,ae27b59a-374d-4664-a4ae-0e9e6dc42df8,0432880001,LABORATOIRE DU CATALAN,SOCIETE D'EXERCICE LIBERAL A RESPONSABILITE LIMITEE (SELARL),LABORATOIRE DU CATALAN,NOUMEA,2 route du vélodrome Orphelinat,
20260518a809,Electronicien / Electronicienne d'installation,1,ACTIVE,I1305,,NOUMEA,CDI,0,0,0,false,,false,false,false,2026-05-18 16:42:15+11:00,2026-05-18 16:42:15+11:00,,"CIPAC HEALTHCARE renforce son activité Energie pour répondre aux exigences accrues de nos clients et recrute un Technicien Energie.
Chez CIPAC HEALTHCARE, le Technicien Énergie intervient sur des équipements électroniques et électriques liés à l’énergie et aux systèmes de distribution. Son rôle est essentiel pour garantir la fiabilité, la sécurité et la continuité de service des installations.

**Vos missions principales**
Votre périmètre d’intervention couvre plusieurs domaines techniques, notamment :
- Assurer la maintenance, le dépannage et la réparation d’équipements électroniques et électriques,
- Intervenir sur la partie électronique de systèmes de distribution, dont les pompes à essence,
- Diagnostiquer les pannes sur cartes électroniques, automatismes et interfaces de commande,
- Réaliser des travaux de tirage de câbles, raccordements électriques et connexions réseau,
- Maintenir les équipements de distribution automatique
- Intervenir ponctuellement sur des alimentations électriques autonomes, notamment les onduleurs INDRO,
- Garantir la sécurité électrique des installations et la continuité de service
- Appliquer les procédures et normes en vigueur, et assurer la traçabilité des interventions

**Profil recherché**
- Formation en électronique, électrotechnique (Bac à Bac+2),
- Très bon niveau d'Anglais écrit et oral indispensable (Documentation technique / relation fournisseurs / formation),
- Capacité à intervenir sur des systèmes électroniques et électriques variés,
- Rigueur, sens de l’analyse et respect des règles de sécurité,
- Autonomie, sens de l’organisation et esprit d’équipe,
- Bon relationnel et sens du service client,
- Gestion et planification des interventions
- Volonté d’apprendre et de monter en compétences sur de nouveaux équipements

**Permis B obligatoire**

**Ce poste est également ouvert aux patentés pouvant répondre aux exigences exprimées**

Comment candidatuer ? En cliquant sur :  [je postule !](https://jobs.world.luccasoftware.com/cipac/technicien-energie-hf-6c4cc11a-dd18-43a3-ad65-028f74a7f4f3)",,,,,4e5ec0cb-085f-4fe8-9f75-48ea7dbce2c7,0627208001,CIPAC MEDICAL,SOCIETE A RESPONSABILITE LIMITEE (SARL),CIPAC MEDICAL,NOUMEA,210 rue Gervolino Magenta,
202605180bf6,Peintre finisseur / Peintre finisseuse,1,ACTIVE,F1606,2026-05-19 00:00:00+11:00,NOUMEA,CDD,0,1,0,false,SANS_DIPLOME,false,false,false,2026-05-18 14:58:32+11:00,2026-05-18 14:58:32+11:00,,,,,,,4d1a86f6-8a25-4e2a-885a-19f5dc3531cf,1214931001,MAMATUI YANNICK,ENTREPRISE UNIPERSONNELLE A RESPONSABILITE LIMITEE (EURL),MAMATUI YANNICK,PAITA,15 lotissement Vergoz Mont-Mou,
2026051887c3,Livreur-vendeur / Livreuse-vendeuse,1,ACTIVE,N4105,2026-05-25 00:00:00+11:00,KONE,CDI,0,0,0,false,SANS_DIPLOME,false,true,false,2026-05-18 11:22:27+11:00,2026-05-18 11:22:27+11:00,,## Mon offre d'emploi,,,,,476c81a6-65a7-4fb4-82ef-ed5a0b3abdea,1670314001,"PITO Romana, Pascaline",PERSONNE PHYSIQUE,"PITO Romana, Pascaline",MONT-DORE,"415, rue du rp rougeyron Robinson",
20260517021e,Pharmacien / Pharmacienne en officine,1,ACTIVE,J1202,2026-05-18 00:00:00+11:00,POUEMBOUT,CDD,0,0,0,false,7,true,true,true,2026-05-18 10:42:33+11:00,2026-05-18 10:42:33+11:00,docteur en pharmacie,,,,,,8a64283a-610c-4885-86bd-81bd372c55cd,1235860001,PHARMACIE DE POUEMBOUT,SOCIETE D'EXERCICE LIBERAL A RESPONSABILITE LIMITEE (SELARL),PHARMACIE DE POUEMBOUT,POUEMBOUT,1185 avenue de Pouembout,
202605176323,Employé polyvalent / Employée polyvalente de restauration,1,ACTIVE,G1603,2026-05-18 09:55:59+11:00,NOUMEA,CDD,0,0,0,false,,true,false,false,2026-05-18 09:55:42+11:00,2026-05-18 09:55:42+11:00,,"## BIG FERNAND RECRUTE

Recrutement – Employé Polyvalent de Restauration

Le restaurant Big Fernand recrute un Employé Polyvalent de Restauration (H/F) en CDD de 3 mois, à pourvoir immédiatement.

Vos missions

Accueil et service des clients
Préparation des commandes
Participation à la mise en place et au nettoyage
Travail en équipe dans une ambiance dynamique

Profil recherché

Motivé(e), sérieux(se) et ponctuel(le)
Bon relationnel et esprit d’équipe

Une première expérience en restauration est un plus
Poste

CDD 3 mois
Prise de poste immédiate
Poste basé au restaurant de Centre-Ville

📩 Envoyez votre candidature à : direction@bigfernand.nc
📍 Ou présentez-vous directement au restaurant Big Fernand en Centre-Ville.",,,,,64c2a1f5-7a82-4c26-9d2e-a010880af82d,1514165002,MaJoune,SOCIETE A RESPONSABILITE LIMITEE (SARL),,NOUMEA,33 bis avenue du Maréchal Foch Centre Ville,
20260517d34a,Gestionnaire de structure de loisirs,1,ACTIVE,G1414,2026-05-18 00:00:00+11:00,,CDD,0,3,0,false,4,false,false,false,2026-05-18 09:53:08+11:00,2026-05-18 09:53:08+11:00,"BAFD, BPJEPS",,,,,,c1e830fc-f1ce-4bd3-9f95-b462a3f6bb7d,0795740001,PERI SCOLAIRE ET ANIMATION AUTOUR DU SPORT,ASSOCIATION LOI 1901 OU ASSIMILE,PERI SCOLAIRE ET ANIMATION AUTOUR DU SPORT,NOUMEA,1 rue Marcel Kollen Receiving,
20260517f7a4,Agent / Agente de destruction d'insectes,1,ACTIVE,K2305,,NOUMEA,CDI,0,0,0,false,,true,false,false,2026-05-18 09:32:18+11:00,2026-05-18 09:32:18+11:00,,,,,,,a8d56e1d-6a4f-48c2-9a4f-e6c8a8efc4b3,0324558001,LA MILLAVOISE,SOCIETE A RESPONSABILITE LIMITEE (SARL),LA MILLAVOISE,NOUMEA,11 bis route de la Baie des Dames Zone Industrielle de Ducos RUE JOSE CASAROLI,
202605171878,Employé polyvalent / Employée polyvalente de restauration,2,ACTIVE,G1603,2026-05-15 00:00:00+11:00,DUMBEA,CDD,0,1,0,false,SANS_DIPLOME,false,false,false,2026-05-18 07:39:11+11:00,2026-05-18 07:39:11+11:00,,,,,,,c2b68aae-a206-438e-a148-e444bde21e41,0904300001,PIZZERIA SAVANNAH,SOCIETE A RESPONSABILITE LIMITEE (SARL),PIZZERIA SAVANNAH,PAITA,95 lotissement Savannah N°K 1 Savannah,
2026051713d4,Responsable de la communication,1,ACTIVE,E1109,2026-06-15 00:00:00+11:00,NOUMEA,CDI,0,0,0,true,6,true,false,false,2026-05-18 07:16:54+11:00,2026-05-18 07:16:54+11:00,ecole de commerce ou formation universitaire,,,,,,e97cb4c5-2df3-47b6-8218-8b0f294f5793,0251603001,HOLDING GROUPE JEANDOT,SOCIETE PAR ACTIONS SIMPLIFIEE (SAS),HOLDING GROUPE JEANDOT,NOUMEA,218 rue Armand Ohlen Portes de Fer,
20260517e8d2,Commis / Commise de restaurant,3,ACTIVE,G1803,2026-06-01 00:00:00+11:00,PAITA,CDD,0,0,0,false,3,false,false,false,2026-05-17 19:28:33+11:00,2026-05-17 19:28:33+11:00,,,,,,,452d8bd8-3b79-4399-91ed-2d7d907df996,1466689001,LA PLANCHE À PIZZA,SOCIETE A RESPONSABILITE LIMITEE (SARL),LA PLANCHE À PIZZA,DUMBEA,26 route Territoriale 1,
20260517f6ba,Animateur / Animatrice d'atelier sciences,1,ACTIVE,G1242,,NOUMEA,CDD,0,0,1,false,6,false,false,false,2026-05-17 15:50:24+11:00,2026-05-17 15:50:24+11:00,,"La FédéSciences, fédération regroupant 5 associations de diffusion de la culture scientifique, recherche un ou une  médiateur(trice) scientifique passionné(e) et engagé(e) pour rejoindre notre équipe **à mi-temps. **
Vous serez chargé(e) de transmettre des connaissances scientifiques au grand public, de créer des activités éducatives innovantes et de promouvoir une compréhension éclairée des sciences, tout en assurant certaines missions administratives essentielles au fonctionnement de la structure.
Travail certains week end et parfois le soir à prévoir, de même qu'un esprit associatif! 

Contactez Frédérique au 75 30 87 ou par mail à contact.fedesciences@gmail.com",,,,,d61b0668-cb30-4323-b529-23778e370540,,,,,,,
20260515d0ee,Ingénieur / Ingénieure systéme réseau informatique,1,ACTIVE,M1822,2026-05-15 16:17:23+11:00,NOUMEA,CDI,0,0,0,false,7,false,false,false,2026-05-15 16:17:18+11:00,2026-05-15 16:17:18+11:00,,"Tu es passionné(e) par les réseaux et les systèmes informatiques ? Tu rêves de travailler dans une entreprise dynamique et innovante ? Rejoins Cube NC, le leader en transformation digitale, et deviens notre prochain(e) super héros des systèmes et réseaux !

MISSIONS :
• Déployer et maintenir des systèmes d’exploitation
• Concevoir des architectures réseau ultra-performantes.
• Déployer et maintenir nos infrastructures avec brio.
• Garantir la sécurité de nos données comme un(e) vrai(e) pro.
• Supporter et former nos utilisateurs avec le sourire.


Profil attendu

Ce qu'on attend de toi :

• Maîtrise des environnements Windows Server, O365, et Linux.
• Expert en réseaux (LAN, WAN, Wi-Fi) et en virtualisation (VMware, stockage SAN).
• Passion pour la cybersécurité et les nouvelles technologies.
• Bac +3 à Bac +5 en informatique, réseaux ou télécommunications.
• Expérience solide en gestion de systèmes et réseaux

Qualités :
• Rigueur et organisation (comme un(e) chef(fe) d’orchestre).
• Bon relationnel et esprit d’équipe (team player dans l'âme).
• Capacité à gérer les urgences avec calme et efficacité.

Ce qu'on offre :
• Un environnement de travail stimulant et fun.
• Des projets variés et innovants.
• Opportunités de développement professionnel.

Prêt(e) à relever le défi ? Envoie ton CV et rejoins l’aventure Cube NC !
Permis B exigé

Candidatez via le formulaire de candidature : 
[https://jobs.world.luccasoftware.com/cipac/ingenieur-systeme-et-reseaux-hf-843da27a-018f-4261-96dd-2794496d5da5]",,,,,04dcdd35-6015-4a10-b20f-282197cf3f40,1324706001,CUBE.NC,SOCIETE PAR ACTIONS SIMPLIFIEE (SAS),CUBE.NC,NOUMEA,210 rue gervolino Magenta,
202605154ba6,Ingénieur / Ingénieure réseaux télécoms,1,ACTIVE,M1804,2026-05-15 15:51:20+11:00,NOUMEA,CDI,0,0,0,false,7,true,false,false,2026-05-15 15:51:06+11:00,2026-05-15 15:51:06+11:00,,"🎯 Votre mission :
En tant qu’Ingénieur Sénior ToIP & Communications Unifiées, vous jouez un rôle clé dans la conception, le déploiement et l’évolution des infrastructures de téléphonie et de communication de nos clients. Vous intervenez sur des projets à forte valeur ajoutée, depuis l’avant-vente jusqu’au support avancé.

📞 Vos principales responsabilités
- Téléphonie sur IP, Communications Unifiées & Centres d’Appels (clients externes)
- Piloter et déployer des projets complexes de refonte ToIP.
- Réaliser l’installation sur site et la configuration complète des solutions vendues
- Assurer le support technique N2/N3, l’analyse et le traitement des incidents.
- Rédiger des propositions techniques dans le cadre d’appels d’offres.
- Concevoir des architectures techniques et assurer un rôle de conseil auprès des clients.
- Effectuer une veille technologique et mettre en œuvre des POC pour valider de nouvelles solutions.
- Réseaux, Systèmes & Environnements Satellites
- Maîtriser les prérequis techniques réseau & systèmes nécessaires à la ToIP : VLAN, LLDP, QoS, DHCP Relay, etc.
- Réaliser des diagnostics réseau / systèmes (Linux & Windows) afin d’identifier l’origine des incidents.
- Collaborer avec les experts métiers lorsque des escalades techniques sont nécessaires.
Profil attendu
Formation Bac+5 en télécommunications avec une forte expérience dans les environnements téléphonie, communications et réseaux,
Maitrise des prérequis techniques ToIP pour la couche réseau, systèmes (vlan, lldp, qos, DHCP relay) et des applications de communications unifiées.

Formation & expérience :
- Bac+5 en télécommunications ou équivalent.
- Solide expérience dans les environnements téléphonie, communications et réseaux.
- Certifications souhaitées
- Mitel Mv5000 et/ou Alcatel OXE.
- Expertise Téléphonie & Communications
- Solutions ToIP : 3CX, Wazo, XiVo, Asterisk
- Centres d’appel : Akio, 3CX, Wazo, CCD Alcatel, ISI-COM
- Communications unifiées : Mitel MiCollab, Alcatel Rainbow, MS Teams
- Solutions ToIP Mitel & Alcatel : Mv5000, Callmanager, OXE 8770, virtualisation, redondance, trunk SIP, etc.
- Gestion d’infrastructures ToIP > 1000 postes et 15 IPBX.

Compétences transverses :
- Gestion de projet technique
- Réseaux & sécurité
- Systèmes Linux / Windows
- Connaissance des bonnes pratiques ITILv3
- Protocoles : SIP, PJSIP, WebRTC, SIPTLS
- Routing / Switching
- Outils : Wireshark, tcpdump, plateformes d’administration
- OS : Windows, Linux

🤝 Vos qualités humaines
- Sens aigu du service client
- Excellent esprit d’équipe
- Motivation, curiosité et attitude positive
- Capacité d’analyse et de synthèse

Comment candidater ? cliquez ici : [https://jobs.world.luccasoftware.com/cipac/ingenieur-toip-et-communications-unifiees-hf-968eaa00-d744-4fbe-a0ad-f0ce2d23e4a4]",,,,,04dcdd35-6015-4a10-b20f-282197cf3f40,1324706001,CUBE.NC,SOCIETE PAR ACTIONS SIMPLIFIEE (SAS),CUBE.NC,NOUMEA,210 rue gervolino Magenta,
20260515d1b1,Chef / Cheffe de projet marketing digital,1,ACTIVE,M1718,2026-05-15 14:14:12+11:00,NOUMEA,CDD,0,0,1,false,,true,false,false,2026-05-15 14:13:54+11:00,2026-05-15 14:13:54+11:00,,"**Chef de Projet Marketing Digital & Performance (H/F)**
📍 Nouméa – Présentiel | CDD 12 mois évolutif CDI | Dès que possible

**Qui sommes-nous ?**
Impact e-Média est une PME de 7 personnes implantée en Nouvelle-Calédonie et en Polynésie française, spécialisée dans le marketing direct et les solutions mobiles : jeux-concours, campagnes d'acquisition de leads, SMS marketing. 
Notre métier : concevoir des campagnes qui génèrent des résultats concrets et mesurables.

L'ambiance est conviviale — même quand le rythme est soutenu.

**Votre rôle**
Rattaché(e) directement au dirigeant, vous êtes le véritable Chef d'Orchestre Opérationnel du marketing. Ce poste exige une double casquette : vous supervisez la production (coordination de l'équipe) et assurez l'exécution des tâches stratégiques (rédaction, pilotage des campagnes SMS, analyse).

Votre mission : transformer une idée en campagne performante, parfaitement exécutée, du brief initial jusqu'à l'analyse des résultats.

**Vos missions**
1. Concevoir & piloter les opérations (Jeux SMS & Concours)
- Imaginer les mécaniques de jeux, choisir les dotations adaptées aux temps forts et aux audiences
- Planifier chaque projet sur un outil de gestion de projet, coordonner et gérer l'équipe de production (graphiste, assistante) pour respecter les délais et les objectifs.
- Superviser la production de A à Z et valider la qualité des livrables.
- Assurer l'exécution opérationnelle des phases clés de création de contenu et de pilotage technique des campagnes SMS.
- Être force de proposition sur de nouvelles mécaniques, nouveaux formats, nouvelles approches

2. Créer & piloter les campagnes de communication
- Rédiger ou valider les contenus : publications Facebook, newsletters, briefs créatifs
- Concevoir et piloter les campagnes SMS avec rigueur et réactivité
- Proposer des stratégies pour amplifier la portée des opérations et favoriser la viralité

3. Analyser & optimiser les performances
- Suivre les indicateurs clés en temps réel (participations, ROI, taux de conversion)
- Ajuster les actions marketing en fonction des résultats obtenus
- Proposer des améliorations continues pour maximiser chaque opération
- Tester, mesurer, améliorer - en continu

**Votre profil - Un ""Profil 360 orienté résultats""**

**Expérience**
- 3 ans minimum en marketing digital, marketing opérationnel ou gestion de projet
- Vous avez déjà piloté des campagnes avec un objectif de résultats concrets (ventes, leads, engagement)

**Ce que nous recherchons vraiment**
- Vous êtes orienté résultats, pas seulement exécution - vous pensez performance avant de penser créativité
- Vous savez passer d'un brief graphique à un tableau de bord sans perdre le fil
- Vous prenez des initiatives et des décisions, même sous pression
- Votre orthographe est irréprochable et vous adaptez votre plume à chaque support
- Vous savez utiliser l'IA, vous maîtrisez le prompting et savez intégrer l'IA dans votre workflow quotidien
- Vous gérez plusieurs projets simultanément avec rigueur et sang-froid
- Vous avez envie de vous impliquer dans la durée au sein d'une structure à taille humaine

**Outils**
- Outil de gestion de projet,
- Meta Business Suite,
- Google Ads, Google Workspace
- Outils d'emailing
- Outils IA générative

**Ce que nous offrons**
- Une autonomie progressive, construite sur la confiance et les résultats
- Une structure à taille humaine où la hiérarchie est courte et les décisions rapides
- Des missions variées : aucune journée ne se ressemble
- La satisfaction de voir l'impact concret de son travail

**Organisation du CDD :**
- Phase 1 (2 mois) : prise en main, montée en compétences
- Phase 2 (4 mois) : autonomie progressive, résultats attendus
- Phase 3 (6 mois) : pleine autonomie, évaluation en vue d'un CDI

**Candidature**
Envoyez votre CV + quelques lignes sur votre vision du marketing de performance à : cv@iem.nc

*Dites-nous ce qui vous attire dans ce poste — pas juste ce que vous savez faire.*",,,,,f9ec2520-b6bc-494c-979b-02c0bb7250c2,1408574002,IMPACT E-MEDIA,SOCIETE A RESPONSABILITE LIMITEE (SARL),IMPACT E-MEDIA / JEUX-CONCOURS NC,NOUMEA,48 rue Pierre loti Portes de Fer,
20260515dc51,Mécanicien / Mécanicienne de chantier,1,ACTIVE,I1616,2026-05-15 00:00:00+11:00,YATE,CDI,0,0,0,false,3,true,false,false,2026-05-15 12:05:08+11:00,2026-05-15 12:05:08+11:00,,"1 Mécanicien sur engins miniers (H/F) pour être chargé de diagnostiquer, réparer et entretenir les engins et équipements de l'entreprise en respectant les consignes de sécurité sur les sites des clients miniers ; Titulaire au minimum d'un CAP - BEP au minimum en mécanique d’engins, maintenance des matériels ; expérience professionnelle exigée (minimum 5 ans) ; possédant le permis B ; CDI (4x4) - YATE",,,,,c2b43b96-5c2b-47aa-b199-a5ef717b0c90,0030551002,SOCIETE CALEDONIENNE DES TRACTEURS,SOCIETE PAR ACTIONS SIMPLIFIEE (SAS),CALTRAC,PAITA,ZICO II,
20260514a853,Monteur cébleur raccordeur / Monteuse cébleuse raccordeuse,1,ACTIVE,I1315,2026-05-15 00:00:00+11:00,NOUMEA,CDI,0,0,0,false,3,true,false,false,2026-05-15 09:33:08+11:00,2026-05-15 09:33:08+11:00,,"## Mon offre d'emploi

DEPLACEMENT SUR TOUTE LA NOUVELLE-CALEDONIE",,,,,a09db193-0bf0-4442-95db-edf7d22fb7b5,0192443001,SECU SYSTEM'S,SOCIETE A RESPONSABILITE LIMITEE (SARL),SECU SYSTEM'S,NOUMEA,6 RUE CHALIER P.K. 4,
20260514ef51,Technicien / Technicienne sécurité-alarme,1,ACTIVE,I1314,2026-05-15 00:00:00+11:00,NOUMEA,CDI,0,0,0,false,4,true,false,false,2026-05-15 09:08:04+11:00,2026-05-15 09:08:04+11:00,,"## Mon offre d'emploi

DEPLACEMENTS SUR TOUTE LA NOUVELLE-CALEDONIE",,,,,a09db193-0bf0-4442-95db-edf7d22fb7b5,0192443001,SECU SYSTEM'S,SOCIETE A RESPONSABILITE LIMITEE (SARL),SECU SYSTEM'S,NOUMEA,6 RUE CHALIER P.K. 4,
20260514c45d,Responsable de maintenance industrielle,1,ACTIVE,I1102,2026-05-14 00:00:00+11:00,NOUMEA,CDD,0,0,0,false,3,true,true,false,2026-05-14 21:21:56+11:00,2026-05-14 21:21:56+11:00,"Formation technique en réfrigération, génie climatique ou maintenance industrielle","## Responsable de maintenance

Description du poste :

Nous sommes une société familiale en pleine expansion. Experte dans la conception, la vente, l’installation, la mise en service, l’entretien et le dépannage d’équipements en froid commercial et industriel. Nous intervenons sur toute la Nouvelle-Calédonie. 
Pour nous accompagner, nous recherchons un  responsable de maintenance.

Votre mission:

Vous êtes garant(e) du bon fonctionnement des installations, de la qualité de service et de la performance de l’équipe maintenance.

Vos responsabilités:

- Pilotage de la maintenance
- Organisation et supervision des opérations de maintenance préventive et curative
- Diagnostic des pannes simple 
- Suivi de la performance et fiabilité des installations frigorifiques
- Management & coordination
- Encadrement et animation de l’équipe de techniciens
- Planification des interventions et gestion des priorités
- Interface avec les clients
- Qualité, sécurité & conformité
- Veille au respect des normes de sécurité et réglementations 
- Mise en place et suivi des procédures de maintenance
- Contribution à l’amélioration continue et à l’optimisation des coûts

Votre profil:

✔ Formation technique en réfrigération, génie climatique ou maintenance industrielle
✔ Expérience confirmée en maintenance, idéalement avec une première expérience en management
✔ Compétences en installations frigorifiques
✔ Sens de l’organisation, leadership, autonomie
✔ Bon relationnel et orientation client

Pourquoi nous rejoindre ?

- CDD/CDI avec un poste à responsabilités
- Environnement technique stimulant
- Entreprise en développement avec une vraie vision long terme
- Autonomie, confiance et esprit d’équipe
- Rémunération attractive selon profil et expérience

Compétences requises :
BEP / BAC PRO /  BAC + 2

Envoyer CV+ Lettre de motivation à l'adresse mail suivante : info@smart.nc",,,,,d0e9edf2-bc04-4f5a-b15f-57c6e248b9c9,1626118001,SMART & CO,SOCIETE A RESPONSABILITE LIMITEE (SARL),SMART & CO,NOUMEA,3 rue Simone Houde Normandie,
20260514107e,Responsable sécurité,1,ACTIVE,K2502,2026-08-31 00:00:00+11:00,,CDI,0,0,0,true,6,true,false,false,2026-05-14 16:09:45+11:00,2026-05-14 16:09:45+11:00,Formation ENAC - Instructeur surteté,"## Mon offre d'emploi
Intitulé du poste : Responsable Sureté
Casier judiciaire exempe de toute mention contradictoire est obligatoire",,,,,13513cbf-ad15-435b-8abd-4064248c32f5,0428425001,PACIFIC AIRPORT,SA A CONSEIL D'ADMINISTRATION (S.A.I.),PACIFIC AIRPORT,PAITA,Tontouta Aéroport de Tontouta,
2026051401bc,Agent / Agente de destruction d'insectes,1,ACTIVE,K2305,2026-07-01 00:00:00+11:00,NOUMEA,CDI,0,0,0,false,,true,false,false,2026-05-14 15:24:14+11:00,2026-05-14 15:24:14+11:00,,"Offre d’emploi – Agent de destruction d’insectes (H/F)

Dans le cadre du développement de notre activité, nous recherchons un Agent de destruction d’insectes (H/F) motivé(e) et rigoureux(se), chargé(e) d’intervenir chez nos clients particuliers et professionnels afin de prévenir, traiter et éliminer les nuisibles insectes.

Missions principales
Identifier les espèces nuisibles présentes (cafards, fourmis, punaises de lit, guêpes, moustiques, termites, etc.).
Réaliser des diagnostics sur site.
Mettre en place des traitements adaptés dans le respect des normes de sécurité.

Profil recherché
Expérience dans la lutte antiparasitaire appréciée, débutant accepté avec formation.
Bonne condition physique et aisance sur le terrain.
Sens du service client et bon relationnel.
Rigueur, autonomie et ponctualité.
Permis B souhaité.

Conditions
Contrat : CDI / CDD selon profil. Temps plein.
Rémunération : selon expérience + primes.",,,,,0e8a39f5-ddfc-43c6-aea4-2c3695ad942b,,,,,,,
202605135e7e,Technicien expert / Technicienne experte immobilier,1,ACTIVE,F1130,2026-08-03 00:00:00+11:00,NOUMEA,CDD,0,0,1,false,4,true,false,false,2026-05-13 14:55:52+11:00,2026-05-13 14:55:52+11:00,,"Technicien(ne) immobilier et de maintenance.
Affecté(e) au sein du Service Administratif Régional de la cour d’appel de Nouméa le technicien, ou la technicienne, immobilier, maintenance, sûreté est placé(é) sous l’autorité de la directrice déléguée à l’administration régionale judiciaire. Son supérieur hiérarchique direct est le responsable de la gestion des équipements immobiliers (RGEI). Il (elle) travaille en collaboration avec les directeurs/ directrices de greffe du ressort de la cour d’appel de Nouméa. Il (elle) participe au suivi de l’exploitation, de la conservation et de l’entretien du patrimoine immobilier et des équipements avec le souci de la sécurité et de la sûreté des personnes et des biens. Il (elle) veille à l’ensemble des normes réglementaires (notamment les mesures de sécurité incendie) et aux mises en conformité. Il (elle) assure un rôle de conseil.
Il est amené à effectuer des déplacements réguliers dans les juridictions du ressort de la cour d’appel (Koné, Lifou et Mata Utu).",,,,,58d4c3b6-7d55-430b-b220-06bb81085819,0131581001,COUR D'APPEL DE NOUMEA,ADMINISTRATION DE L'ETAT,COUR D'APPEL DE NOUMEA,NOUMEA,2 BOULEVARD EXTERIEUR FAUBOURG BLANCHOT,
20260512be26,Administrateur / Administratrice de systéme d'information,1,ACTIVE,M1801,2026-05-13 00:00:00+11:00,NOUMEA,CDI,0,0,0,false,5,false,false,false,2026-05-13 10:44:21+11:00,2026-05-13 10:44:21+11:00,"Informatique (systèmes, réseaux ou équivalent)","**Âboro Consulting** recrute pour un acteur majeur du numérique en Nouvelle-Calédonie, un **Administrateur Systèmes et Réseaux (H/F).**

Vous êtes garant(e) des missions suivantes :
• Assurer le support de niveau 3 (incidents, demandes, changements) dans des environnements multi-clients,
• Administrer des infrastructures systèmes (Windows Server, Linux) et virtualisées (VMware, KVM),
• Gérer les solutions de sauvegarde (Veeam ou équivalent) et garantir la disponibilité des données,
• Administrer les réseaux (VLAN, VPN, firewalling) et contribuer à leur sécurisation,
• Superviser les environnements (monitoring, alerting, reporting) et assurer leur performance,
• Participer à la gestion et à l’évolution des infrastructures (stockage, virtualisation, conteneurisation),
• Intervenir en support technique auprès des équipes internes (N1/N2) et contribuer à leur montée en compétence,
• Participer aux projets techniques (déploiement, amélioration continue, automatisation),
• Assurer la documentation des procédures et le respect des bonnes pratiques (sécurité, qualité).

Afin de tenir ce poste vous êtes titulaire d’un Bac+2/3 minimum en informatique (systèmes, réseaux ou équivalent) et justifiez d’au moins 5 ans d’expérience sur un poste similaire en environnement complexe.
Vous maîtrisez :
• Windows Server et environnements virtualisés (VMware impératif),
• Les environnements réseaux (VLAN, VPN, firewall),
• Les solutions de sauvegarde (Veeam ou équivalent),
• Le support de niveau 3 et les environnements multi-clients.
Une connaissance de Linux, du cloud (Azure, AWS), de l’automatisation (PowerShell, Bash, Ansible) ou des environnements conteneurisés (Docker, Kubernetes) serait un plus.

Permis B requis.

Qualités requises : Esprit d’équipe, rigueur, autonomie, sens de l’analyse, gestion des priorités, sens du service

Ce poste est à pourvoir en CDI à Nouméa avec des déplacements réguliers.",,,,,10946cce-b328-4ab4-971a-bc93a73f02d1,0418582001,ÂBORO CONSULTING,SOCIETE PAR ACTIONS SIMPLIFIEE (SAS),ÂBORO CONSULTING,NOUMEA,24 avenue du Maréchal Foch Centre Ville,
2026051207d0,Ouvrier boulanger / Ouvriére boulangére,1,ACTIVE,D1102,2026-05-15 00:00:00+11:00,NOUMEA,CDD,0,1,0,false,,false,true,false,2026-05-13 10:32:41+11:00,2026-05-13 10:32:41+11:00,,CV + LM,,,,,08aea1cc-79dd-4279-93b0-5ca06680e957,1435882001,AU PETRIN,SOCIETE A RESPONSABILITE LIMITEE (SARL),AU PETRIN,DUMBEA,18 route du Trou des Nurses,
20260512247c,Responsable reporting et consolidation comptable,1,ACTIVE,M1206,2026-05-13 00:00:00+11:00,NOUMEA,CDI,0,0,0,false,7,false,false,false,2026-05-13 10:30:17+11:00,2026-05-13 10:30:17+11:00,Comptabilité type Master ou DSCG,"**Âboro Consulting **recrute pour une holding d’un important groupe de sociétés, acteur majeur de l’économie calédonienne, un** Responsable Comptabilité et Reporting (H/F)**. 
Vous êtes garant des missions suivantes :
Comptabilité
•	Participer au pilotage de l’activité comptable de la Holding et des sociétés rattachées
•	Superviser un comptable dans le cadre de la tenue de la comptabilité (saisie, facturation, encaissement, paiement fournisseur, états de rapprochement bancaires…) des sociétés financières et immobilières du Groupe
•	Préparer la clôture des comptes annuels
•	Préparer les états financiers et les déclarations fiscales et comptables réglementaires, selon les normes applicables sur le territoire
•	Réaliser le reporting mensuel des sociétés gérées en interne
•	Préparer et exploiter semestriellement les réconciliations inter-compagnies
•	Réaliser les liasses de consolidation avec le consolideur
•	Piloter les audits financiers des sociétés gérées en interne avec le directeur financier

Reporting
•	Réaliser le reporting mensuel Groupe sous la supervision du directeur financier
•	Élaborer les processus de reporting et de remontée d’information fiables (à travers la mise en place du nouvel outil de reporting)
•	Apporter les éléments financiers indispensables au pilotage stratégique
•	Conduire et faire remonter des analyses ponctuelles à la demande de la direction
•	Contribuer à l’amélioration des outils de contrôle de gestion en proposant des solutions d’amélioration, et en assurant la mise en place et le suivi de plans d’actions

Autres missions
•	Piloter les assurances du Groupe (déclarations des capitaux, gestion des sinistres, refacturations des assurances)
•	Participer et améliorer le processus budgétaire du Groupe
•	Contribuer à l’amélioration des systèmes d’information de gestion récemment déployés (ERP)

Afin de tenir ce poste, vous êtes titulaire d’un Bac+4/5 en comptabilité, type Master ou d’un DSCG, et vous justifiez d'une expérience professionnelle de minimum 3 ans, idéalement en cabinet d’audit ou d’expertise-comptable. 
Vous disposez d’une bonne maîtrise des logiciels type ERP et bureautiques (notamment Excel). 
Un niveau d’anglais intermédiaire est demandé pour le poste. 

Qualités : Bonne capacité d’analyse et de synthèse, dynamisme, rigueur, bonne gestion du temps, esprit critique, organisation et délégation des responsabilités, confidentialité, capacité à innover. 

Ce poste est à pourvoir en CDI à Nouméa.",,,,,10946cce-b328-4ab4-971a-bc93a73f02d1,0418582001,ÂBORO CONSULTING,SOCIETE PAR ACTIONS SIMPLIFIEE (SAS),ÂBORO CONSULTING,NOUMEA,24 avenue du Maréchal Foch Centre Ville,
20260512db8e,Responsable de plate-forme logistique,1,ACTIVE,N1301,2026-05-13 00:00:00+11:00,NOUMEA,CDI,0,0,0,false,4,false,false,false,2026-05-13 10:17:03+11:00,2026-05-13 10:17:03+11:00,,,,,,,10946cce-b328-4ab4-971a-bc93a73f02d1,0418582001,ÂBORO CONSULTING,SOCIETE PAR ACTIONS SIMPLIFIEE (SAS),ÂBORO CONSULTING,NOUMEA,24 avenue du Maréchal Foch Centre Ville,
20260512f797,Responsable développement / Business Developer,1,ACTIVE,M1707,2026-05-13 00:00:00+11:00,NOUMEA,CDI,0,0,0,false,7,false,false,false,2026-05-13 10:06:28+11:00,2026-05-13 10:06:28+11:00,"Commerce, Marketing ou équivalent","**Âboro Consulting** recrute pour son client, un **Directeur Développement, Marketing & Expérience Client (H/F).**

Membre du Comité de Direction et rattaché(e) à la Direction Générale, vous jouez un rôle clé dans la structuration et l’accélération de la croissance de l’entreprise
Vous intervenez à la fois sur les enjeux de développement business, de structuration des offres et de performance commerciale.

À ce titre, vous êtes garant(e) des missions suivantes :
•	Définir et déployer la stratégie de développement et de croissance de l’activité 
•	Structurer et faire évoluer les offres, les propositions de valeur et les modèles économiques associés 
•	Piloter la performance commerciale à travers la mise en place d’indicateurs et d’outils de suivi 
•	Développer et animer les actions marketing et de mise en marché des solutions 
•	Renforcer la culture client et améliorer en continu l’expérience et la satisfaction des utilisateurs 
•	Contribuer à la communication interne et externe en lien avec le positionnement de l’entreprise 
•	Travailler en forte transversalité avec les directions métiers, techniques et support.


De formation supérieure Bac+4/5 en commerce, marketing ou équivalent, vous justifiez d’une expérience confirmée dans des fonctions de développement, marketing, business ou transformation, idéalement dans des environnements B2B et B2C.

Doté(e) d’un leadership naturel, vous êtes à la fois stratège et orienté(e) action. Vous savez structurer, impulser et transformer des orientations en résultats concrets, tout en fédérant les équipes en transverse autour d’objectifs communs.

Savoir-faire :
• Élaboration de stratégies de développement et marketing
• Pilotage de la performance commerciale et des indicateurs
• Structuration d’offres et de modèles économiques
• Gestion de projets transverses et lancement d’offres
• Bonne compréhension des environnements digitaux et innovants

Savoir-être :
• Leadership et capacité à fédérer
• Esprit stratégique et sens du résultat
• Rigueur, organisation et pragmatisme
• Aisance relationnelle et sens du client
• Goût pour l’opérationnel et l’action


Ce poste est à pouvoir en CDI sur le Grand Nouméa.",,,,,10946cce-b328-4ab4-971a-bc93a73f02d1,0418582001,ÂBORO CONSULTING,SOCIETE PAR ACTIONS SIMPLIFIEE (SAS),ÂBORO CONSULTING,NOUMEA,24 avenue du Maréchal Foch Centre Ville,
20260512cc4c,Chef / Cheffe de secteur commerce,1,ACTIVE,D1509,2026-05-13 00:00:00+11:00,NOUMEA,CDI,0,0,0,false,5,false,false,false,2026-05-13 09:38:18+11:00,2026-05-13 09:38:18+11:00,Commerce ou équivalent,"**Aboro Consulting** recrute pour son client, **UN RESPONSABLE UNIVERS (H/F).**

Vous êtes garant(e) des missions suivantes :
·         Définir et déployer la politique commerciale de son périmètre,
·         Développer l'activité commerciale de son secteur,
·         Recruter et animer une équipe de vendeurs,
·         Garantir un approvisionnement fluide et la disponibilité permanente des produits,
·         Optimiser la gestion des stocks et assurer la bonne rotation des marchandises
·         Développer les ventes à travers la mise en valeur de l'offre et la qualité du conseil client,​
​·         Veiller à la sécurité des biens et des personnes,
·         Assurer un rôle d'interface entre la direction et les équipes terrain
​·         Participer à la bonne exploitation du magasin (permanences, ouverture/fermeture, continuité d'activité)


Afin de tenir ce poste vous êtes titulaire d’un Bac+2/3 en commerce, gestion ou équivalent. 

Vous justifiez d’une expérience significative en commerce et management d'équipe, idéalement dans le secteur de la distribution.
​
Compétences techniques attendues :
•              Maîtrise des outils de gestion, de reporting et de planification,
​•              ​Connaissance des fondamentaux de la gestion commerciale (stocks, indicateurs de performances, plannings) ​
•              Bonne connaissance technique des produits,
•              Management des équipes,

Qualités requises :
•              Placer le client au cœur de vos préoccupations,
•              Etre capable d’identifier un problème et de l’analyser pour le résoudre,
•              Faire preuve de sens des responsabilités, pragmatisme, adaptabilité, autonomie, rigueur, esprit d’équipe, assertivité et leadership pour mobiliser son équipe,
•              Avoir une aisance relationnelle, un esprit d’initiative et savoir entreprendre. Etre organisé(e) et empathique.
​
​Ce poste est à pourvoir en CDI sur Nouméa.",,,,,10946cce-b328-4ab4-971a-bc93a73f02d1,0418582001,ÂBORO CONSULTING,SOCIETE PAR ACTIONS SIMPLIFIEE (SAS),ÂBORO CONSULTING,NOUMEA,24 avenue du Maréchal Foch Centre Ville,
20260512df54,Responsable de magasin,1,ACTIVE,D1302,2026-05-13 00:00:00+11:00,NOUMEA,CDI,0,0,0,false,6,true,true,true,2026-05-13 09:30:06+11:00,2026-05-13 09:30:06+11:00,Commerce ou équivalent,,,,,,10946cce-b328-4ab4-971a-bc93a73f02d1,0418582001,ÂBORO CONSULTING,SOCIETE PAR ACTIONS SIMPLIFIEE (SAS),ÂBORO CONSULTING,NOUMEA,24 avenue du Maréchal Foch Centre Ville,
20260512a1f1,Acheteur approvisionneur / Acheteuse approvisionneuse,1,ACTIVE,M1101,2026-06-01 00:00:00+11:00,NOUMEA,CDD,0,6,0,false,6,false,false,false,2026-05-13 08:53:28+11:00,2026-05-13 08:53:28+11:00,Achat ou approvisionnement,"Vous serez en charge des achats et des approvisionnements des matières premières liés à l’activité 
industrielle de l’entreprise (Café vert / sachets/ étiquettes), ainsi que de la partie sourcing et 
approvisionnement des machines à café et des pièces de rechange.  

Sous la supervision de la direction vous aurez la charge de la stratégie achat et approvisionnement 
pour les sociétés du groupe.  
 
→ Sourcing / achat et approvisionnement du café vert et des emballages  
→ Relation avec les fournisseurs et les transitaires 
→ Calcul des prix de revient  
→ Gestion des stocks et suivi des achats (valeur / volume)",,,,,ffc2dcf7-87a0-44ac-a5da-edd0cba67d83,0819771001,CAFEINE,SOCIETE A RESPONSABILITE LIMITEE (SARL),CAFEINE,NOUMEA,1 rue Champollion Zone Industrielle de Ducos,
202605122712,Assistant administratif / Assistante administrative,1,ACTIVE,M1607,,NOUMEA,CDD,0,3,0,false,5,false,false,false,2026-05-13 07:52:51+11:00,2026-05-13 07:52:51+11:00,"Gestion, PME-PMI",,,,,,693151e9-ab94-466a-9c9a-667708442db9,1311299001,PROSELECT,SOCIETE A RESPONSABILITE LIMITEE (SARL),PROSELECT,NOUMEA,224 rue Jacques Iékawé PK 6 Complexe Belle Vie,
20260512afcb,Chef / Cheffe de projet Systémes d'Information,1,ACTIVE,M1803,2026-05-12 16:42:23+11:00,,CDI,0,0,0,false,4,false,false,false,2026-05-12 16:41:00+11:00,2026-05-12 16:41:00+11:00,,"Aboro Consulting recrute pour son client, UN CHEF DE PROJET SI MOA/MOE (H/F)


Rattaché(e) au DSI vous êtes garant(e) des missions suivantes :


	Gérer les études et projets : conduire les études ou projets relatifs à l’évolution du Système d’Information, en tenant compte des besoins opérationnels et des objectifs stratégiques de la CCI NC depuis l’expression du besoin jusqu’au passage en exploitation. Appliquer la feuille de route du SI et collecte les besoins métiers (digitalisation, automatisation, IA, etc). Garantir la réalisation des cahiers des charges fonctionnels et rédiger les spécifications et définir les livrables associés. Assurer un rôle de conseil auprès des clients internes pour implémenter des solutions de digitalisation. Assurer la veille technologique


	Gérer un portefeuille de projets : Suivre l’avancement des projets et, mettre en place des indicateurs pertinents et réaliser un reporting régulier, Escalader pour arbitrage les risques et les points de blocage.


	Garantir le déploiement et la conduite du changement : assurer l’installation et l’intégration des nouveaux éléments dans l’infrastructure existante, garantir le fonctionnement optimal du système, suivre et analyser les performances, mettre en place des mesures susceptibles d’améliorer la qualité ou la productivité du système. Définir les SLA associés aux nouveaux systèmes et construire les indicateurs de suivi en exploitation.


	Gérer la sécurité : Être garant de la prise en compte de la conformité aux exigences de cybersécurité auxquelles l’établissement est soumis à toutes les phases du projet. Contrôler l’application de la politique de sécurité des systèmes d’information. Faire appliquer les recommandations de cybersécurité.


	Piloter les équipes transverses : S'assurer de la bonne relation des services SI et des métiers et de la satisfaction des clients internes sur le service rendu. S’assurer de la prise en compte des prérequis opérationnels par les équipes de support et du bon déroulement du projet.


	Gérer les contrats et les achats : rédiger et contrôler les contrats relatifs aux projets proposer des évolutions et gérer la relation avec le ou les fournisseurs (depuis la signature du contrat à la validation finale du projet)


Afin de tenir ce poste vous êtes titulaire d’un Bac+4/5 dans le domaine de l’informatique et justifiez d’une expérience réussie d’au moins 5 ans à une fonction similaire.


Vous connaissez les bonnes pratiques dans le domaine de la production informatique (ITIL) et les méthodologies de gestion de projets (LBIP, Agile, …).


Vous possédez des compétences en sécurité des systèmes d’information (ISO 27000, Bonnes pratiques de l’ANSSI) et une connaissance globale de fonctionnement d’un SI et une appétence technique.


Qualités requises : sens du service client, capacité de s’adapter à ses interlocuteurs, disponibilité, travail en équipe, rigueur, sens de l'analyse et de l’organisation, respect des règles et procédures, capacités rédactionnelles.


Ce poste est basé à Nouméa et à pourvoir en CDI. Déplacements réguliers à Tontouta et ponctuels sur l'ensemble du territoire (Permis B obligatoire). Tenue d’astreinte 1 semaine / mois.",,,,,10946cce-b328-4ab4-971a-bc93a73f02d1,0418582001,ÂBORO CONSULTING,SOCIETE PAR ACTIONS SIMPLIFIEE (SAS),ÂBORO CONSULTING,NOUMEA,24 avenue du Maréchal Foch Centre Ville,
202605123ab6,Chef / Cheffe de projet Systémes d'Information,1,ACTIVE,M1803,2026-05-12 16:38:33+11:00,NOUMEA,CDI,0,0,0,false,5,false,false,false,2026-05-12 16:38:27+11:00,2026-05-12 16:38:27+11:00,,"Âboro Consulting recrute pour son client un Chef de projet - solutions SaaS (H/F).


Vous êtes garant(e) des missions suivantes :


•	Piloter le déploiement d’une solution SaaS auprès des clients (cadrage, paramétrage, tests et mise en production)
•	Accompagner les clients dans la mise en place de la solution et assurer le suivi des projets d’implémentation
•	Recueillir et analyser les besoins fonctionnels des utilisateurs
•	Rédiger les spécifications fonctionnelles et assurer le suivi des développements avec les équipes techniques
•	Prioriser les évolutions produit et contribuer à la roadmap en lien avec le Product Manager
•	Coordonner les échanges entre les clients, les équipes produit et les développeurs
•	Participer aux rituels agiles et suivre l’avancement des développements
•	Accompagner les utilisateurs dans l’adoption de la solution et assurer un rôle d’interface sur les sujets fonctionnels
•	Contribuer à l’amélioration continue de la solution en identifiant les axes d’évolution et en assurant une veille sur les solutions digitales.


Afin de tenir ce poste, vous justifiez d’une formation supérieure en informatique, gestion de projet, management de produit ou équivalent. Vous avez une expérience minimum de 3 ans en gestion de projet digital, product management ou déploiement de solutions SaaS.


Vous avez une bonne compréhension des méthodes agiles et du fonctionnement d’une équipe produit.
Vous êtes capable d’analyser les besoins métiers et de les traduire en solutions fonctionnelles adaptées.


Vous faites preuve d’aisance relationnelle et êtes capable d’interagir avec des interlocuteurs variés (clients, développeurs, direction).
Vous êtes reconnu(e) pour votre sens de l’organisation, votre autonomie et votre capacité à prioriser.


Une connaissance des processus RH ou des logiciels SIRH serait un plus.


Ce poste est à pourvoir en CDI à Nouméa.",,,,,10946cce-b328-4ab4-971a-bc93a73f02d1,0418582001,ÂBORO CONSULTING,SOCIETE PAR ACTIONS SIMPLIFIEE (SAS),ÂBORO CONSULTING,NOUMEA,24 avenue du Maréchal Foch Centre Ville,
20260512425c,Préparateur / Préparatrice en pharmacie hospitaliére,1,ACTIVE,J1307,2026-05-12 16:34:47+11:00,NOUMEA,CDI,0,0,0,false,4,false,false,false,2026-05-12 16:34:39+11:00,2026-05-12 16:34:39+11:00,,"Aboro Consulting recrute pour un établissement médical, un Préparateur en Pharmacie (H/F).


Vous êtes garant des missions suivantes :


•	Assurer la commande, la réception, le contrôle, le stockage et la dispensation globale ou nominative des médicaments, dispositifs médicaux stériles, gaz et fluides à usage médical et autres produits pharmaceutiques de la PUI,
•	Assurer la reconstitution des anticancéreux en unité de préparation centralisée,
•	Réaliser des inventaires tournants et annuels,
•	Participer à l’organisation du circuit du médicament et des dispositifs médicaux stériles,
•	Participer à la mise en place de dotations de médicaments et de dispositifs médicaux stériles dans les services et blocs opératoires,
•	Participer à l’organisation de l’unité de préparation centralisée des anticancéreux,
•	Participer à l’organisation et la gestion des stocks de médicaments et de dispositifs médicaux stériles,
•	Participer à la démarche qualité du service,
•	Participer à la mise en place de nouvelles activités,
•	Participer à l’informatisation du service.


Afin de tenir ce poste, vous êtes titulaire d'un Brevet Professionnel de Préparateur en Pharmacie Hospitalière et vous justifiez d’une expérience significative en milieu hospitalier.


Vous disposez de solides connaissances médicales et vous assurez une veille constante de l’évolution de la réglementation des médicaments.


Qualités : Rigueur, conscience professionnelle, réflexion, analyse, méthode et organisation, esprit d’équipe.


Ce poste est à pourvoir en CDI à Nouméa.",,,,,10946cce-b328-4ab4-971a-bc93a73f02d1,0418582001,ÂBORO CONSULTING,SOCIETE PAR ACTIONS SIMPLIFIEE (SAS),ÂBORO CONSULTING,NOUMEA,24 avenue du Maréchal Foch Centre Ville,
2026051299ad,Accompagnateur / Accompagnatrice d'enfants ou d'adolescents,1,ACTIVE,G1203,2026-05-13 00:00:00+11:00,KOUMAC,CDD,0,0,0,false,4,false,true,false,2026-05-12 15:16:30+11:00,2026-05-12 15:16:30+11:00,,Accompagnateur d'éducation,,,,,919d7e7a-cedd-494e-8653-69679d738b52,0130898092,VICE-RECTORAT DE NOUVELLE-CALEDONIE,ADMINISTRATION DE L'ETAT,CLG P. DE KOUMAC,KOUMAC,,
2026051279d8,Assistant / Assistante de service social,1,ACTIVE,K1201,2026-06-29 00:00:00+11:00,NOUMEA,CDD,0,4,0,true,,false,false,false,2026-05-12 15:07:03+11:00,2026-05-12 15:07:03+11:00,CESF - AS - DEES,"Le travailleur social intervient auprès de personnes déficientes visuelles pour favoriser leur autonomie, leur inclusion sociale et leur épanouissement personnel. Il/elle met en oeuvre le projet éducatif du SASAI-DV, en collaboration avec l’équipe pluridisciplinaire.
• Garantir l’application du projet éducatif du service.
• Accueillir, accompagner et suivre les bénéficiaires dans leur parcours individuel.
• Assister les personnes dans leur insertion ou réinsertion sociale et/ou professionnelle.
• Participer à l’élaboration, la mise en oeuvre et l’évaluation des projets individualisés.
• Assurer une médiation entre les bénéficiaires, leurs familles, et les partenaires extérieurs.
• Organiser et suivre les stages, activités, et projets éducatifs.
• Animer des activités collectives et proposer de nouvelles actions favorisant l’autonomie.
• Collaborer à l’organisation des sorties, évènements et actions de sensibilisation au handicap visuel.
• Participer activement aux réunions d’équipe et à la dynamique institutionnelle.

Merci d’adresser votre dossier complet comprenant : - Lettre de motivation, - Curriculum Vitae actualisé, - Copie certifiée du diplôme, - Extrait du casier judiciaire n°3, à l’adresse suivante : direction.sasaidv.noumea@avh.asso.fr",,,,,0af3feb4-1795-4a70-a5a5-30f51d33544d,0207175002,ASSOCIATION VALENTIN HAUY,ASSOCIATION LOI 1901 OU ASSIMILE,SASAI-DV,DUMBEA,28 rue de Charleroi Vallée des Colons,
202605128590,Conducteur / Conductrice de moulins,1,ACTIVE,H2102,2026-05-12 14:59:22+11:00,NOUMEA,CDI,0,0,0,false,5,false,false,false,2026-05-12 14:58:37+11:00,2026-05-12 14:58:37+11:00,,,,,,,10946cce-b328-4ab4-971a-bc93a73f02d1,0418582001,ÂBORO CONSULTING,SOCIETE PAR ACTIONS SIMPLIFIEE (SAS),ÂBORO CONSULTING,NOUMEA,24 avenue du Maréchal Foch Centre Ville,
202605123226,Préparateur / Préparatrice en pharmacie d'officine,1,ACTIVE,J1307,2026-07-01 00:00:00+11:00,PAITA,CDI,0,0,0,false,,false,false,false,2026-05-12 13:46:33+11:00,2026-05-12 13:46:33+11:00,DEUST Préparateur en pharmacie,"PRÉPARATEUR(TRICE) EN PHARMACIE – CDI – PAÏTA

Pharmacie située à Païta recherche un(e) préparateur(trice) en pharmacie diplômé(e) pour renforcer son équipe.

 **Missions**
Accueil et conseil des patients
Délivrance des ordonnances sous la responsabilité du pharmacien
Gestion des stocks et réception des commandes
Mise en rayon et suivi des produits
Participation à la bonne organisation de l’officine

**Profil recherché**
Brevet professionnel de préparateur en pharmacie exigé
Sens du relationnel et esprit d’équipe
Rigueur, dynamisme et autonomie
Une expérience en officine indispensable

**Conditions**
CDI temps plein
Poste basé à Païta
Rémunération selon profil et expérience

Merci d’adresser votre candidature **uniquement si vous êtes titulaire du diplôme de préparateur**  (CV + lettre de motivation) par email à :
direction@pharmapaita.net (Pas d'appels téléphoniques)",,,,,df4bbbff-cdda-4099-bfa2-1dc089c492d1,0455519001,PHARMACIE DE PAITA,SOCIETE D'EXERCICE LIBERAL A RESPONSABILITE LIMITEE (SELARL),PHARMACIE DE PAITA,PAITA,Route Territoriale n°1  Lot CF Pie,
202605118aca,Assistant / Assistante de conservation de bibliothéque,1,ACTIVE,K1601,2026-05-18 00:00:00+11:00,PAITA,CDD,0,9,0,false,6,false,false,false,2026-05-12 09:02:16+11:00,2026-05-12 09:02:16+11:00,,"BAC +3 spécialités Archéologie - anthropologie physique, archéozoologie

Mission étude et renfort technique : 
 
 [ ] L'étude et l'inventaire exhaustif des collections anthropologiques physique et archéozoologique conservées a l'IANCP,


 [ ] La réalisation d'une base de données relatives aux collections anthropologiques physique et archéozoologique par typologie

 

 [ ] Assistance mise en place des protocoles anthropologie physique



 [ ] Un renfort technique aux interventions archéologiques de terrain

**Candidatures à transmettre par mail à : contact@iancp.nc**",,,,,d06a6d49-473f-431e-be97-2c63ee8d1d73,0983361001,INSTITUT D'ARCHEOLOGIE DE LA NOUVELLE-CALEDONIE ET DU PACIFIQUE,SYNDICAT MIXTE OUVERT,INSTITUT D'ARCHEOLOGIE DE LA NOUVELLE-CALEDONIE ET DU PACIFIQUE,NOUMEA,Rue Teyssandier de Laubarède Montravel,
20260511ffd8,Employé polyvalent / Employée polyvalente de restaurant,5,ACTIVE,G1603,2026-06-01 00:00:00+11:00,PAITA,CDD,0,6,0,false,,true,false,false,2026-05-12 08:28:58+11:00,2026-05-12 08:28:58+11:00,,"✨ L’ouverture de Daily Café Païta approche à grands pas et nous commençons officiellement à constituer notre équipe 🤍


Si vous souhaitez rejoindre l’aventure Daily, n’hésitez pas à nous envoyer votre CV à l’adresse mail indiquée ci-dessous 📩
dailycafe.recrutement@gmail.com

Quelques postes sont également disponibles à l’Anse Vata, alors si l’aventure vous tente… foncez 🥯✨",,,,,79010d23-358e-4e01-9cc0-3bdbe013694b,1627967001,SARL BG,SOCIETE A RESPONSABILITE LIMITEE (SARL),SARL BG,NOUMEA,Promenade Roger Laroque Anse Vata Local n°7 Centre commercial la Promenade,
202605116273,Chauffeur / Chauffeuse de poids lourd,1,ACTIVE,N4101,2026-05-11 00:00:00+11:00,NOUMEA,CDD,0,3,0,false,,false,false,false,2026-05-11 18:42:32+11:00,2026-05-11 18:42:32+11:00,,,,,,,1236b09d-5fa7-4fbe-8abf-adaeaca4c85f,1520485001,RP MANUTENTION,SOCIETE A RESPONSABILITE LIMITEE (SARL),RP MANUTENTION,NOUMEA,18 bis rue Papin Zone Industrielle de Ducos,
2026051134fe,Vendeur armurier / Vendeuse armuriére,1,ACTIVE,D1211,2026-07-01 00:00:00+11:00,NOUMEA,CDI,0,0,0,false,4,false,false,false,2026-05-11 17:59:13+11:00,2026-05-11 17:59:13+11:00,,"Marine Corail recherche un(e) vendeur(se) polyvalent(e) en armurerie / pêche et chasse sousmarine.

Excellente présentation, sens commercial développé, pratique la chasse et le tir sportif, la pêche et la chasse sous marine.",,,,,a4233647-df5d-45b1-a13a-44163326509b,0027540001,SOCIETE CALEDONIENNE DE TRAVAUX   MARITIMES,SOCIETE A RESPONSABILITE LIMITEE (SARL),SOCIETE CALEDONIENNE DE TRAVAUX   MARITIMES,NOUMEA,26 rue du Général Mangin Centre Ville,
202605114731,Chauffeur-livreur / Chauffeuse-livreuse,1,ACTIVE,N4105,2026-06-01 00:00:00+11:00,,CDD,0,6,0,false,,true,false,false,2026-05-11 14:55:20+11:00,2026-05-11 14:55:20+11:00,,,,,,,89574582-6752-4dc0-8a9c-b2b509d9393a,1193077001,FERME DE LA PEPINIERE,SOCIETE A RESPONSABILITE LIMITEE (SARL),FERME DE LA PEPINIERE,DUMBEA,699 route Territoriale 1 Plaine de Koé,
20260511fe33,Chef mécanicien / Cheffe mécanicienne marine,1,ACTIVE,I1605,,NOUMEA,,0,0,0,true,,true,true,true,2026-05-11 11:22:35+11:00,2026-05-11 11:22:35+11:00,chef 3000 ou plus,"Cherche chef mécanicien 3000 ou plus avec brevets à jour.
Poste de second mécanicien pour convoyage BRISBANE NOUMEA du remorqueur CYATHEA du 18/05 au 24/05/2026.
Option pour voyage NOUMEA / WALLIS / NOUMEA du 01/06 au 21/06/2026.",,,,,1327ca7b-abe0-404f-abed-cba089fd6975,0030866001,STE OCEANIENNE DE REMORQUAGE  ET D'ASSISTANCE,SOCIETE A RESPONSABILITE LIMITEE (SARL),STE OCEANIENNE DE REMORQUAGE  ET D'ASSISTANCE,NOUMEA,62 bis avenue James Cook Île Nou,
202605106e38,Développeur / Développeuse full-stack,1,ACTIVE,M1855,2026-05-11 10:13:22+11:00,NOUMEA,CDI,0,0,0,false,6,false,false,false,2026-05-11 10:13:07+11:00,2026-05-11 10:13:07+11:00,,"Assistant projet / développeur web (Junior accepté)

Hélium est une agence web jeune et dynamique basée en Nouvelle-Calédonie. Passionnés par la création de sites internet, d’applications web sur mesure et de Serious Games digitaux 🎮, nous accompagnons nos clients dans des projets variés, concrets et créatifs.

Vos missions :

- Gérer et coordonner les projets web (brief client, planification, suivi, livraison)
- Développer des applications web sur mesure (frontend & backend)
- Créer et maintenir des sites sous CMS (WordPress/WooCommerce)
- Assurer la relation client et le suivi des livrables
- Participer à l'amélioration continue des process internes

Profil recherché :

- Maîtrise du développement frontend (HTML, SCSS, VueJs)
- Compétences en backend (PHP, Laravel)
- Expérience avec des CMS type WordPress (apprécié)
- Connaissance de Git/Github
- Autonomie sur les projets

Ce que nous offrons :

- Un cadre de travail stimulant et créatif dans nos locaux
- Des projets variés et concrets
- Des opportunités d'évolution professionnelle
- Une équipe à taille humaine
- Le café / thé à volonté",,,,,e685f774-7315-4091-ac20-1a05c0649d8b,1387679001,HELIUM,SOCIETE A RESPONSABILITE LIMITEE (SARL),HELIUM,NOUMEA,16 rue Bichat Quartier Latin Immeuble Le Fuji,
2026051092f0,Aide couvreur / Aide couvreuse,1,ACTIVE,F1619,2026-05-11 00:00:00+11:00,NOUMEA,CDD,0,0,0,false,SANS_DIPLOME,false,false,false,2026-05-10 20:19:51+11:00,2026-05-10 20:19:51+11:00,,"## Mon offre d'emploi

Je suis un texte libre.",,,,,3c165317-537d-4c3a-9fa7-717a256c9e37,1543032001,LMR CONSTRUCTIONS,SOCIETE A RESPONSABILITE LIMITEE (SARL),LMR CONSTRUCTIONS,NOUMEA,3 rue des Frères Terrasson Numbo,
202605097bcf,Agente / Agent de bio-nettoyage,1,ACTIVE,J1301,2026-05-10 09:56:21+11:00,NOUMEA,CDI,0,0,0,false,,true,false,false,2026-05-10 09:56:14+11:00,2026-05-10 09:56:14+11:00,,"📍 Nouméa – Nouvelle-Calédonie
🕒 Temps plein

*À propos de NC Wash :*

NC Wash est une entreprise spécialisée dans l’entretien technique des surfaces extérieures :

- toitures
- façades
- voiries
- terrasses
- bâtiments techniques

Nous utilisons des méthodes professionnelles adaptées au climat calédonien, avec une approche orientée préservation des matériaux et entretien durable.

*Vos missions :*

En tant qu’Assistant Opérateur d’Exploitation Terrain, vous accompagnerez l’opérateur principal sur les interventions :

- Préparation du matériel et installation des chantiers
- Assistance lors du nettoyage des surfaces extérieures
- Préparation des solutions adaptées aux interventions
- Entretien et maintenance du système d’exploitation et du matériel
- Participation à la bonne organisation des opérations terrain

*Profil recherché :* 

- Expérience en industrie appréciée (mais profil motivé accepté)
- À l’aise avec les outils et le travail manuel
- Sérieux, concentré et rigoureux
- Proactif et impliqué sur le terrain
- Curieux et motivé à apprendre de nouvelles méthodes

*Pourquoi rejoindre NC Wash ?*

✅ Intégrer une jeune équipe dynamique
✅ Participer au développement d’une entreprise innovante en NC
✅ Travailler sur des interventions variées et techniques
✅ Monter rapidement en compétences sur le terrain

📩 Envoyez votre candidature à : contact@ncwash.fr",,,,,7a36dbb6-e6f1-4e67-ae10-51a4e5cf6bdf,1615061004,"TOUTAIN Jean, Marie, Claude, Mederic",PERSONNE PHYSIQUE,NC Wash Services,NOUMEA,26 rue Claude Cateau Tina,
20260509e965,Assistant / Assistante audioprothésiste,1,ACTIVE,J1303,2026-06-01 09:00:00+11:00,NOUMEA,CDD,0,0,0,true,6,false,false,false,2026-05-10 04:30:01+11:00,2026-05-10 04:30:01+11:00,AUDIOPROTHESISTE,,,,,,6f5ef21b-c31b-48e9-aacc-9f66b8dbda6c,1470400001,LA GENERALE AUDIO,SOCIETE EN NOM COLLECTIF (SNC),LA GENERALE AUDIO,DUMBEA,21 promenade de Koutio,
2026050840ca,Responsable du développement commercial,1,ACTIVE,M1707,2026-05-08 15:41:58+11:00,NOUMEA,CDI,0,0,0,false,4,false,false,false,2026-05-08 15:41:46+11:00,2026-05-08 15:41:46+11:00,,"Âboro Consulting recrute pour son client, un Directeur Développement, Marketing & Expérience Client (H/F).

Membre du Comité de Direction et rattaché(e) à la Direction Générale, vous jouez un rôle clé dans la structuration et l’accélération de la croissance de l’entreprise
Vous intervenez à la fois sur les enjeux de développement business, de structuration des offres et de performance commerciale.

À ce titre, vous êtes garant(e) des missions suivantes :
•	Définir et déployer la stratégie de développement et de croissance de l’activité 
•	Structurer et faire évoluer les offres, les propositions de valeur et les modèles économiques associés 
•	Piloter la performance commerciale à travers la mise en place d’indicateurs et d’outils de suivi 
•	Développer et animer les actions marketing et de mise en marché des solutions 
•	Renforcer la culture client et améliorer en continu l’expérience et la satisfaction des utilisateurs 
•	Contribuer à la communication interne et externe en lien avec le positionnement de l’entreprise 
•	Travailler en forte transversalité avec les directions métiers, techniques et support.


De formation supérieure Bac+4/5 en commerce, marketing ou équivalent, vous justifiez d’une expérience confirmée dans des fonctions de développement, marketing, business ou transformation, idéalement dans des environnements B2B et B2C.

Doté(e) d’un leadership naturel, vous êtes à la fois stratège et orienté(e) action. Vous savez structurer, impulser et transformer des orientations en résultats concrets, tout en fédérant les équipes en transverse autour d’objectifs communs.

Savoir-faire :
• Élaboration de stratégies de développement et marketing
• Pilotage de la performance commerciale et des indicateurs
• Structuration d’offres et de modèles économiques
• Gestion de projets transverses et lancement d’offres
• Bonne compréhension des environnements digitaux et innovants

Savoir-être :
• Leadership et capacité à fédérer
• Esprit stratégique et sens du résultat
• Rigueur, organisation et pragmatisme
• Aisance relationnelle et sens du client
• Goût pour l’opérationnel et l’action",,,,,10946cce-b328-4ab4-971a-bc93a73f02d1,0418582001,ÂBORO CONSULTING,SOCIETE PAR ACTIONS SIMPLIFIEE (SAS),ÂBORO CONSULTING,NOUMEA,24 avenue du Maréchal Foch Centre Ville,
20260508c43e,Auditeur / Auditrice comptable,1,ACTIVE,M1202,,NOUMEA,CDI,0,0,0,false,7,false,false,false,2026-05-08 11:36:13+11:00,2026-05-08 11:36:13+11:00,,"Nous recherchons un Auditeur senior (H/F) pour l'un de nos clients à Nouméa au sein d'un cabinet d'audit et de conseil reconnu, qui accompagne une clientèle variée dans leurs enjeux financiers, réglementaires et stratégiques.

**Votre mission consistera principalement à assister les chefs de missions / managers sur des missions d’audit légal et à être en charge de missions d’audit en liaison directe avec les associés.**

Vous interviendrez auprès de tous secteurs d’activité et de toutes tailles de dossiers (grands comptes, PME, TPE), les équipes n’étant pas sectorisées.

Vous serez amené à prendre en charge la coordination de missions d'audit, encadrer et accompagner des auditeurs juniors, analyser les risques et évaluer les dispositifs de contrôle interne, réaliser les travaux de révision et produire les rapports, être un interlocuteur clé des clients.

Vous pourrez être amené à participer à des missions sur des comptes consolidés et IFRS.
Des missions de conseil / advisory pourront également vous être confiées.

**Profil**
De formation supérieure en finance, audit ou comptabilité (Ecole de commerce, DSCG, Master CCA…), vous justifiez d'une expérience de 3 à 4 ans en cabinet d'audit ou conseil.

Vous avez de solides compétences techniques et un bon esprit d'analyse.

Vous avez la capacité d'encadrer une équipe et à gérer plusieurs missions.

Le sens relationnel et le sens du service client sont des atouts indispensables.

**Pour quelles raisons rejoindre ce cabinet?**

Exposition à des dossiers variés et à forte valeur ajoutée
Accompagnement de PME et groupes familiaux à tous les stades de leur développement
Environnement de travail de qualité, structuré et formateur
Possibilité d'évolution
Equilibre entre exigence professionnelle et esprit d'équipe
**Rémunération suivant profil entre 5M7 et supérieur à 6M XPF brut annuel suivant profil.**",,,,,4a619d18-82c6-4df6-874b-429bfc0cff13,1234376001,RHNC,SOCIETE A RESPONSABILITE LIMITEE (SARL),RHNC,NOUMEA,21 rue Frédéric Evenor de Greslan Anse Vata,
202605087bcf,Administrateur / Administratrice systéme informatique,1,ACTIVE,M1801,,,CDI,0,0,0,false,5,false,false,false,2026-05-08 11:32:35+11:00,2026-05-08 11:32:35+11:00,,"Nous recherchons pour l'un de nos clients à Nouméa au sein d'une DSI d'envergure, rattaché(e) au Chef de service production au sein d'une équipe d'une dizaine de collaborateurs.

**En tant qu'Administrateur Microsoft 365 confirmé, vous pilotez l’évolution et l’exploitation de la plateforme collaborative :**

Concevoir et faire évoluer l’architecture Microsoft 365 de l’organisation.
Définir et piloter la feuille de route Microsoft 365 (Teams, Exchange Online, SharePoint Online, OneDrive).
Mettre en place les standards et la gouvernance des environnements collaboratifs
Être force de proposition dans l’intégration des nouvelles fonctionnalités Microsoft 365 et contribuer à l’amélioration continue de l’administration et de la supervision des services.
Administrer, optimiser les environnements Microsoft 365 et assurer un support technique de niveau 3 sur les services Microsoft 365
Intervenir sur les incidents complexes ou critiques liés à Teams, Exchange ou SharePoint.
Mettre en place des automatisations et scripts PowerShell pour améliorer l’exploitation de la plateforme.
Administrer et maintenir les environnements hybrides (on-premise / Microsoft 365).
Exploiter les solutions Power Platform (notamment Power Automate) pour automatiser les processus métiers
Définir et mettre en oeuvre la gouvernance Microsoft 365 (gestion des Teams, cycle de vie des espaces collaboratifs, gestion des accès)
Participer à la sécurisation des environnements cloud (identités, accès, conformité).
Contribuer à l’application des politiques de sécurité et de conformité.
Contribuer à la gestion des identités hybrides (Active Directory / Entra ID)
Être le référent technique Microsoft 365 au sein de la DSI
Contribuer à la montée en compétence des équipes

**Vous êtes un expert Microsoft 365 avec une vision globale et un fort sens du service :**

Formation supérieure en informatique 
Expérience significative (idéalement 10 ans et plus) en architecture et administration Microsoft 365
Maîtrise avancée :
Microsoft 365 (Teams, Exchange Online, SharePoint Online, OneDrive)
Entra ID (Azure AD) et Active Directory
Power Platform (Power Automate)
Scripting PowerShell
Solides compétences en :
Gouvernance Microsoft 365
Sécurité cloud et gestion des identités et accès
Environnements hybrides
Bon niveau sur les environnements Microsoft on-premise (Windows Server, AD)
Une expérience en coordination technique est un plus
Vous êtes reconnu pour votre rigueur, votre capacité d’analyse et votre réactivité.
Vous aimez travailler en équipe et partager votre expertise.
Vous êtes à l’aise dans des environnements exigeants et critiques.

**Rémunération selon profil et expériences : 465 KF brut à 550 KF brut * 13 mois.**",,,,,4a619d18-82c6-4df6-874b-429bfc0cff13,1234376001,RHNC,SOCIETE A RESPONSABILITE LIMITEE (SARL),RHNC,NOUMEA,21 rue Frédéric Evenor de Greslan Anse Vata,
202605084383,Responsable commercial international / Responsable commerciale internationale,1,ACTIVE,M1707,,NOUMEA,CDI,0,0,0,false,5,false,false,false,2026-05-08 11:27:54+11:00,2026-05-08 11:27:54+11:00,,"**Nous recherchons pour l'un de nos clients à Nouméa, un acteur local du transport et de la logistique.**

**Poste**
Vous recherchez un poste à fort impact, mêlant stratégie commerciale, terrain et management?

Rattaché.e à la Direction, vous prenez la responsabilité du pôle commercial, incluant le service client, la gestion et le développement du portefeuille clients.

**Un équilibre entre business, management et structuration :**

**Développer le business**
Identifier et ouvrir de nouveaux comptes (import/export, chargeurs)
Construire et exécuter une stratégie commerciale efficace
Négocier les contrats et conditions
Suivre le marché et capter les opportunités
Atteindre et dépasser les objectifs de chiffre d’affaires

**Fidéliser et créer de la valeur**
Développer un portefeuille clients existant
Installer une relation de confiance durable
Anticiper les besoins et proposer des solutions pertinentes
Mettre en place des actions de fidélisation à impact
Piloter l’activité via des reportings clairs

**Structurer et manager**
Encadrer le pôle commercial et service client
Faire monter l’équipe en compétence
Optimiser l’organisation et les process
Garantir un haut niveau de qualité de service
Gérer les comptes stratégiques et situations sensibles
Déployer des KPI et piloter la performance

**Améliorer en continu**
Travailler en lien avec les équipes opérationnelles
Faire évoluer les outils, méthodes et organisation
Contribuer activement à l’évolution de l’offre commerciale

**Profil**
Un profil complet : chasseur, stratège et leader.
5 ans d’expérience minimum sur un rôle commercial à responsabilités obligatoirement au sein d'un transitaire ou un acteur de transport/logistique international.
Leadership naturel et capacité à structurer une équipe
Forte culture du résultat et du développement
Excellente maîtrise de la négociation
Sens du service client et vision long terme
Pilotage par les KPI et les objectifs
Autonomie, rigueur et sens de l’organisation
Capacité à évoluer dans des environnements exigeants
Maîtrise des outils (CRM, Pack Office, idéalement Maxtrans)
**Anglais professionnel obligatoire**

Poste à pourvoir à Nouméa (marchés en NC, Wallis et Futuna, Vanuatu). Rémunération à discuter selon profil (fixe+variable+13ème mois+véhicule de fonction+téléphone)",,,,,4a619d18-82c6-4df6-874b-429bfc0cff13,1234376001,RHNC,SOCIETE A RESPONSABILITE LIMITEE (SARL),RHNC,NOUMEA,21 rue Frédéric Evenor de Greslan Anse Vata,
20260508c839,Chef / Cheffe de projet en organisation,1,ACTIVE,M1402,2026-05-08 11:24:34+11:00,NOUMEA,CDI,0,0,0,false,4,false,false,false,2026-05-08 11:23:06+11:00,2026-05-08 11:23:06+11:00,,"Aboro Consulting recrute pour son client, UN CHEF DE PROJET SI MOA/MOE (H/F)

Rattaché(e) au DSI vous êtes garant(e) des missions suivantes : 

	Gérer les études et projets : conduire les études ou projets relatifs à l’évolution du Système d’Information, en tenant compte des besoins opérationnels et des objectifs stratégiques de la CCI NC depuis l’expression du besoin jusqu’au passage en exploitation. Appliquer la feuille de route du SI et collecte les besoins métiers (digitalisation, automatisation, IA, etc). Garantir la réalisation des cahiers des charges fonctionnels et rédiger les spécifications et définir les livrables associés. Assurer un rôle de conseil auprès des clients internes pour implémenter des solutions de digitalisation. Assurer la veille technologique

	Gérer un portefeuille de projets : Suivre l’avancement des projets et, mettre en place des indicateurs pertinents et réaliser un reporting régulier, Escalader pour arbitrage les risques et les points de blocage.

	Garantir le déploiement et la conduite du changement : assurer l’installation et l’intégration des nouveaux éléments dans l’infrastructure existante, garantir le fonctionnement optimal du système, suivre et analyser les performances, mettre en place des mesures susceptibles d’améliorer la qualité ou la productivité du système. Définir les SLA associés aux nouveaux systèmes et construire les indicateurs de suivi en exploitation.

	Gérer la sécurité : Être garant de la prise en compte de la conformité aux exigences de cybersécurité auxquelles l’établissement est soumis à toutes les phases du projet. Contrôler l’application de la politique de sécurité des systèmes d’information. Faire appliquer les recommandations de cybersécurité.

	Piloter les équipes transverses : S'assurer de la bonne relation des services SI et des métiers et de la satisfaction des clients internes sur le service rendu. S’assurer de la prise en compte des prérequis opérationnels par les équipes de support et du bon déroulement du projet.

	Gérer les contrats et les achats : rédiger et contrôler les contrats relatifs aux projets proposer des évolutions et gérer la relation avec le ou les fournisseurs (depuis la signature du contrat à la validation finale du projet)


Afin de tenir ce poste vous êtes titulaire d’un Bac+4/5 dans le domaine de l’informatique et justifiez d’une expérience réussie d’au moins 5 ans à une fonction similaire.

Vous connaissez les bonnes pratiques dans le domaine de la production informatique (ITIL) et les méthodologies de gestion de projets (LBIP, Agile, …).

Vous possédez des compétences en sécurité des systèmes d’information (ISO 27000, Bonnes pratiques de l’ANSSI) et une connaissance globale de fonctionnement d’un SI et une appétence technique.

Qualités requises : sens du service client, capacité de s’adapter à ses interlocuteurs, disponibilité, travail en équipe, rigueur, sens de l'analyse et de l’organisation, respect des règles et procédures, capacités rédactionnelles.


Ce poste est basé à Nouméa et à pourvoir en CDI. Déplacements réguliers à Tontouta et ponctuels sur l'ensemble du territoire (Permis B obligatoire). Tenue d’astreinte 1 semaine / mois.",,,,,10946cce-b328-4ab4-971a-bc93a73f02d1,0418582001,ÂBORO CONSULTING,SOCIETE PAR ACTIONS SIMPLIFIEE (SAS),ÂBORO CONSULTING,NOUMEA,24 avenue du Maréchal Foch Centre Ville,
20260508436c,Directeur adjoint / Directrice adjointe de PME-PMI,1,ACTIVE,M1302,,NOUMEA,CDI,0,0,0,false,7,false,false,false,2026-05-08 11:19:06+11:00,2026-05-08 11:19:06+11:00,,"Nous recherchons pour notre client, un acteur incontournable du secteur automobile en Nouvelle-Calédonie.

Cette concession multimarque basée à Nouméa se distingue par son exigence de qualité, sa proximité client et la diversité de ses activités : vente, après-vente, pièces de rechange, logistique. **Dans un contexte de structuration et de développement, nous recherchons son futur Directeur Adjoint (H/F) pour renforcer son équipe de direction et piloter la performance globale du site.**

**Poste**
En lien direct avec la Direction, vous jouez un rôle central dans le pilotage opérationnel de la concession. Véritable bras droit du Directeur, vous intervenez au cœur des activités techniques, logistiques et commerciales, avec une vision transverse et une capacité à agir vite.

**Management et leadership**
– Encadrer, animer et structurer une équipe d'environ 50 collaborateurs : Responsable logistique et pièces détachées, Chef d’atelier mécanique et SAV, Responsable des ventes
– Accompagner les managers dans leur montée en compétences, leurs prises de décision et leurs arbitrages quotidiens

**Pilotage des activités opérationnelles**
– Superviser l'organisation et la performance des ateliers : planification, productivité, respect des délais et standards qualité
– Identifier les dysfonctionnements, arbitrer les priorités et mettre en œuvre les plans d'action correctifs

**Gestion des pièces**
– Piloter les activités liées aux pièces de rechange et aux magasins : approvisionnement, stockage, distribution interne
– Superviser les relations avec les fournisseurs et importateurs internationaux (négociation, délais, qualité)

**Qualité de service et expérience Client**
– Garantir un haut niveau de satisfaction client sur l'ensemble du parcours client
– Suivre les indicateurs de qualité, analyser les écarts et piloter les actions correctives

**Performance et gestion**
– Suivre et analyser les indicateurs de performance opérationnelle et financière (tableaux de bord, KPI, reporting Direction)
– Contribuer à la gestion budgétaire, au contrôle des coûts et à l'amélioration des marges
– Identifier les leviers d'amélioration continue et en piloter la mise en œuvre

**Projets et développement**
– Être force de proposition pour moderniser les pratiques, les outils et les modes d'organisation
– Accompagner les différents projets et contribuer à la vision stratégique de la concession

**Profil**
Vous êtes un manager expérimenté, à l'aise dans des environnements techniques et exigeants, avec une forte capacité à piloter des opérations complexes et à embarquer des équipes derrière un objectif commun.

**Expérience & expertise**
– 15 ans d'expérience minimum, dont plusieurs années en management d'équipes importantes (minimum 30 personnes)
– Solide expérience dans l'automobile ou dans un secteur technique, industriel, distribution
– Maîtrise des enjeux opérationnels et multi-activités
– Expérience en pilotage de centre de profit et suivi de KPI

**Compétences & aptitudes**
– Leadership affirmé : capacité à fédérer et à embarquer des équipes pluridisciplinaires
– Sens de l'organisation, réactivité et prise de décision
– Excellentes qualités relationnelles et forte orientation client
– Anglais professionnel impératif (fournisseurs internationaux, importateurs, documentation technique)

**Pour quelles raisons rejoindre cette opportunité?**

– Un poste stratégique : un périmètre large en appui de la Direction
– Une forte autonomie : un impact direct et mesurable sur la performance
– Une rémunération attractive : à discuter selon profil et expériences (sur 13 mois + véhicule de fonction)

Toutes les candidatures seront traitées avec la plus stricte confidentialité.",,,,,4a619d18-82c6-4df6-874b-429bfc0cff13,1234376001,RHNC,SOCIETE A RESPONSABILITE LIMITEE (SARL),RHNC,NOUMEA,21 rue Frédéric Evenor de Greslan Anse Vata,
20260508b18e,Gestionnaire de patrimoine immobilier,1,ACTIVE,C1501,,NOUMEA,CDI,0,0,0,false,5,false,false,false,2026-05-08 11:11:02+11:00,2026-05-08 11:11:02+11:00,,"Nous recherchons pour l'un de nos clients à Nouméa un(e) Gestionnaire Technique Locatif pour renforcer son équipe et accompagner le développement de son parc immobilier.

**Pourquoi rejoindre cette opportunité ?**
Vous intégrez une structure reconnue dans la gestion immobilière, où votre rôle est central : garantir la qualité, la sécurité et la durabilité d’un patrimoine locatif tout en assurant la satisfaction des propriétaires et des locataires.

**Ce poste vous offre une vraie autonomie, une diversité de missions terrain et un impact direct sur la performance du parc immobilier.**

**Vos missions**
Au cœur de l’activité technique, vous pilotez et coordonnez l’ensemble des interventions :

**Suivi technique du patrimoine**
Vous réalisez les visites régulières des biens et identifiez les besoins d’intervention
Vous diagnostiquez les anomalies techniques (fuites, équipements, dégradations…)
Vous planifiez et suivez les travaux d’entretien et d’amélioration
Vous consultez les prestataires, analysez les devis et lancez les interventions
Vous contrôlez la qualité, les délais et les budgets

**Gestion des sinistres et conformité**
Vous gérez les sinistres en lien avec les assurances et les entreprises
Vous veillez au respect des normes (sécurité, hygiène, accessibilité…)
Vous suivez les contrats de maintenance et les obligations réglementaires

**Relationnel et coordination**
Vous êtes l’interlocuteur privilégié des locataires, propriétaires et prestataires
Vous priorisez les urgences et apportez des solutions adaptées
Vous assurez un reporting régulier et proposez des axes d’amélioration

**Profil**
Formation Bac à Bac +2 (immobilier, bâtiment, maintenance)
Expérience de 2 à 3 ans minimum sur un poste similaire
Bonnes connaissances techniques tous corps d’état
Grande rigueur administrative (réception de devis, analyser, contrôler, faire le relais client/propriétaire, gestion des intervenants)
Aisance relationnelle, sens du service et diplomatie
Organisation, autonomie et réactivité
Permis B et véhicule indispensable (déplacements principalement sur Nouméa et grand Nouméa.)

**Ce que propose notre client**
Un poste polyvalent, mêlant terrain et coordination
Une forte autonomie dans l’organisation de votre activité
Un environnement dynamique et orienté service client
Une collaboration avec des interlocuteurs variés (prestataires, clients, équipes internes)
Rémunération selon profil et séniorité autour de 330 KF à 400 KF brut*12 mois + 40 KF d'indemnité de déplacements par mois (sous réserve de correspondre au profil recherché)

Poste à pourvoir dès que possible en CDI. (Si vous êtes en poste, le délai de préavis sera respecté si non négociable)",,,,,4a619d18-82c6-4df6-874b-429bfc0cff13,1234376001,RHNC,SOCIETE A RESPONSABILITE LIMITEE (SARL),RHNC,NOUMEA,21 rue Frédéric Evenor de Greslan Anse Vata,
20260507482b,Commercial / Commerciale,1,ACTIVE,D1410,2026-07-01 00:00:00+11:00,NOUMEA,CDD,0,3,0,false,5,true,false,false,2026-05-08 10:59:22+11:00,2026-05-08 10:59:22+11:00,,"**Offre d’emploi – Commercial(e) terrain**
CDD évolutif en CDI – Temps plein

**À propos de nous**
CJ DIFFUSION est une entreprise dynamique spécialisée dans les objets publicitaires personnalisés.
Dans le cadre de notre développement, nous recherchons un(e) commercial(e) motivé(e), autonome et doté(e) d’un excellent relationnel afin de renforcer notre équipe.

**Vos missions**
Développer et fidéliser un portefeuille clients
Prospecter de nouveaux clients et identifier leurs besoins
Présenter et promouvoir nos produits
Assurer le suivi commercial et la satisfaction client
Réaliser des reportings réguliers de votre activité

**Profil recherché**
Sens du contact et goût du challenge
Dynamique, organisé(e) et autonome
Bonne présentation et aisance relationnelle
Expérience commerciale
Permis B Obligatoire

**Conditions**
Contrat : CDD avec évolution possible en CDI
Temps plein
Rémunération : fixe + commissions selon profil et expérience
Poste basé à Nouméa

**Candidature**
Merci d’envoyer votre CV et votre lettre de motivation à : accueil_cjdiffusion@icloud.com",,,,,8f68506c-7d2b-44b8-ad41-d1a3db29d57f,0928150001,CJ IMPORT,SOCIETE A RESPONSABILITE LIMITEE (SARL),CJ IMPORT,NOUMEA,23 route de l'Anse-Vata Trianon Immeuble ODEON 2002,
20260507a867,Responsable de salle,1,ACTIVE,G1802,2026-05-08 10:57:48+11:00,NOUMEA,CDI,0,0,0,false,4,false,false,false,2026-05-08 10:57:25+11:00,2026-05-08 10:57:25+11:00,,,,,,,bf263108-1386-4b89-94cb-4b35e17abe12,1418706001,LE PONTON 2,SOCIETE A RESPONSABILITE LIMITEE (SARL),LE PONTON 2,NOUMEA,Récif Tamanou Sainte Marie,
202605079ef6,Directeur général / Directrice générale de grande entreprise,1,ACTIVE,M1301,2026-05-08 10:53:51+11:00,NOUMEA,CDI,0,0,0,false,6,true,false,false,2026-05-08 10:53:38+11:00,2026-05-08 10:53:38+11:00,,,,,,,c0fd2b24-d808-4eda-a0f7-f0784ecc89de,0162727001,TRANSIT TRANSPORT INTERNATIONAL,SA A CONSEIL D'ADMINISTRATION (S.A.I.),TRANSIT TRANSPORT INTERNATIONAL,NOUMEA,8 rue du Commandant Alexandre Babo Centre Ville Zone des transitaires - Port autonome,
202605071f29,Directeur / Directrice de centre de profit,1,ACTIVE,M1302,,NOUMEA,CDI,0,0,0,false,7,true,true,false,2026-05-08 10:50:16+11:00,2026-05-08 10:50:16+11:00,,"Le cabinet RHNC recherche pour son client, un groupe industriel multi entités, reconnu pour son expertise en maintenance industrielle son futur Directeur général (H/F)

**Sa vision : faire de la maintenance un véritable levier de rentabilité pour ses clients industriels, en optimisant le coût total de possession de leurs équipements.**

Dans une phase de structuration et de croissance, le groupe recrute son Directeur Général pour piloter son développement en Nouvelle-Calédonie et à l’échelle du Pacifique.

En tant que Directeur Général, vous êtes responsable de la stratégie, de la performance économique du développement commercial et du pilotage du groupe. Vous incarnez la vision auprès de vos équipes, de vos clients et de vos partenaires.

**Stratégie & développement**
- Définir et piloter la stratégie de développement du groupe
- Identifier des opportunités de croissance sur l’ensemble du Pacifique
- Construire des partenariats industriels stratégiques
- Positionner le groupe comme acteur de référence en maintenance industrielle

**Performance opérationnelle & financière**
- Piloter la performance des opérations, des contrats et des marges
- Élaborer et suivre les budgets, mettre en place les indicateurs de performance
- Déployer des stratégies de maintenance orientées rentabilité
- Garantir l’excellence technique des interventions

**Management & organisation**
- Encadrer deux directeurs techniques et les fonctions supports
- Structurer les équipes d’une trentaine de collaborateurs et développer les talents
- Fédérer autour d’une culture de performance, de sécurité et d’excellence

**Développement commercial**
- Accélérer la croissance sur l’ensemble du Pacifique
- Gérer les relations avec les grands comptes industriels et miniers
- Négocier les contrats stratégiques et assurer la satisfaction client

**Profil**
Vous êtes un(e) dirigeant(e) aguerri(e), alliant vision stratégique et exigence opérationnelle. Vous savez aussi bien convaincre un grand compte minier que mobiliser une équipe terrain.

- 20 ans d’expérience minimum dans l’industrie, idéalement en environnement minier ou de maintenance lourde
- Connaissance approfondie du tissu économique et industriel calédonien
- Leadership, vision stratégique et esprit entrepreneurial
- Forte orientation résultats et rentabilité
- Formation supérieure (ingénieur ou équivalent, une expérience confirmée en direction générale ou direction d’activité pourra être considérée comme équivalente)
- Capacité à opérer en environnement multiculturel et multisites
- Anglais professionnel souhaité

**Ce que ce poste vous offre**

- Un rôle clé dans la transformation et la croissance d’un groupe multi sociétés
- Un développement sur la présence régionale dans la Pacifique
- Un environnement agile, technique et à taille humaine
- Une rémunération attractive, à définir selon profil (fixe + variable + voiture de fonction)

Toutes les candidatures sont traitées avec confidentialité.",,,,,4a619d18-82c6-4df6-874b-429bfc0cff13,1234376001,RHNC,SOCIETE A RESPONSABILITE LIMITEE (SARL),RHNC,NOUMEA,21 rue Frédéric Evenor de Greslan Anse Vata,
20260507e556,Responsable technique diagnostic du bétiment,1,ACTIVE,F1103,2026-05-08 10:24:17+11:00,NOUMEA,CDI,0,0,0,false,7,false,false,false,2026-05-08 08:07:46+11:00,2026-05-08 08:07:46+11:00,,"Âboro Consulting recrute pour un bureau d'études spécialisé en ingénierie de la construction et en diagnostic et ingénierie environnementale, présent en Nouvelle-Calédonie depuis plus de 50 ans, un RESPONSABLE DE SERVICE AMIANTE (H/F)

Vous intervenez sur l'ensemble de la chaîne de valeur amiante : du diagnostic initial à la réception de chantier, en passant par la maîtrise d'œuvre. 

Votre activité couvre quatre axes :

- Diagnostic immobilier amiante : repérage avant travaux et avant démolition, rédaction des rapports, conseil client sur les mesures à mettre en œuvre.

- Maîtrise d'œuvre de démolition avec désamiantage :  vous pilotez les opérations de bout en bout : conception des missions, assistance à la passation des appels d'offres, direction de travaux, réception. Vous portez la responsabilité technique des chantiers qui vous sont confiés.

- Prélèvements d'air : vous préparez et réalisez les mesures d'empoussièrement sur les chantiers amiante, dans le respect strict des procédures réglementaires.

- Gestion commerciale du service : analyse des besoins clients, conseil technique, élaboration des devis, production des procès-verbaux de résultats, facturation. Vous êtes l'interlocuteur référent de vos clients sur toute la durée des missions.

Le poste allie bureau et terrain. Vous travaillerez en environnement pluridisciplinaire, avec l'appui des autres services techniques de l'agence et encadrez un technicien spécialisé.

Ingénieur Bac+5 (BTP, génie civil, HSE ou équivalent), vous avez une expérience confirmée dans le domaine de l'amiante en laboratoire ou en ingénierie. Une expérience en diagnostic amiante constitue un atout réel.

La certification amiante avec mention est souhaitée. 

Permis B obligatoire (déplacements réguliers sur sites). Maîtrise des outils bureautiques requise.

Qualités requises : Aisance relationnelle, sens du service client,  capacité d’analyse, rigueur, autonomie.

Ce poste est à pourvoir en CDI à Nouméa en Nouvelle-Calédonie avec déplacements fréquents sur les chantiers (majoritairement sur le secteur du Grand Nouméa).",,,,,10946cce-b328-4ab4-971a-bc93a73f02d1,0418582001,ÂBORO CONSULTING,SOCIETE PAR ACTIONS SIMPLIFIEE (SAS),ÂBORO CONSULTING,NOUMEA,24 avenue du Maréchal Foch Centre Ville,
202605076fd9,Ouvrier / Ouvriére d'assainissement,1,ACTIVE,K2301,,,CDD,0,3,0,false,SANS_DIPLOME,false,false,false,2026-05-07 17:23:29+11:00,2026-05-07 17:23:29+11:00,,entreprise en vrd cherche ouvrier avec experiance pour un poste d une durée de 3 mois,,,,,f06a8603-39a8-4d4b-8488-aad03027048e,1318161001,TOP ASSAINISSEMENT,SOCIETE A RESPONSABILITE LIMITEE (SARL),TOP ASSAINISSEMENT,MONT-DORE,222 rue Alphonse Martin Vallon-Dore,
20260507348c,Conducteur / Conductrice de travaux du BTP,1,ACTIVE,F1201,2026-06-01 00:00:00+11:00,DUMBEA,CDI,0,0,0,false,7,false,false,false,2026-05-07 17:00:22+11:00,2026-05-07 17:00:22+11:00,Ingénieur,,,,,,3277b194-e603-4884-b031-55e8c4be2ee9,1302306001,ARBE,SOCIETE A RESPONSABILITE LIMITEE (SARL),ARBE,DUMBEA,37  promenade de Koutio,
2026050772c1,Conducteur / Conductrice de travaux génie civil,1,ACTIVE,F1208,2026-06-01 00:00:00+11:00,DUMBEA,CDI,0,0,0,false,7,true,true,true,2026-05-07 16:58:11+11:00,2026-05-07 16:58:11+11:00,Ingénieur,"Nous recherchons un Conducteur de Travaux en génie civil, capable de gérer plusieurs chantiers en autonomie, dans un environnement où polyvalence, sens du terrain et réactivité sont essentiels.

Vous serez responsable de vos chantiers de la préparation à la réception, en lien direct avec la direction, les chefs de chantier, le dépôt et les partenaires externes.

Vos missions

Préparation & organisation
•	Étudier les dossiers travaux et définir les méthodes d’exécution
•	Proposer des variantes techniques adaptées aux contraintes locales
•	Établir budgets et plannings prévisionnels
•	Préparer le démarrage des chantiers (planning détaillé, ressources, documents)

Pilotage des chantiers
•	Planifier et suivre les travaux (équipes internes et sous-traitants)
•	Commander, réceptionner et contrôler les prestations
•	Vérifier la conformité des ouvrages et des plans
•	Piloter les organismes extérieurs (bureaux de contrôle, prestataires…)

Gestion financière
•	Suivre les budgets, analyser les écarts et ajuster si nécessaire
•	Établir situations et factures
•	Assurer le suivi administratif des pièces contractuelles
•	Contribuer au recouvrement client

Management terrain
•	Encadrer et accompagner les chefs de chantier
•	Faire appliquer les règles de sécurité
•	Gérer les ressources humaines (heures, congés, affectations)
•	Participer aux évaluations et à la montée en compétences des équipes

Relation client
•	Être l’interlocuteur principal du client sur tes chantiers
•	Arbitrer les demandes et trouver des solutions pragmatiques
•	Garantir la qualité, les délais et les coûts

Fin de chantier
•	Organiser les opérations de fin de chantier
•	Demander la réception des travaux et piloter la levée des réserves
•	Évaluer les sous-traitants et fournisseurs

Profil recherché :

•	Bac +5 (ESTP ou équivalent) – Minimum 5 ans d’expérience en en conduite de travaux génie civil
•	Solide maîtrise technique, ouvrages et infrastructures 
•	Sens de l’organisation
•	Leadership, autonomie et esprit terrain

Rattachement : Direction Travaux / Chef de secteur
Interfaces : chefs de chantier, dépôt, atelier, administratif, bureau d’études

Lieu : Siège social Koutio, déplacements sur tout le Territoire

Poste à pourvoir : dès que possible.

Pourquoi nous rejoindre ?

Rejoindre notre équipe, c’est avoir l’opportunité de travailler sur des chantiers variés, techniques et concrets, avec une autonomie réelle dans la gestion des projets, vous permettant de piloter vos chantiers de A à Z. 

Vous intégrerez une structure à taille humaine, où les décisions sont rapides et où la proximité des équipes favorise la collaboration. 

Votre expérience terrain sera pleinement reconnue et valorisée, et vous contribuerez activement au succès de nos projets.

📩 Envoyer candidature (CV + lettre de motivation) à fasanne.grochain@arbe.nc",,,,,3277b194-e603-4884-b031-55e8c4be2ee9,1302306001,ARBE,SOCIETE A RESPONSABILITE LIMITEE (SARL),ARBE,DUMBEA,37  promenade de Koutio,
202605072448,Conducteur / Conductrice de travaux du BTP,1,ACTIVE,F1201,2026-06-01 00:00:00+11:00,DUMBEA,CDI,0,0,0,false,7,false,false,false,2026-05-07 16:53:40+11:00,2026-05-07 16:53:40+11:00,Ingénieur,"Dans le cadre d’un remplacement, nous recherchons un Conducteur de Travaux spécialisé en fondations, capable de gérer plusieurs chantiers en autonomie, dans un environnement où polyvalence, sens du terrain et réactivité sont essentiels.

Vous serez responsable de vos chantiers de la préparation à la réception, en lien direct avec la direction, les chefs de chantier, le dépôt et les partenaires externes.

Vos missions

Préparation & organisation
•	Étudier les dossiers travaux et définir les méthodes d’exécution
•	Proposer des variantes techniques adaptées aux contraintes locales
•	Établir budgets et plannings prévisionnels
•	Préparer le démarrage des chantiers (planning détaillé, ressources, documents)

Pilotage des chantiers
•	Planifier et suivre les travaux (équipes internes et sous-traitants)
•	Commander, réceptionner et contrôler les prestations
•	Vérifier la conformité des ouvrages et des plans
•	Piloter les organismes extérieurs (bureaux de contrôle, prestataires…)

Gestion financière
•	Suivre les budgets, analyser les écarts et ajuster si nécessaire
•	Établir situations et factures
•	Assurer le suivi administratif des pièces contractuelles
•	Contribuer au recouvrement client

Management terrain
•	Encadrer et accompagner les chefs de chantier
•	Faire appliquer les règles de sécurité
•	Gérer les ressources humaines (heures, congés, affectations)
•	Participer aux évaluations et à la montée en compétences des équipes

Relation client
•	Être l’interlocuteur principal du client sur tes chantiers
•	Arbitrer les demandes et trouver des solutions pragmatiques
•	Garantir la qualité, les délais et les coûts

Fin de chantier
•	Organiser les opérations de fin de chantier
•	Demander la réception des travaux et piloter la levée des réserves
•	Évaluer les sous-traitants et fournisseurs

Profil recherché :

•	Bac +5 (ESTP ou équivalent) – Minimum 5 ans d’expérience en conduite de travaux de fondations
•	Solide maîtrise technique et sens de l’organisation
•	Leadership, autonomie et esprit terrain

Rattachement : Direction Travaux / Chef de secteur
Interfaces : chefs de chantier, dépôt, atelier, administratif, bureau d’études

Lieu : Siège social Koutio, déplacements sur tout le Territoire

Poste à pourvoir : dès que possible.

Pourquoi nous rejoindre ?

Rejoindre notre équipe, c’est avoir l’opportunité de travailler sur des chantiers variés, techniques et concrets, avec une autonomie réelle dans la gestion des projets, vous permettant de piloter vos chantiers de A à Z. 

Vous intégrerez une structure à taille humaine, où les décisions sont rapides et où la proximité des équipes favorise la collaboration. 

Votre expérience terrain sera pleinement reconnue et valorisée, et vous contribuerez activement au succès de nos projets.

📩 Envoyer candidature (CV + lettre de motivation) à fasanne.grochain@arbe.nc",,,,,3277b194-e603-4884-b031-55e8c4be2ee9,1302306001,ARBE,SOCIETE A RESPONSABILITE LIMITEE (SARL),ARBE,DUMBEA,37  promenade de Koutio,
20260507b31d,Infirmier Anesthésiste Diplémé / Infirmiére Anesthésiste Diplémée d'Etat -IADE-,1,ACTIVE,J1503,2026-05-07 16:23:50+11:00,NOUMEA,CDI,0,0,0,false,6,false,false,false,2026-05-07 16:22:59+11:00,2026-05-07 16:22:59+11:00,,"Aboro Consulting recrute pour un établissement hospitalier privé un INFIRMIER DIPLOME D’ETAT (H/F) 
 
Vous êtes garant(e) des missions suivantes : 
-	Réaliser des soins infirmiers, afin de maintenir ou restaurer la santé de la personne et l’accompagner, ce qui concoure à la prévention et au dépistage, au traitement en s’inscrivant dans une démarche de continuité de soins,
-	Assurer les transmissions et planification des soins,
-	Accueillir les patients et recueillir les données cliniques, les besoins et les attentes de la personne et de son entourage en utilisant les outils à disposition,
-	Planifier et organiser des soins personnalisés à un groupe de patients dont vous avez la charge,
-	Dispenser des soins techniques divers : bilans, délivrance de médicaments, pose de chimiothérapie, perfusions, entretien de VVC et CIP, pansements (post-chirurgie, escarre, plaie infectée, ulcère…),
-	Dispenser des soins de base à des patients dépendants et les aider à regagner le plus possible d’autonomie,
-	Assurer la surveillance du monitoring pour l'IDE en USC, SSPI,
-	Assister le médecin lors de soins spécifiques,
-	Respecter les règles d’asepsie, les protocoles d’hygiène et veille au respect des consignes d’isolement,
-	Assurer des transmissions écrites et orales précises et complètes,
-	Veiller au respect du secret professionnel,
-	Entretenir une relation d’aide aux patients,
-	Préparer les dossiers des patients entrants,
-	Assurer la gestion et le contrôle des produits, des matériels et dispositifs médicaux,
-	Assurer des tâches administratives nécessaires à la dispensation des soins,
-	Assurer la maintenance du matériel, alerter en cas de réparations éventuelles,
-	Vérifier le chariot d’urgence et le défibrillateur une fois par semaine selon le protocole en vigueur,
-	Participer à la lutte contre les infections nosocomiales en respectant les règles d’hygiène de base et  en appliquant les protocoles d’hygiène,
-	Participer aux travaux permettant d’atteindre les objectifs de service ou ceux du service de soins infirmiers de l’établissement,
-	Participe aux réunions de service et développe l’esprit d’équipe et de solidarité,
-	Accompagner les étudiants infirmiers ou les nouveaux arrivants.

Afin de tenir ce poste, vous êtes titulaire du diplôme d’état d’infirmier et justifiez d’une expérience sur poste similaire, idéalement en milieu hospitalier. 

Qualités requises : Aisance relationnelle, capacité d’écoute, rigueur et précision, réactivité, capacité à gérer le stress, esprit d’équipe.
 
Plusieurs postes à pourvoir en CDI dans les services suivants : Néphrologie, Chirurgie, SMR, Oncologie, et SICS.",,,,,10946cce-b328-4ab4-971a-bc93a73f02d1,0418582001,ÂBORO CONSULTING,SOCIETE PAR ACTIONS SIMPLIFIEE (SAS),ÂBORO CONSULTING,NOUMEA,24 avenue du Maréchal Foch Centre Ville,
20260507a772,Médecin spécialiste,1,ACTIVE,J1102,2026-05-07 16:05:23+11:00,NOUMEA,CDI,0,0,0,false,8,false,false,false,2026-05-07 16:04:45+11:00,2026-05-07 16:04:45+11:00,,"Âboro Consulting recrute pour un établissement hospitalier privé en Nouvelle-Calédonie, 
UN ONCOLOGUE (H/F)

Vous êtes garant(e) des missions suivantes :

Prendre en charge et assurer le suivi médical des patients atteints de pathologies cancéreuses, en hospitalisation et consultation externe.

Élaborer et mettre en œuvre des protocoles de traitement personnalisés dans le respect des recommandations et référentiels en vigueur.

Participer activement aux réunions de concertation pluridisciplinaire avec les autres spécialistes (chirurgiens, radiothérapeutes, etc.).

Collaborer étroitement avec les équipes médicales, de soins et les structures d’accompagnement (psychologues, soignants, réseau ville/hôpital…).

Contribuer au développement de l’offre de soins en oncologie et à l’amélioration continue des pratiques.

Participer à la formation des équipes et éventuellement à des activités de recherche clinique.


Afin de tenir ce poste vous êtes Médecin spécialisé en oncologie, inscrit(e) à l’Ordre des Médecins en France ou éligible à une inscription.

Vous possédez une expérience professionnelle significative en oncologie médicale, idéalement en secteur hospitalier ou privé.

Vous maîtrisez les prises en charge en oncologie adulte (chimiothérapies, immunothérapies, thérapies ciblées…).

Qualités requises : aptitudes au travail interdisciplinaire et à la coordination des soins, sens de l’écoute, esprit d’équipe, engagement auprès des patients, rigueur, éthique professionnelle, autonomie et implication dans la qualité des soins.

Ce poste est à pourvoir en CDI à Nouméa en Nouvelle-Calédonie (CDD possible, 3 mois minimum).",,,,,10946cce-b328-4ab4-971a-bc93a73f02d1,0418582001,ÂBORO CONSULTING,SOCIETE PAR ACTIONS SIMPLIFIEE (SAS),ÂBORO CONSULTING,NOUMEA,24 avenue du Maréchal Foch Centre Ville,
20260507e19e,Chef / Cheffe de ligne de production en industrie alimentaire,1,ACTIVE,H2102,2026-05-07 15:59:31+11:00,NOUMEA,CDI,0,0,0,false,5,false,false,false,2026-05-07 15:59:00+11:00,2026-05-07 15:59:00+11:00,,"Âboro Consulting recrute pour son client un Responsable Moulin (H/F)

Vous êtes garant(e) des missions suivantes :

QHSE
- S’assure du respect des consignes et obligations QHSE
- S’assure du maintien dans l’usine des conditions d’hygiène et sécurité conformes aux règles
- Contrôle de la qualité des MP
- Etabli les recettes (mélange de blés et ingrédients et standardisation des processus)
- Prépare les pesées Prémix
- Assure la qualité et la traçabilité des produits
- Réceptionne et analyse les réclamations client en collaboration avec les service qualité

Production
- Supervise la réception et le stockage des MP et consommables avec pour objectif d’éviter les ruptures en assurant un stock de sécurité, tout en limitant les coûts de stockage
- Réalise les inventaires et alerte lorsque les seuils sont atteints
- Etabli le planning de production quotidien, assure l’approvisionnement en MP des lignes de production
- Supervise l’exécution du planning de production par les conducteurs et agents
- Assure la gestion des stocks produits finis avec pour objectif d’éviter les ruptures en assurant un temps de plancher, tout en limitant les coûts de stockage.
- Assure les réglages des machines de production pour garantir un taux d’extraction maximum farine / blé et une conformité de la qualité
- Participe aux opérations de maintenance en coordination avec le Responsable de Maintenance
- Aide à l’ensachage lors des grosses productions
- Etre force de proposition sur les plan d’améliorations de performance et des conditions d’utilisation

Prospection et commercialisation
- Cible et prospecte les clients potentiels
- Développe et fidélise le portefeuille clients

Organiser et manager son équipe
- Organise et optimise le planning de son équipe
- Défini les tâches de chacun dans des fiches de postes et élabore des méthodes de travail
- Gère le personnel et s’assure du recrutement nécessaire à la flexibilité ou aux périodes de suractivité
- Défini les besoins de formation nécessaire des collaborateurs et transmet au service RH
- Informe, forme aux évolutions techniques, à la transmission de compétences, aux exigences de qualité, de sécurité et d’environnement
- Sait proposer les gratifications et les sanctions nécessaires
- Effectue le pointage de ses collaborateurs et le transmet au service RH tous les lundis matin
- Conduit les entretiens annuels d’évaluation de son équipe

Administratif
- Assure le lien entre les services de l’entreprise et la direction générale
- Relation avec les fournisseurs et les clients
- Facturation

Afin de tenir ce poste vous êtes titulaire d’un diplôme de Meunerie ou d’un bac+2 en industrie spécialité céréalière et vous justifiez d’une expérience d’au moins 3 ans sur poste similaire en meunerie.

Vous maîtrisez les techniques de production en industrie alimentaire et céréalière.  Vous avez une bonne connaissance des normes en terme de Qualité, Hygiène et consignes de Sécurité.

Vous maîtrisez l’outil informatique et plus particulièrement Excel.

Permis B obligatoire.

Qualités requises : autonomie, sens des responsabilités, disponibilité, capacité à gérer le stress, force de proposition, capacité d’analyse et de résolution des problèmes en urgence, de synthèse et de gestion des priorités, capacités managériales et de leadership, qualité de communication écrite et parlée.

Ce poste est à pourvoir en CDI à Nouméa en Nouvelle-Calédonie.",,,,,10946cce-b328-4ab4-971a-bc93a73f02d1,0418582001,ÂBORO CONSULTING,SOCIETE PAR ACTIONS SIMPLIFIEE (SAS),ÂBORO CONSULTING,NOUMEA,24 avenue du Maréchal Foch Centre Ville,
202605073d29,Réceptionniste en hétellerie,1,ACTIVE,G1703,2026-06-01 00:00:00+11:00,NOUMEA,CDI,0,0,0,true,5,true,false,false,2026-05-07 15:51:34+11:00,2026-05-07 15:51:34+11:00,RELATION CLIENT,,,,,,3ebac56f-54d0-45d3-819c-88a828d0b337,0903286001,GROUPE LA PROMENADE,SOCIETE PAR ACTIONS SIMPLIFIEE (SAS),GROUPE LA PROMENADE,NOUMEA,123 promenade Roger Laroque Anse Vata,
2026050732a1,Administrateur / Administratrice systémes et réseaux,2,ACTIVE,M1801,2026-06-01 00:00:00+11:00,NOUMEA,CDIC,0,24,0,true,6,false,false,false,2026-05-07 15:45:59+11:00,2026-05-07 15:45:59+11:00,,"Ce contrat à durée indéterminée de chantier s’inscrit dans le cadre d’un programme stratégique de migration avec des enjeux forts. Le titulaire interviendra sur l’ensemble du cycle projet, en contribuant à la conception, à la mise en œuvre et à l’optimisation des environnements cloud, en étroite collaboration avec les équipes techniques et métiers.
Le titulaire sera également sollicité pour le RUB si besoin. 

Fonctionnement (Run) / Support Utilisateur

-Veiller au fonctionnement optimal des infrastructures et solutions de son périmètre, à ce titre

Maintenir une vision globale et actualisée des documents d’architecture, des procédures associées et des inventaires
Mettre en place les procédures et outils permettant de suivre le bon fonctionnement (Monitoring)
Suivre et analyser les performances et mettre en place les mesures susceptibles d’améliorer la qualité et la performance
-Assurer le traitement des incidents et demandes utilisateurs

Gérer les demandes d’accès aux différentes ressources réseau interne comme externe
Traiter les incidents ou anomalies à partir des demandes internes (ou des process de surveillance)
Veiller à mettre en place une résolution pérenne des incidents (Gestion des problèmes)
-Assurer les actions de maintenance corrective en veillant à leur qualité

-Effectuer une veille technologique et proposer des solutions permettant d’améliorer notamment les performances, la sécurité ou l’organisation globale

-Assister ou effectuer les transferts de compétence aux autres équipes de la DSIOP sur ses domaines d’intervention (de compétence)

-Participer à l’élaboration et la mise en œuvre des stratégies de continuité d’activité et assure une veille régulière de la bonne application.

 

Projet (chantier)

-Participer à la mise en place des infrastructures systèmes et réseaux et/ou base de données

Être le correspondant reconnu des autres acteurs du projet sur ce domaine
Veiller à la cohérence des nouveaux composants avec les autres éléments du SI
Identifier les besoins en matériel et logiciel et participer au processus d’acquisition si besoin
-Participer l’installation des composants réseau et systèmes dans le respect des normes (qualité, sécurité,)

Formalise (contextualise) la documentation d’installation
Mettre en œuvre des composants réseau
Mettre à jour la documentation donnant la vision globale du SI  
-Qualifier la solution d’un point de vue réseau et assister les autres intervenants dans les travaux de qualification fonctionnelle et technique",,,,,a576b14a-47be-4979-b3ce-a087dc91c075,0076232001,SOCIETE GENERALE CALEDONIENNE  DE BANQUE,SA A CONSEIL D'ADMINISTRATION (S.A.I.),SOCIETE GENERALE CALEDONIENNE  DE BANQUE,NOUMEA,44 rue de l'Alma Centre Ville,
202605076545,Assistant administratif / Assistante administrative d'assurances,1,ACTIVE,C1401,2026-05-07 15:47:05+11:00,NOUMEA,CDI,0,0,0,false,5,true,false,false,2026-05-07 15:45:30+11:00,2026-05-07 15:45:30+11:00,,Accueil clientèle / Assistant(e) administraif(ve).,,,,,d652b485-b07a-4df4-acfc-2a6733baa9fa,0412494001,SOCIETE DE GESTION DES PORTEFEUILLES D'ASSURANCES ET DE CAPITALISATION,SOCIETE A RESPONSABILITE LIMITEE (SARL),SOCIETE DE GESTION DES PORTEFEUILLES D'ASSURANCES ET DE CAPITALISATION,NOUMEA,36 rue de l'Alma Centre Ville Immeuble Le Botticelli,
20260507188e,Géologue minier / Géologue miniére,1,ACTIVE,F1105,2026-05-07 15:30:50+11:00,NOUMEA,CDI,0,0,0,false,7,false,false,false,2026-05-07 15:30:42+11:00,2026-05-07 15:30:42+11:00,,"Aboro Consulting recrute pour son client, une société d’exploitation minière, un GÉOLOGUE PROSPECTION (H/F)

Vous êtes garant(e) des missions suivantes :

- Participer à la définition des programmes de recherche
- Coordonner des campagnes de reconnaissance sur le terrain
- Assurer la compilation et l’analyse des données
- Rédiger les rapports de synthèse
- Participer aux travaux du service : élaboration des projets miniers à partir des données de sondage, réalisation des dossiers administratifs

Afin de tenir ce poste vous êtes titulaire d’un BAC+5 en Géologie ou Ecole des Mines et vous justifiez d’une expérience réussie d’au moins 3 ans à un poste similaire.

Permis B indispensable.

Qualités requises: Autonomie, esprit d’initiative, rigueur, grandes qualités relationnelles et bon communicant, polyvalence, esprit d’équipe.

Ce poste est à pourvoir en CDI à Nouméa avec déplacements fréquents sur sites miniers.",,,,,10946cce-b328-4ab4-971a-bc93a73f02d1,0418582001,ÂBORO CONSULTING,SOCIETE PAR ACTIONS SIMPLIFIEE (SAS),ÂBORO CONSULTING,NOUMEA,24 avenue du Maréchal Foch Centre Ville,
202605073870,Médecin praticien,1,ACTIVE,J1102,2026-05-07 15:11:08+11:00,NOUMEA,CDI,0,0,0,false,8,false,false,false,2026-05-07 15:10:03+11:00,2026-05-07 15:10:03+11:00,,"Âboro Consulting recrute pour un établissement hospitalier privé en Nouvelle-Calédonie, 
UN MEDECIN GENERALISTE (H/F)

Vous êtes garant(e) des missions suivantes :

•	Assurer des consultations de médecine générale pour une patientèle diversifiée, en intégrant une approche préventive et curative.
•	Diagnostiquer et conduire des stratégies thérapeutiques individualisées, selon les besoins spécifiques de chaque patient.
•	Assurer la coordonnination avec les autres professionnels de santé de l’établissement pour assurer une continuité des soins optimale.
•	Assurer le suivi des patients, y compris le maintien des dossiers médicaux, pour faciliter les soins futurs et répondre aux exigences légales et de l’organisation.
•	Engager un dialogue ouvert avec les patients, fournir des explications claires et aider à la prise de décision éclairée.
•	Faire preuve d'empathie et maintenir une communication respectueuse et bienveillante, quelles que soient les circonstances.
•	Restez actualisé concernant les développements médicaux récents, les innovations thérapeutiques et les meilleures pratiques de la profession.
•	Participer activement aux réunions internes et aux activités de développement professionnel continu.

Afin de tenir ce poste vous êtes titulaire d'un Doctorat de Médecine Générale, inscrit(e) ou inscriptible au Conseil national de l'ordre des médecins.

Une expérience en milieu hospitalier serait un plus, idéalement en lien avec l’oncologie.
 Oncologie serait un plus.

Ce poste est à pourvoir en CDI à Nouméa en Nouvelle-Calédonie (CDD possible, 6 mois minimum).",,,,,10946cce-b328-4ab4-971a-bc93a73f02d1,0418582001,ÂBORO CONSULTING,SOCIETE PAR ACTIONS SIMPLIFIEE (SAS),ÂBORO CONSULTING,NOUMEA,24 avenue du Maréchal Foch Centre Ville,
20260507c7ac,Responsable de gestion comptable,1,ACTIVE,M1203,2026-07-01 00:00:00+11:00,NOUMEA,CDI,0,0,0,false,6,true,false,false,2026-05-07 14:48:00+11:00,2026-05-07 14:48:00+11:00,,"Cherche chef de mission pour un cabinet comptable (révision des comptes, gestion d'une équipe, relation clients).",,,,,c4f366ff-1c21-47e5-a256-f15e23a83385,1320860001,BROUSSAN & ASSOCIES,SOCIETE A RESPONSABILITE LIMITEE (SARL),BROUSSAN & ASSOCIES,NOUMEA,36 rue de l'Alma Centre Ville Immeuble Botticelli - 4ème étage,
202605078d9a,Accompagnant éducatif et social / Accompagnante éducative et sociale en milieu scolaire,1,ACTIVE,K2113,2026-05-15 00:00:00+11:00,KONE,CDD,15,6,0,true,4,false,true,false,2026-05-07 14:42:18+11:00,2026-05-07 14:42:18+11:00,BACCALAUREAT,"## Mon offre d'emploi

Je suis un texte libre.",,,,,48877e31-ce96-4d3f-953a-0952042c873d,1407055001,COLLEGE DE PAÏAMBOUE,ETABLISSEMENT PUBLIC DE LA NOUVELLE-CALEDONIE,COLLEGE DE PAÏAMBOUE,KONE,1158 avenue Jimmy Welepane,
202605070c45,Infirmier / Infirmiére chef de bloc opératoire,1,ACTIVE,J1504,2026-05-07 14:34:40+11:00,NOUMEA,CDI,0,0,0,false,6,false,false,false,2026-05-07 14:34:27+11:00,2026-05-07 14:34:27+11:00,,"Aboro Consulting recrute pour son client, un établissement hospitalier privé, un infirmier de bloc opératoire diplôme d’état (IBODE) ou infirmier de bloc (H/F). 

 
Vous êtes garant(e) des missions suivantes :
 
Fonction soins en rapport avec l'intervention chirurgicale :
 
Hygiène :
- Connaître et sait évaluer le risque infectieux en fonction de l'opéré et du type d'intervention,
- Élaborer, maîtrise, applique et fait appliquer les procédures adaptées aux comportements, aux matériels, aux locaux et à l'environnement,
- Prise en charge du patient :
- Recueillir les informations auprès du patient, de la famille et des personnels concernés,
- Identifier, analyser les besoins de l'opéré et les risques,
- Élaborer la prise en charge de l'opéré en fonction du diagnostic prévalent du bloc opératoire,
- Accueillir, informe et assure le confort et la sécurité de l'opéré en collaboration avec l'équipe dans une atmosphère sereine,

Interventions chirurgicales :
- Connaître l'anatomie, la pathologie et les techniques opératoires appliquées,
- Maîtriser le fonctionnement des équipements du plateau technique,
- Participer à l'installation de l'opéré,
- Assurer le déroulement de l'intervention dans les conditions optimales en coordonnant les différentes équipes intervenantes,
- Prévoir, organiser, gérer, utiliser et contrôler tout le matériel nécessaire à l'intervention,
- Participer à l'acte chirurgical dans le périmètre stérile au contact de l'opéré
- Prévoir et gérer l'instrumentation stérile en fonction des temps opératoires aseptiques et septiques
- Apporter sa collaboration au chirurgien à l'acte opératoire
- 
Fonction gestion :
- Organiser ses actions avec méthode, efficacité et rapidité en tenant compte de la septicité et du degré d'urgence. 
- Assurer le suivi de la maintenance et sa traçabilité
- Assurer la traçabilité des dispositifs médicaux
- Participer à la gestion des stocks et à la maîtrise des coûts
 
Fonction formation, information, recherche :
- Participe à l'encadrement des stagiaires aides-soignants et brancardiers et des étudiants infirmiers ainsi que des nouvelles recrues.
- Assure des transmissions écrites et orales concernant l'opéré, le matériel et l'organisation.
- S'investit dans la recherche infirmière et clinique pour l'amélioration de la qualité des soins 

Afin de tenir ce poste, vous êtes titulaire d'un diplôme d’état d’infirmier de bloc opératoire avec première une expérience professionnelle en bloc opératoire o

OU vous êtes titulaire d’un diplôme d’état d’infirmier avec une expérience réussie d’au moins 5 ans en bloc opératoire. 
 
Vous avez des connaissances en hygiène hospitalière et en microbiologie et épidémiologie. Vous avez une maitrise de l’informatique (Word, Excel, power point). 
 
Qualités requises : capacités relationnelles, sens du travail en équipe, adaptabilité, autonomie, organisation, grande discrétion, curiosité intellectuelle, qualité pédagogique. 
 
Ce poste est à pourvoir en CDI à Nouméa.",,,,,10946cce-b328-4ab4-971a-bc93a73f02d1,0418582001,ÂBORO CONSULTING,SOCIETE PAR ACTIONS SIMPLIFIEE (SAS),ÂBORO CONSULTING,NOUMEA,24 avenue du Maréchal Foch Centre Ville,
20260507af76,Infirmier / Infirmiére hygiéniste,1,ACTIVE,J1506,2026-05-07 14:27:38+11:00,NOUMEA,CDI,0,0,0,false,5,false,false,false,2026-05-07 14:27:26+11:00,2026-05-07 14:27:26+11:00,,"Aboro Consulting recrute pour son client, un infirmier hygiéniste (H/F)
Vous êtes garant(e) des missions suivantes :
 
Mission en hygiène hospitalière : 

- Agir transversalement sur l’ensemble des services, pour l’ensemble des patients avec un grand nombre de catégories professionnelles,
- Participer à l’hygiène générale de l’établissement,
-  Participer à la politique de prévention des risques professionnels au sein de la Société et aider à mettre en place des mesures de prévention avec le service RH,

Surveillance : 

- Participer à la connaissance, au contrôle et à la surveillance des infections nosocomiales
- Maîtriser les outils de la gestion des risques infectieux depuis la conduite d’une enquête ou d’un audit, jusqu’à la mise en place des actions correctives, 
- Suivre les signalements et déclarations,

Prévention : 

- Contribuer à l’élaboration, l’actualisation et le suivi des protocoles de soins,
- Contribuer à l’amélioration de la qualité du soin et à la recherche en soins infirmiers

Information : 

- Recevoir et donner des informations, dans son domaine de compétence, au corps médical et aux autres professionnels des 3 sites, et éventuellement aux patients et à leur famille, 
- Participer activement à la politique qualité de l’établissement 
- Se tenir informé de l’évolution des outils et des textes réglementaires avec tout moyen mis à disposition

Communication : 

- Communiquer avec l’équipe médicale soignante, l’ensemble des services de l’établissement, les écoles et instituts de formation et les professionnels extrahospitaliers pour tous les établissements,
- Participer aux groupes de travail du COPIQ / COVIRIS
- Collaborer aux instances liées à son domaine d’expertise, notamment au CHSCT
- Rédiger des présentations et des fascicules de formation en variant les outils pédagogiques.


   
Afin de tenir ce poste, vous êtes titulaire d'un diplôme d’état d’infirmier et d’un diplôme universitaire d’hygiène hospitalière et justifiez d’une expérience professionnelle réussie d’au moins 3 ans en milieu hospitalier.  

Vous avez des connaissances en hygiène hospitalière et en microbiologie et épidémiologie. Vous maitrisez l’informatique (Word, Excel, power point). 
 
Qualités requises : capacités relationnelles, sens du travail en équipe, adaptabilité ; autonomie, organisation, grande discrétion, curiosité intellectuelle, qualité pédagogique. 
 
Ce poste est à pourvoir en CDI à Nouméa.",,,,,10946cce-b328-4ab4-971a-bc93a73f02d1,0418582001,ÂBORO CONSULTING,SOCIETE PAR ACTIONS SIMPLIFIEE (SAS),ÂBORO CONSULTING,NOUMEA,24 avenue du Maréchal Foch Centre Ville,
202605075f2d,Préparateur / Préparatrice en pharmacie d'officine,1,ACTIVE,J1307,2026-05-07 13:38:44+11:00,NOUMEA,CDI,0,0,0,false,4,false,false,false,2026-05-07 13:38:36+11:00,2026-05-07 13:38:36+11:00,,"Aboro Consulting recrute pour un établissement médical, un Préparateur en Pharmacie (H/F).

Vous êtes garant des missions suivantes :

•	Assurer la commande, la réception, le contrôle, le stockage et la dispensation globale ou nominative des médicaments, dispositifs médicaux stériles, gaz et fluides à usage médical et autres produits pharmaceutiques de la PUI,
•	Assurer la reconstitution des anticancéreux en unité de préparation centralisée,
•	Réaliser des inventaires tournants et annuels,
•	Participer à l’organisation du circuit du médicament et des dispositifs médicaux stériles,
•	Participer à la mise en place de dotations de médicaments et de dispositifs médicaux stériles dans les services et blocs opératoires,
•	Participer à l’organisation de l’unité de préparation centralisée des anticancéreux,
•	Participer à l’organisation et la gestion des stocks de médicaments et de dispositifs médicaux stériles,
•	Participer à la démarche qualité du service,
•	Participer à la mise en place de nouvelles activités,
•	Participer à l’informatisation du service.

Afin de tenir ce poste, vous êtes titulaire d'un Brevet Professionnel de Préparateur en Pharmacie Hospitalière et vous justifiez d’une expérience significative en milieu hospitalier. 

Vous disposez de solides connaissances médicales et vous assurez une veille constante de l’évolution de la réglementation des médicaments.

Qualités : Rigueur, conscience professionnelle, réflexion, analyse, méthode et organisation, esprit d’équipe.

Ce poste est à pourvoir en CDI à Nouméa.",,,,,10946cce-b328-4ab4-971a-bc93a73f02d1,0418582001,ÂBORO CONSULTING,SOCIETE PAR ACTIONS SIMPLIFIEE (SAS),ÂBORO CONSULTING,NOUMEA,24 avenue du Maréchal Foch Centre Ville,
2026050768af,Cadre de santé,1,ACTIVE,J1502,2026-05-07 13:31:29+11:00,NOUMEA,CDI,0,0,0,false,,false,false,false,2026-05-07 13:29:57+11:00,2026-05-07 13:29:57+11:00,,"Aboro Consulting recrute pour un établissement hospitalier privé, un Cadre de Santé (H/F)

Au sein de la direction des Soins vous êtes garant des missions suivantes :

Management et Gestion de l’unité

1.	Gestion des soins
-	Organise une prise en charge personnalisée
-	Evalue les actes de soins en terme de qualité et de sécurité
-	Assure la continuité des soins et des compétences au sein de son service
-	Evalue la charge en soins
-	Participe à la gestion des lits de son secteur

2.	Gestion des Ressources Humaines
-	Anime et fédère l’équipe
-	Assure l’évaluation des professionnels
-	Effectue l’EAE
-	Recense les besoins en formation
-	Organise l’intégration des nouveaux soignants
-	Organise l’accueil des étudiants et met en place des conditions favorables à l’apprentissage
-	Participe aux entretiens de recrutement

3.	Gestion du matériel
-	Evalue les besoins de l’unité
-	S’assure de la fonctionnalité des installations et du matériel, concours au suivi des prestations de maintenance

Qualité et Gestion des risques
-	Participe à l’amélioration continue de la qualité au sein de son service en tenant compte des projets de service, des projets de soin
-	Est garant de l’application des protocoles institutionnels
-	Veille aux différentes vigilances
-	Participe à la rédaction des protocoles spécifiques à l’unité

Relation/Communication et Coordination
-	Entretien des relations de travail avec tous les acteurs de la prise en charge y compris les familles des patients
-	Veille au respect mutuel entre les acteurs
-	Organise des réunions de travail et d’expression sur les soins et l’organisation de service
-	Assure des reportings auprès de la DSI

Afin de tenir ce poste, vous êtes titulaire d’un Diplôme d’Etat de cadre de santé ou diplôme équivalent (Master de management de la santé ou de gestion des établissements sanitaires) et vous justifiez d’une expérience confirmée en management d’équipes et de services de soins.

Compétences attendues :
-	Management et animation d’équipes
-	Organisation et gestion des ressources humaines
-	Connaissance des procédures et protocoles de soins
-	Gestion matérielle et logistique nécessaire aux besoins du service
-	Connaissances technique dans les domaines de l’Hygiène hospitalière, la démarche qualité, les vigilances sanitaires
-	Créer des outils d’évaluation

Qualités requises : Disponibilité, capacité d’écoute et empathie, gestion des conflits, sens des responsabilités, sens de l’organisation, capacités managériales, qualités rédactionnelles, capacité aptitudes à travailler en réseau, esprit d’initiative et dynamisme, capacité à évaluer, développer et valoriser les compétences de ses collaborateurs.

Ce poste est à pourvoir en CDI à Nouméa.",,,,,10946cce-b328-4ab4-971a-bc93a73f02d1,0418582001,ÂBORO CONSULTING,SOCIETE PAR ACTIONS SIMPLIFIEE (SAS),ÂBORO CONSULTING,NOUMEA,24 avenue du Maréchal Foch Centre Ville,
20260507f04c,Auxiliaire de soins vétérinaires,1,ACTIVE,A1501,2026-06-26 00:00:00+11:00,DUMBEA,CDI,0,0,0,false,4,true,false,false,2026-05-07 12:11:20+11:00,2026-05-07 12:11:20+11:00,,Nous recherchons un ou une ASV expérimenté(e) pour travailler avec un ou deux vétérinaires et une ASV dans notre clinique à Koutio. Vous travaillerez environ 120 heures par mois en alternance matin ou après midi dans un cadre agréable et professionnel.,,,,,c11b39be-a74e-458c-8286-9ae51280e4ac,0800540001,CLINIQUE VETERINAIRE DU REGAIN,SOCIETE D'EXERCICE LIBERAL A RESPONSABILITE LIMITEE (SELARL),CLINIQUE VETERINAIRE DU REGAIN,DUMBEA,53 rue Félix Trombe,
2026050725dc,Architecte logiciel,1,ACTIVE,M1818,2026-05-07 11:41:28+11:00,NOUMEA,CDI,0,0,0,false,7,false,false,false,2026-05-07 11:39:53+11:00,2026-05-07 11:39:53+11:00,,"Âboro Consulting recrute pour son client, un Architecte Logiciel (H/F)

Vous êtes garant(e) des missions suivantes :

•	Analyser et cartographier le système applicatif existant afin d’identifier les risques liés à l’obsolescence et à la dette technique, et proposer des actions d’amélioration.
•	Concevoir des solutions techniques performantes, en assurant leur cohérence avec l’existant et leur alignement avec la stratégie de transformation de l’entreprise.
•	Participer à l’évaluation des charges et des moyens nécessaires à la mise en œuvre des projets, en lien avec les équipes de réalisation.
•	Accompagner les équipes de développement en diffusant les bonnes pratiques, en veillant au respect des standards et en apportant un support technique au quotidien.
•	Assurer la maintenance de l'usine logiciels et participer à celle des applications existantes.
•	Être force de proposition sur l'amélioration de la qualité de réalisation des applications et des architectures.

Afin de tenir ce poste, vous êtes titulaire d'un Bac+4/5 et vous justifiez d'une expérience de 10 ans minimum sur un poste similaire. Vous disposez de connaissances solides en développement Java, et idéalement en architecture et middleware.

Compétences et qualités requises :

•	Maîtrise des outils de développement Full Stack Java (CI/CD : Maven, Git, Sonar, Jenkins, Nexus, Docker…).
•	Connaissance des bases de données (DB2, PostgreSQL) et des langages (Java, JavaScript, TypeScript, HTML, CSS).
•	Expérience avec les frameworks (SpringBoot, Bootstrap, Angular) et les outils BPM (Bonita, Camunda) et MOM (ActiveMQ).
•	Familiarité avec les cadres méthodologiques tels que les méthodes Agiles (Scrum, Kanban), Jira, UML et TOGAF.
•	Capacité relationnelle pour travailler en équipe, communiquer efficacement et faire preuve de pédagogie.
•	Posture humble, rigueur et forte capacité d'adaptation.

 Ce poste est à pourvoir en CDI à Nouméa.",,,,,10946cce-b328-4ab4-971a-bc93a73f02d1,0418582001,ÂBORO CONSULTING,SOCIETE PAR ACTIONS SIMPLIFIEE (SAS),ÂBORO CONSULTING,NOUMEA,24 avenue du Maréchal Foch Centre Ville,
202605067b55,Technicien électricien / Technicienne électricienne de maintenance process,1,ACTIVE,I1309,2026-06-15 00:00:00+11:00,NOUMEA,CDD,0,3,0,false,4,false,false,false,2026-05-07 10:56:49+11:00,2026-05-07 10:56:49+11:00,Métiers de l'électricité et de ses environnements connectés,,,,,,31b487ad-710e-43ed-9801-e4208bbb2b41,1468537001,CONCEPTION ELECTRICITE AUTOMATISME,SOCIETE A RESPONSABILITE LIMITEE (SARL),CONCEPTION ELECTRICITE AUTOMATISME,MONT-DORE,132 QUATER RUE WOLFGANGAMADEUS MOZART,
2026050619f4,Electricien / Electricienne tertiaire,1,ACTIVE,F1602,2026-06-15 00:00:00+11:00,NOUMEA,CDD,0,3,0,true,,false,false,false,2026-05-07 10:49:03+11:00,2026-05-07 10:49:03+11:00,,"VOTRE PROFIL :
- Etre ponctuel ;
- Être capable de respecter les délais d'interventions ;
- Savoir travailler seul ou en équipe ;
- Être capable d'utiliser des appareils de mesures électrique ;
- Connaître les règles et consignes de sécurité liés au poste.

Poste à pourvoir dés que possible en CDD de 3 mois renouvelable 1 fois en vue d'un CDI",,,,,31b487ad-710e-43ed-9801-e4208bbb2b41,1468537001,CONCEPTION ELECTRICITE AUTOMATISME,SOCIETE A RESPONSABILITE LIMITEE (SARL),CONCEPTION ELECTRICITE AUTOMATISME,MONT-DORE,132 QUATER RUE WOLFGANGAMADEUS MOZART,
20260506364a,Assistant commercial / Assistante commerciale sédentaire,1,ACTIVE,D1401,2026-05-07 10:13:22+11:00,NOUMEA,CDI,0,0,0,true,6,true,false,false,2026-05-07 10:13:07+11:00,2026-05-07 10:13:07+11:00,commerce et marketing,,,,,,5b9e72c6-b974-43d3-871b-db0d9f09551d,1585819001,INTERMEDIAS,SOCIETE PAR ACTIONS SIMPLIFIEE (SAS),INTERMEDIAS,NOUMEA,29 avenue du Maréchal Foch Centre Ville,
202605066866,Agent / Agente de transit export,1,ACTIVE,N1202,2026-05-06 15:36:43+11:00,NOUMEA,CDI,0,0,0,true,5,true,false,false,2026-05-06 15:36:14+11:00,2026-05-06 15:36:14+11:00,BTS TRANSPORT ET LOGISTIQUE,,,,,,c0fd2b24-d808-4eda-a0f7-f0784ecc89de,0162727001,TRANSIT TRANSPORT INTERNATIONAL,SA A CONSEIL D'ADMINISTRATION (S.A.I.),TRANSIT TRANSPORT INTERNATIONAL,NOUMEA,8 rue du Commandant Alexandre Babo Centre Ville Zone des transitaires - Port autonome,
202605063db1,Agent administratif / Agente administrative de banque,1,ACTIVE,C1401,2026-06-01 00:00:00+11:00,NOUMEA,CDI,0,0,0,true,5,false,false,false,2026-05-06 14:52:47+11:00,2026-05-06 14:52:47+11:00,,"atwork est mandatée par son client, le cabinet de conseil financier CFM Indosuez implanté à Nouméa, pour la recherche d'un(e)

Assistant clientèle (H/F) - Poste à pourvoir en CDI à Nouméa, Nouvelle-Calédonie

Responsabilités

Placé(e) sous la responsabilité directe du directeur de la structure, l’Assistant Clientèle (H/F) assure les missions suivantes :

Accueillir et accompagner la clientèle
Assurer la réception physique et téléphonique d’une clientèle privée avec niveau de service élevé
Organiser et préparer rigoureusement les rendez-vous ; gérer les messages et le suivi des appels.
Gérer et suivre les dossiers clientèle
Assurer la complétude et la conformité réglementaire des dossiers clients
Veiller au respect des échéances documentaires et assurer les relances nécessaires.
Soutenir l’équipe au quotidien
Apporter un support administratif structuré à l’équipe
Actualiser et enrichir le CRM en continu
Contribuer à la bonne organisation collective dans une équipe à taille humaine.
Votre profil : 
Formation Bac +2/+3 minimum (BTS assistant de gestion, action commerciale, DUT GEA, licence droit ou équivalent pertinent)
Expérience dans un environnement exigeant requérant rigueur, discrétion et sens du service
Sens aigu de la discrétion, rigueur, excellente présentation, esprit d’équipe, curiosité pour le métier
Maîtrise des outils informatiques et bureautiques
Connaissance des techniques bancaires ainsi que des règles en matière de compliance (KYC) : un plus mais non indispensable.
Ce que notre client offre

Votre CV avec vos expériences les plus pertinentes au regard du poste.
Une présentation de vous, sous la forme que vous souhaiterez et qui vous semblera le mieux refléter votre parcours et vos aspirations professionnelles.

Nous vous garantissons une confidentialité totale sur votre candidature, un suivi rigoureux et éthique.

CV + Présentation : contact@atwork.nc

Visitez notre site sur www.atwork.nc",,,,,c99cbdac-3e4f-4fb8-8947-bd0396803510,1625714002,OBLED Sophie (usage HAUTBOIS),PERSONNE PHYSIQUE,atwork,NOUMEA,22 rue Renoir Motor-Pool Chez Laurent Hautbois,
20260506f4b6,Agent administratif / Agente administrative back-office marché,2,ACTIVE,C1401,2026-06-01 00:00:00+11:00,DUMBEA,,0,0,1,false,4,false,false,false,2026-05-06 14:04:24+11:00,2026-05-06 14:04:24+11:00,,"**Réception des différents dossiers relatifs à la liquidation des demandes de remboursements:**
- Gère l’arrivée des dossiers adhérents – dossiers tiers-payant
- Récupère les demandes de remboursement arrivant par courriel (décomptes autres mutuelles)
- Réceptionne les dossiers transmis par les agents de l’accueil physique

**Traitement de l’intégralité des opérations relatives aux dossiers de liquidation de l’assurance maladie**
- Effectue les contrôles nécessaires à la bonne exploitation des demandes de remboursement en appliquant la législation et les procédures en vigueur
- Sollicite l’avis du Contrôle Médical et Dentaire lorsque cela s’avère nécessaire
- Vérifie la cohérence de la prestation calculée
- Procède aux saisies et ou à la validation des demandes de remboursements
- Motive les rejets et génère les courriers aux ressortissants
- Retraite le dossier lorsqu’une erreur a été constatée
- Enregistre et assure le suivi de tout dossier nécessitant un avis préalable à sa liquidation
- Transmet à sa hiérarchie les dossiers devant être soumis aux contrôles médical et dentaire

**Traitement des réclamations**
- Prend en compte les réclamations
- Apporte une solution pour les réclamations simples relatives à l’assurance maladie
- Met à jour le « module de suivi »
- Pour les réclamations non gérées à son niveau, transmet toute pièce utile au chargé des réclamations

**Autres activités**
- Intervient si nécessaire en soutien technique aux agents de l’accueil unique
- Assure le lancement des diverses éditions (décomptes…)
- Peut être amené à effectuer des opérations du fichier

**Amélioration continue**
- Détecte les anomalies et alerte son responsable de toute pratique anormale constatée
- Respecte les échéances fixées par sa hiérarchie selon leurs objectifs qualitatifs et quantitatifs de production
- Alimente les tableaux de bord et suit les indicateurs essentiels
- Propose des évolutions des modules informatiques


**Les candidatures doivent être déposées sur notre site internet www.mdf.nc (rubrique, la MDF recrute)**",,,,,c97c2751-1752-457f-a9d5-c7248467a401,0141523001,SOCIETE MUTUALISTE DES FONCTIONNAIRES ET AGENTS DES SERVICES PUBLICS,MUTUELLE,SOCIETE MUTUALISTE DES FONCTIONNAIRES ET AGENTS DES SERVICES PUBLICS,NOUMEA,28 rue Olry Vallée du Génie,
20260506383a,Magasinier / Magasiniére cariste,2,ACTIVE,N1110,2026-06-01 00:00:00+11:00,NOUMEA,CDD,0,3,0,true,4,true,false,false,2026-05-06 12:49:19+11:00,2026-05-06 12:49:19+11:00,Bac Pro Technicien Maintenance ou Licence Pro ou Ingénieur Maintenance,,,,,,6cdc135e-f505-4aa7-8c74-3463195cbdc4,1327352001,EASY SKILL,SOCIETE PAR ACTIONS SIMPLIFIEE (SAS),EASY SKILL,NOUMEA,24 rue de la République Centre Ville,
2026050613b2,Assistant / Assistante de gestion locative en immobilier,1,ACTIVE,C1502,2026-06-01 00:00:00+11:00,,CDI,0,0,0,false,,false,false,false,2026-05-06 12:09:11+11:00,2026-05-06 12:09:11+11:00,,"Agence immobilière basée à Nouméa recherche son collaborateur  technique.  Il aura pour principale mission la réalisation des états des lieux, le déclenchement et le suivi  des travaux des biens du parc immobilier.  Ce poste nécessite  réactivité, rigueur, autonomie et assurance. Le candidat devra impérativement avoir une expérience significative dans le domaine du bâtiment. Poste à pourvoir rapidement.  Merci d'adresser vos candidatures cv + photo à l'adresse suivante : gestion@ci-immo.nc",,,,,68a534e6-6be7-448f-bedd-fe8711b15b13,1425644001,CALEDONIENNE D'IMMOBILIER,SOCIETE A RESPONSABILITE LIMITEE (SARL),CALEDONIENNE D'IMMOBILIER,NOUMEA,28 rue Gabriel Laroque Val Plaisance,
202605050537,Assistant / Assistante gestionnaire en immobilier,1,ACTIVE,C1502,,,CDD,0,1,0,false,,true,false,false,2026-05-06 10:47:17+11:00,2026-05-06 10:47:17+11:00,,"Nous recherchons un(e) assistant(e) de gestion  pour rejoindre notre équipe.  
Le candidat idéal devra posséder des compétences en communication, être capable de gérer efficacement des tâches administratives diverses.
Missions principales : 
Gérer les appels téléphoniques, les courriels et les correspondances,
Préparation et signature des baux de location
Saisie des factures fournisseurs, relances impayés, assurances,
La connaissance du logiciel CRYPTO ou une formation dans le domaine immobilier serait un plus
Une expérience de minimum 2 ans sur un poste similaire est exigée.
Maitrise du pack office obligatoire.
Poste à pourvoir rapidement.
Envoyez votre CV avec photo accompagné d'une lettre de motivation à l'adresse : gestion@ci-immo.nc",,,,,68a534e6-6be7-448f-bedd-fe8711b15b13,1425644001,CALEDONIENNE D'IMMOBILIER,SOCIETE A RESPONSABILITE LIMITEE (SARL),CALEDONIENNE D'IMMOBILIER,NOUMEA,28 rue Gabriel Laroque Val Plaisance,
202605053a0c,Accompagnant éducatif / Accompagnante éducative petite enfance,1,ACTIVE,K1307,2026-05-13 00:00:00+11:00,THIO,CDD,0,6,0,false,4,true,false,false,2026-05-05 17:19:58+11:00,2026-05-05 17:19:58+11:00,,"## Mon offre d'emploi

Je suis un texte libre.",,,,,d5b10950-15db-4217-ba2c-7c857019f3a4,1405901001,COLLEGE LA COLLINE,ETABLISSEMENT PUBLIC DE LA NOUVELLE-CALEDONIE,COLLEGE LA COLLINE,THIO,Village Plateau sportif,
20260505ae92,Responsable des Ressources Humaines -RRH-,1,ACTIVE,M1503,2026-05-12 00:00:00+11:00,PAITA,CDD,0,9,0,false,4,false,false,false,2026-05-05 14:44:58+11:00,2026-05-05 14:44:58+11:00,RH ou école de commerce avec 1ère expérience réussie d’au moins 5 ans dans un poste RH,"## Mon offre d'emploi
La CCI recherche 
Un(e) Responsable RH – Opérationnel

Contrat à durée déterminée de 8 mois – Poste basé à Tontouta
Code ROME : M1503


Au sein de la CCI-NC qui accompagne les entreprises et contribue au développement économique de la Nouvelle-Calédonie, vous appliquez la politique et la stratégie RH du siège au plus près des salariés, vous conseillez les opérationnels, supervisez la gestion administrative du personnel et participez aux projets en cours.

Sous l'autorité du directeur d’exploitation de l’aéroport de Nouméa-La-Tontouta, et dans le cadre d’un remplacement temporaire, vous aurez notamment pour missions de :

•	Assurer la gestion administrative du personnel et les éléments préparatoires à la paye de l'aéroport : 
-	Elaborer et suivre les contrats de travail 
-	Vérifier l'application de la législation du travail et des procédures internes en vigueur
-	Centraliser, contrôler et préparer les éléments nécessaires à la production de la paye pour transmission au prestataire paye (siège) 
-	Assurer le tri, classement et archivage des documents administratifs selon les procédures en vigueur
-	Réaliser des comptes rendus 
•	Accompagner en proximité les managers :
-	Effectuer des contrôles du respect de la réglementation et accompagner les managers et les salariés : gestion de plannings, horaires, CP, etc.
-	Assurer le 1er niveau de réponse aux managers
•	Participer à la construction et au suivi du budget de la masse salariale en collaboration avec la DRH du siège et le RAF/CDG : 
-	Recueillir les besoins, construire les prévisionnels, suivre le réalisé et analyser les écarts
•	Gérer le recrutement, la formation et les évaluations du personnel de l’aéroport :
-	Assister les managers dans leurs recrutements :
o	Formalisation de leur besoin (fiche de poste, création de leur demande dans l’outil dédié)
o	Support aux entretiens et aux propositions d’embauche selon les règles en vigueur
-	Assister les managers dans la formation de leurs équipes : 
o	Recueillir les besoins, mettre en œuvre et suivre la qualité des formations
o	Contrôler que le personnel est à jour dans les formations réglementaires et les recyclages
-	Accompagner les managers dans la réalisation de leurs entretiens annuels d’évaluation : suivi et exploitation
-	Effectuer le reporting en matière de formation, recrutements et EAE : suivi et bilans annuels
•	Contribuer à des projets RH

PROFIL 
-	Bac +3/4 en RH ou école de commerce avec 1ère expérience réussie d’au moins 5 ans dans un poste RH 
-	Sens du détail, rigueur et appétence pour les calculs
-	Sens relationnel et du service client, adaptabilité, assertivité
-	Sens de l’organisation, synthèse, analyse
-	Capacités à porter des règles, sens de l’équité et du collectif
-	Force de proposition et pragmatisme
-	Maîtrise des outils bureautiques et numériques, la connaissance de systèmes de GTA serait un atout supplémentaire

Les personnes intéressées sont priées d’adresser leur candidature complète (LM + CV à jour) via le site internet avant
 le vendredi 8 mai 2026 (17 heures) – Offre CCI-NC n°26-27",,,,,7da89d06-d797-434e-855f-062659cb29d1,0115576001,CHAMBRE DE COMMERCE ET D'INDUSTRIE DE NOUVELLE-CALEDONIE,ORGANISME CONSULAIRE,CHAMBRE DE COMMERCE ET D'INDUSTRIE DE NOUVELLE-CALEDONIE,NOUMEA,15 rue de Verdun Centre Ville,
20260505be17,Contréleur / Contréleuse de gestion de groupe,1,ACTIVE,M1204,2026-05-05 13:51:39+11:00,NOUMEA,CDI,0,0,0,false,5,false,false,false,2026-05-05 13:50:25+11:00,2026-05-05 13:50:25+11:00,,"Âboro Consulting recrute pour son client, un CONTRÔLEUR DE GESTION (H/F) :

Rattaché(e) au Directeur Administratif et Financier, vous êtes garant(e) des missions suivantes : 

-	Concevoir et piloter les indicateurs de gestion,
-	Réaliser les reportings et tableaux de bord,
-	Participer à l’élaboration d’un budget et en assurer le suivi,
-	Suivre l'évolution des résultats financiers de la structure,
-	Participer à une clôture comptable,
-	Assurer la mise en place et le suivi des inventaires tournants,
-	Contrôler les stocks,
-	Mettre à jour et créer les fiches produits.

Afin de tenir ce poste, vous êtes titulaire d'une formation supérieure de niveau Bac +2/3 en gestion et finance et/ou en logistique et vous justifiez d'une expérience professionnelle minimum de 3 ans à un poste similaire. 

À l’aise avec l’outil Excel, vous possédez une bonne compréhension des flux de l’entreprise et des interactions entre les différents services, ce qui vous permet d’appréhender les enjeux de manière transversale. 

Doté(e) d’un fort esprit d’analyse et de synthèse, vous maîtrisez les processus d’import et de calcul des PR, ainsi que les outils informatiques et de gestion. 

Organisé(e) et rigoureux(se), vous savez planifier efficacement vos missions. Votre qualité d’écoute, vos compétences en communication et votre capacité à convaincre, alliées à votre réactivité et à votre sens de l’initiative, constituent de véritables atouts pour réussir dans vos fonctions.

Ce poste est à pourvoir en CDI à Nouméa.",,,,,10946cce-b328-4ab4-971a-bc93a73f02d1,0418582001,ÂBORO CONSULTING,SOCIETE PAR ACTIONS SIMPLIFIEE (SAS),ÂBORO CONSULTING,NOUMEA,24 avenue du Maréchal Foch Centre Ville,
202605048db4,Dessinateur métreur / Dessinatrice métreuse,1,ACTIVE,F1104,,NOUMEA,CDD,0,6,0,true,6,false,false,false,2026-05-05 09:53:44+11:00,2026-05-05 09:53:44+11:00,BTS CMI ou equivalent,,,,,,fb8070f7-9a45-4b43-8907-e20b16835e7f,1168566001,COMEP,SOCIETE A RESPONSABILITE LIMITEE (SARL),COMEP,NOUMEA,15 rue de l'Observatoire Motor-Pool,
202605043b9f,Accompagnateur / Accompagnatrice d'enfants ou d'adolescents,1,ACTIVE,G1203,2026-05-15 00:00:00+11:00,NOUMEA,CDD,0,8,0,false,4,true,false,false,2026-05-05 09:07:17+11:00,2026-05-05 09:07:17+11:00,,"## Mon offre d'emploi

Je suis un texte libre.",,,,,a302d407-a476-4fe0-bb99-fb18e3b3eaf2,1406586001,COLLEGE PORTES DE FER,ETABLISSEMENT PUBLIC DE LA NOUVELLE-CALEDONIE,COLLEGE PORTES DE FER,NOUMEA,224 rue Armand Ohlen Portes de Fer,
2026050475b6,Conducteur / Conductrice de moulins,1,ACTIVE,H2102,,PAITA,CDI,0,0,0,true,,true,false,false,2026-05-05 08:32:00+11:00,2026-05-05 08:32:00+11:00,,,,,,,a08c345b-09fb-4906-8523-302242606e41,0518688001,GOODMAN FIELDER NOUVELLE-CALEDONIE SAS,SOCIETE PAR ACTIONS SIMPLIFIEE (SAS),GOODMAN FIELDER NOUVELLE-CALEDONIE SAS,MONT-DORE,Section Boulari Lot n°91,
20260504eafe,Chargé / Chargée de clientéle en assurances,1,ACTIVE,C1102,2026-05-04 16:35:58+11:00,NOUMEA,CDI,0,7,0,false,5,false,false,false,2026-05-04 16:35:06+11:00,2026-05-04 16:35:06+11:00,,"Chargé(e) de compte 

Véritable commercial(e), sachant aller au devant d'une clientèle de particuliers existante, pour lui apporter un service de qualité, vous savez également prospecter pour faire progresser votre portefeuille client. 

Votre volonte d'apprendre, par les différents documents mis à votre disposition et les expériences qui vous seront apportées vous assurera la réussite recherchée.",,,,,d652b485-b07a-4df4-acfc-2a6733baa9fa,0412494001,SOCIETE DE GESTION DES PORTEFEUILLES D'ASSURANCES ET DE CAPITALISATION,SOCIETE A RESPONSABILITE LIMITEE (SARL),SOCIETE DE GESTION DES PORTEFEUILLES D'ASSURANCES ET DE CAPITALISATION,NOUMEA,36 rue de l'Alma Centre Ville Immeuble Le Botticelli,
202605047c89,Ingénieur / Ingénieure de production d'énergie,1,ACTIVE,H2502,2026-05-25 00:00:00+11:00,MONT-DORE,,0,0,0,false,7,false,false,false,2026-05-04 15:47:39+11:00,2026-05-04 15:47:39+11:00,Ingénieur génie énergétique,,,,,,a07c4108-4023-4541-bd60-d388102a6905,0765446001,ALIZES ENERGIE,SOCIETE PAR ACTIONS SIMPLIFIEE (SAS),ALIZES ENERGIE,MONT-DORE,308 rue scholastique pidjiot,
202605045dcf,Employé / Employée d'accueil,1,ACTIVE,M1601,2026-05-05 00:00:00+11:00,NOUMEA,CDI,0,0,0,false,4,true,false,false,2026-05-04 14:54:43+11:00,2026-05-04 14:54:43+11:00,,"## Mon offre d'emploi

Je suis un texte libre.",,,,,19df509d-b6e1-4a64-8207-cefc7b6ea876,1648716001,SARL RGS,SOCIETE A RESPONSABILITE LIMITEE (SARL),SARL RGS,DUMBEA,35 rue de la Seine,
20260504980c,Chauffeur / Chauffeuse de poids lourd,1,ACTIVE,N4101,2026-05-11 00:00:00+11:00,PAITA,CDD,0,8,0,true,4,false,false,false,2026-05-04 13:52:42+11:00,2026-05-04 13:52:42+11:00,Baccalauréat,,,,,,e565bf07-351b-4511-88e4-43c9347fe444,0841908001,RECYCAL SARL,SOCIETE A RESPONSABILITE LIMITEE (SARL),RECYCAL SARL,NOUMEA,6 rue Georgette Mourin Normandie Parc d'entreprises de la Yahoué,
202605039763,Esthéticien-manucure / Esthéticienne-manucure,1,ACTIVE,D1208,2026-05-05 00:00:00+11:00,NOUMEA,CDD,0,6,0,false,,true,false,false,2026-05-03 20:00:58+11:00,2026-05-03 20:00:58+11:00,CAP Esthétique,"## Mon offre d'emploi

Recrute une esthéticienne diplômée, sérieuse, souriante et motivée.
Poste basé sur Nouméa",,,,,3d3631f8-8a3f-4918-8981-bb052f1cb324,1432681001,EXTEN'CILS,SOCIETE A RESPONSABILITE LIMITEE (SARL),EXTEN'CILS,NOUMEA,Rue Georges Clémenceau et Austerlitz Centre Ville Local C14 Galerie Pacifique Arcade,
202605033b56,Conducteur / Conductrice de travaux,1,ACTIVE,F1201,2026-07-31 00:00:00+11:00,NOUMEA,CDD,0,3,0,false,4,true,true,true,2026-05-03 12:23:41+11:00,2026-05-03 12:23:41+11:00,BAC,"## Mon offre d'emploi

Expérience spécifique Menuiserie Bois 5 ans minimum 
Expérience TCE 5 ans",,,,,fcecf436-95bb-4198-8dff-a0c3c08879dd,1476795001,MEUBLES DU PACIFIQUE LTD,SOCIETE A RESPONSABILITE LIMITEE (SARL),MEUBLES DU PACIFIQUE LTD,PAITA,Lotissement Paddon ZIPAD Lots 17 et 18,
20260501d5d2,Inspecteur / Inspectrice de sites industriels,1,ACTIVE,H1302,2026-06-01 00:00:00+11:00,YATE,CDD,0,6,0,false,5,true,false,false,2026-05-01 15:36:07+11:00,2026-05-01 15:36:07+11:00,BTS ou DUT GENIE PHYSIQUE/MECANIQUE,"## Mon offre d'emploi

Poste basé à YATE chez notre client poru coordonner et contrôler des travaux de peinture anti corrosion",,,,,fb8070f7-9a45-4b43-8907-e20b16835e7f,1168566001,COMEP,SOCIETE A RESPONSABILITE LIMITEE (SARL),COMEP,NOUMEA,15 rue de l'Observatoire Motor-Pool,
20260430064b,Boulanger-viennoisier / Boulangére-viennoisiére,1,ACTIVE,D1102,2026-05-01 00:00:00+11:00,,CDD,0,6,0,false,,true,false,false,2026-04-30 16:57:01+11:00,2026-04-30 16:57:01+11:00,,,,,,,0cb2bd73-0854-4cb9-b56f-8a1223853663,1255041001,S.H SARL,SOCIETE EN NOM COLLECTIF (SNC),S.H SARL,NOUMEA,1 rue Jean-François Cherrier Aérodrome,
20260430daf9,Aide-boulanger / Aide-boulangére,1,ACTIVE,D1102,2026-06-01 00:00:00+11:00,NOUMEA,CDI,0,0,0,true,3,true,false,false,2026-04-30 15:55:07+11:00,2026-04-30 15:55:07+11:00,CAP,CDI / Temps complet / Lieu de travail Nouméa / Travail de nuit / 6 jours sur 7 / Salaire conventionnel / 4 jours Fériés par an,,,,,190136c3-4a24-46bc-b5a5-975fc63358c4,1093236001,BOULANGERIE MARAIS SARL,SOCIETE A RESPONSABILITE LIMITEE (SARL),BOULANGERIE MARAIS SARL,NOUMEA,21 rue Eugène Porcheron Quartier Latin,
202604303fa3,Chef / Cheffe de projet études industrielles,1,ACTIVE,H1206,2026-05-13 00:00:00+11:00,NOUMEA,CDIC,0,6,0,true,5,false,false,false,2026-04-30 15:47:18+11:00,2026-04-30 15:47:18+11:00,BTS / DUT / DEUG,"Nous recherchons activement un chef de projets Ingénierie spécialisé en Tuyauterie et Mécanique afin d’agrandir nos équipes et travailler sur des projets miniers d’envergure.
Dans ce contexte, vous êtes amené(e) à :

	Faire appliquer la politique Hygiène, sécurité, environnement, qualité et gestion des risques du Groupe ; mener à l’atteinte des indicateurs principaux de performance fixés par la direction. 
	Assurer le suivi d’études et la réalisation des projets (CAPEX et OPEX) dans le respect des objectifs de qualité, de coût et de délai fixés d’un commun accord, en veillant à la coordination des différentes disciplines impliquées. 
	S’assurer de la bonne réalisation des projets en respectant le processus de gestion projet en vigueur et ce, jusqu’à l’achèvement des travaux et leur clôture 
	Mobiliser et gérer les sous-traitants pour la bonne exécution des travaux, dans le respect des règles de consultation en vigueur; s’assurer de leurs performances. 
	S’assurer de la bonne coordination et communication entre les diverses parties prenantes des projets. 
	Supporter activement pendant les phases de mise en service des installations, suivant les procédures du Groupe 
	Assurer le transfert des informations des projets aux départements opérationnels et vérifier l'exactitude et la complétude de la documentation. 
	Maîtriser les procédures en vigueur liées à la Gestion de la Sécurité des Procédés et veiller à ce que l’ensemble du personnel des sous-traitants intervenant connaisse et applique ces procédures.",,,,,6cdc135e-f505-4aa7-8c74-3463195cbdc4,1327352001,EASY SKILL,SOCIETE PAR ACTIONS SIMPLIFIEE (SAS),EASY SKILL,NOUMEA,24 rue de la République Centre Ville,
202604307fbe,Vendeur / Vendeuse de véhicules neufs,1,ACTIVE,D1404,2026-06-01 00:00:00+11:00,NOUMEA,CDI,0,0,0,false,4,false,false,false,2026-04-30 12:59:17+11:00,2026-04-30 12:59:17+11:00,COMMERCE,"## Mon offre d'emploi

Nous recherchons un commercial véhicules neufs prémium. Tenue et présentation irréprochables.",,,,,b147d302-2cda-4fc9-9ce1-1f656732e5ce,0608323001,JOHNSTON & COMPAGNIE,SOCIETE PAR ACTIONS SIMPLIFIEE (SAS),JOHNSTON & COMPAGNIE,NOUMEA,218 rue Armand Ohlen Portes de Fer,
20260430b9ed,Directeur / Directrice de centre de profit,1,ACTIVE,M1302,2026-05-01 00:00:00+11:00,,CDI,0,0,0,false,,false,false,false,2026-04-30 11:09:52+11:00,2026-04-30 11:09:52+11:00,,,,,,,f5f91956-e0b1-45d8-ba38-946a705c55f4,0906560001,EMERGENCY MEDICAL CARE PACIFIC,SOCIETE A RESPONSABILITE LIMITEE (SARL),EMERGENCY MEDICAL CARE PACIFIC,NOUMEA,15 rue Édouard Glasser Motor-Pool,
202604299535,Employé polyvalent / Employée polyvalente de libre-service,1,ACTIVE,D1507,,NOUMEA,CDD,0,3,0,false,,false,false,false,2026-04-29 15:22:01+11:00,2026-04-29 15:22:01+11:00,,"## EMPLOYE(E) POLYVALENT(E) DE STATION SERVICE

Recherche un/une employé(e) polyvalent(e) de station service ayant de bonnes connaissances en caisse.",,,,,9c41f057-0389-498c-b50c-5e7066821891,1623081002,STATION MARAIS,SOCIETE A RESPONSABILITE LIMITEE (SARL),,NOUMEA,207 rue Jacques Iékawé PK 6,
20260429d991,Auxiliaire de Vie Sociale (AVS),1,ACTIVE,K1306,2026-07-29 00:00:00+11:00,NOUMEA,CDD,15,5,0,true,,false,false,false,2026-04-29 11:32:17+11:00,2026-04-29 11:32:17+11:00,Certificat d’aptitude aux fonctions d’Auxiliaire de Vie Sociale (AVS) ou Diplôme d’accompagnateur d’autonomie de la personne (AAP) ou diplôme d’aide médico-psychologique (AMP) ou tout diplôme équivalent ou tout certificat à finalités professionnelles,"## Mon offre d'emploi

•	•	Nom de l’entreprise : Union des Amis et Familles de Malades et Handicapés Mentaux de Nouvelle-Calédonie

•	Sigle : UAFAM-NC

•	Adresse : 10, rue des Niaoulis - Rivière Salée - 2ème secteur – BP 5097 – 98847 Nouméa Cedex

•	Tél : 43 45 95 Fax : 43 45 81 Email : maf.uafam@lagoon.nc

•	Contacts : Mr CONDOUMY – Président UAFAM NC / Mme DEFFARGES – Responsable éducatif

Population accueillie dans les Maisons Familiales : l’Association UAFAM NC accueille dans chaque maison familiale, cinq pensionnaires adultes qui ont un passé de prise en charge au CHS de Nouville pour la plupart. Aujourd’hui, leur pathologie psychiatrique est plus ou moins stabilisée. Ces personnes sont en voie d’autonomisation et de réinsertion psychosociale, elles bénéficient toutes par ailleurs d’un suivi psychiatrique et médical et ont besoin d’accompagnement et de stimulation dans les actes de la vie quotidienne. Les Maisons Familiales sont un lieu de vie : les résidents y sont « chez eux », à temps complet pour une durée non définie. 
•	Intitulé du poste de remplacement et nombre de poste à pourvoir : 
 Auxiliaire de vie sociale (Homme/Femme)
1 poste à temps partiel à compter du 29 juillet 2026 jusqu’au 13 janvier 2027
CDD avec période d’essai de quinze jours non renouvelable.  
•	Lieu de travail : Les maisons familiales sises 10 et 12 rue des Niaoulis – Rivière Salée – 2ème secteur - Nouméa et, à partir des maisons familiales, dans tous les lieux où son travail le nécessite.

•	Description des tâches ou missions liées au poste :
Description du poste :
En collaboration étroite avec l’équipe et les partenaires, accompagner les personnes atteintes de troubles psychiatriques dans une mission d’aide, de préservation et d’accroissement de l’autonomie ; stimulation dans les actes de la vie quotidienne et aide au développement des potentialités de chacun dans le respect de la singularité de chacun. 
Principales activités :
-	Solliciter et stimuler au quotidien les capacités de chaque résident par un accompagnement adapté dans les différents domaines de la vie courante : hygiène personnelle, tâches ménagères, entretien du linge, préparation et organisation de menus équilibrés, confection des repas, animation et prise de repas avec les résidents, entretien des abords immédiats et du jardinet autour des maisons familiales.
-	Faire adhérer et participer les résidents aux tâches quotidiennes en respectant les plannings établis.
-	Veiller à l’équilibre alimentaire des résidents, les accompagner pour les achats alimentaires mensuels et hebdomadaires.
-	Veiller à la sécurité des résidents en appliquant notamment le règlement de fonctionnement. 
-	Observer, transmettre tous faits (situations, agissements ou paroles, événements indésirables) significatifs concernant ou impliquant chaque résident, les reporter dans les différents cahiers de transmission ouverts à cet effet, les rapporter oralement à l’équipe. 
-	Participer ainsi de façon active à la mise en place du projet de vie individualisé de chaque résident.
-	Participation active aux diverses réunions institutionnelles (personnel, supervision, éducative,…).
-	Connaître le fonctionnement de l’infrastructure de «sécurité incendie » mise en place aux Maisons familiales.
-	Assurer l’entretien des appareils électroménagers, des locaux, de la lingerie des Maisons.
-	Pour chaque Maison Familiale : co gestion d’une caisse pour des menus achats, co gestion d’un stock alimentaire et préparation des approvisionnements, co gestion d’un stock de produits ménagers. 
-	Savoir prévenir et gérer des conflits entre résidents : être à l’écoute, apporter un soutien psychologique.
-	Déplacements y compris avec les véhicules (conduite) ou avec les moyens (titres de transport) fournis par l’Association pour accompagnements divers. 
-	Organiser et participer à des activités récréatives et à visée éducative en collaboration avec le responsable éducatif et/ou le moniteur éducateur.
-	Par délégation reçue des infirmières libérales, s’assurer de la prise de traitements pharmacologiques par les résidents préalablement préparés par les infirmières  libérales.
-	Participer à des formations professionnelles afin de compléter, approfondir ou entretenir ses connaissances.
Positionnement hiérarchique :
Sous l'autorité directe de la responsable éducatif des maisons familiales, elle-même placée sous l’autorité du président de l’association UAFAM NC qui est gestionnaire et responsable des maisons familiales.
Relations fonctionnelles :
Avec les autres auxiliaires de vie sociale, les surveillants de nuit, l'assistante administrative et de liaison, la monitrice-éducatrice et la responsable éducatif.
Partenariat étroit avec les infirmiers et psychiatres du CMP, les représentants légaux, les intervenants sportifs ou médicaux et paramédicaux…
Échanges avec les CCAS et différents partenaires afin de tisser un réseau profitable au développement des activités en direction des résidents.

•	Expérience : 1 an minimum",,,,,6572e132-a193-49af-bd61-3644b24e9950,0540898001,UNION DES AMIS ET FAMILLES DES MALADES HANDICAPES MENTAUX DE NOUVELLE-CALEDONIE,ASSOCIATION LOI 1901 OU ASSIMILE,UNION DES AMIS ET FAMILLES DES MALADES HANDICAPES MENTAUX DE NOUVELLE-CALEDONIE,NOUMEA,10 rue des Niaoulis Rivière Salée 2ème secteur,
2026042826d2,Employé / Employée de maison,1,ACTIVE,K1304,2026-05-04 00:00:00+11:00,NOUMEA,CDI,0,0,0,false,SANS_DIPLOME,false,false,false,2026-04-28 20:26:01+11:00,2026-04-28 20:26:01+11:00,,,,,,,05fc1057-cab7-4c39-aaf0-17a797da3ebc,,,,,,,
202604286f72,Aide-boucher / Aide-bouchére,1,ACTIVE,D1101,2026-05-01 00:00:00+11:00,MONT-DORE,CDD,0,6,0,false,,true,false,false,2026-04-28 16:30:59+11:00,2026-04-28 16:30:59+11:00,,"## Mon offre d'emploi

Je suis un texte libre.",,,,,102d669d-ccf9-470c-8f39-69c66621fd9d,1472927001,COMPTOIR DU MONT DORE,SOCIETE A RESPONSABILITE LIMITEE (SARL),COMPTOIR DU MONT DORE,MONT-DORE,3172 route de la Corniche du Mont-Dore Martin Sud,
20260428c1ed,Chef / Cheffe de service logistique,1,ACTIVE,N1303,2026-05-04 00:00:00+11:00,NOUMEA,CDD,0,3,0,false,,false,false,false,2026-04-28 14:12:10+11:00,2026-04-28 14:12:10+11:00,,"La SIP, leader dans le domaine du matériel professionnel, du rayonnage, du consommable, des équipements magasin et bureautique recherche : 

UN CHEF DE DOCK (H/F)

Vos missions :
•	Organiser le zonage de l’entrepôt et structurer les emplacements de stockage ;
•	Mettre en place et maintenir l’étiquetage et la signalétique des emplacements ;
•	Optimiser l’occupation de l’espace de stockage (palettes et colis) ;
•	Superviser les opérations de réception, contrôle et mise en stock ;
•	Superviser la préparation des commandes et les opérations de chargement ;
•	Planifier et organiser et optimiser les tournées de livraison clients ;
•	Encadrer et organiser le travail des livreurs ;
•	Conduire les engins de manutention selon les besoins opérationnels (CACES requis) ;
•	Veiller au respect des règles de sécurité et des procédures logistiques ;

Votre profil :
•	Expérience en logistique ou gestion d’entrepôt de 2 ans minimum ;
•	CACES chariot élévateur requis ;
•	Capacité d’organisation et de planification logistique ;
•	Aptitude à encadrer une petite équipe opérationnelle ;
•	Rigueur dans l’organisation des flux et des livraisons ;
•	Être en possession du permis B depuis plus de 2 ans


	Contrat : CDD de 3 mois à temps complet potentiellement renouvelable 
	Rémunération : en fonction du profil 


Envoyez CV + lettre de motivation à : recrutement@modulia.nc",,,,,5ba01402-0861-4f6e-b69b-8546b81500c9,1353440001,SOCIETE D'EXPLOITATION DE DISTRIBUTION BUREAUTIQUE,SOCIETE A RESPONSABILITE LIMITEE (SARL),SOCIETE D'EXPLOITATION DE DISTRIBUTION BUREAUTIQUE,NOUMEA,21 rue Fernand Forest Zone Industrielle de Ducos,
202604283863,Vendeur / Vendeuse en téléphonie,1,ACTIVE,D1212,2026-05-04 00:00:00+11:00,NOUMEA,CDI,0,0,0,false,4,false,false,false,2026-04-28 13:31:21+11:00,2026-04-28 13:31:21+11:00,,,,,,,b28b8154-f56d-41b2-bc43-30ab9c362b3c,1641182001,LA MAISON DU TELEPHONE MA,SOCIETE A RESPONSABILITE LIMITEE (SARL),LA MAISON DU TELEPHONE MA,NOUMEA,91 route de l'Anse-Vata Motor-Pool,
202604279f4a,Technicien / Technicienne logistique responsable stocks,1,ACTIVE,N1303,2026-04-28 11:11:49+11:00,NOUMEA,CDI,0,0,0,false,5,false,false,false,2026-04-28 10:21:57+11:00,2026-04-28 10:21:57+11:00,,,,,,,10946cce-b328-4ab4-971a-bc93a73f02d1,0418582001,ÂBORO CONSULTING,SOCIETE PAR ACTIONS SIMPLIFIEE (SAS),ÂBORO CONSULTING,NOUMEA,24 avenue du Maréchal Foch Centre Ville,
202604278d51,Conducteur / Conductrice de compacteurs,1,ACTIVE,F1302,2026-04-28 09:11:16+11:00,BOULOUPARIS,CDD,0,1,0,false,SANS_DIPLOME,false,false,false,2026-04-28 09:10:21+11:00,2026-04-28 09:10:21+11:00,,"## Mon offre d'emploi
Contrat renouvelable 
Email: emf@mls.nc",,,,,36db801f-c468-43b8-87d1-b193681d2eef,1457589001,"FOUCHER Mathieu, Téva",PERSONNE PHYSIQUE,"FOUCHER Mathieu, Téva",BOULOUPARIS,Route Territoriale 1 Tomo,
20260427e676,Chargé / Chargée de mission marketing,1,ACTIVE,M1705,2026-04-28 07:45:02+11:00,NOUMEA,CDD,0,0,0,false,5,false,false,false,2026-04-28 07:43:04+11:00,2026-04-28 07:43:04+11:00,,,,,,,10946cce-b328-4ab4-971a-bc93a73f02d1,0418582001,ÂBORO CONSULTING,SOCIETE PAR ACTIONS SIMPLIFIEE (SAS),ÂBORO CONSULTING,NOUMEA,24 avenue du Maréchal Foch Centre Ville,
2026042729d0,Employé polyvalent / Employée polyvalente de libre-service,1,ACTIVE,D1507,2026-04-27 00:00:00+11:00,NOUMEA,CDD,0,3,0,false,,true,false,false,2026-04-27 20:11:28+11:00,2026-04-27 20:11:28+11:00,,,,,,,17148838-326d-44b8-b1bc-9c5aff85fd2f,1524735001,KIM MARCHÉ,SOCIETE A RESPONSABILITE LIMITEE (SARL),KIM MARCHÉ,NOUMEA,1 rue Ulm PK 7,
20260427783f,Préparateur / Préparatrice de méthodes en industrie,1,ACTIVE,H1404,2026-07-27 00:00:00+11:00,NOUMEA,CDIC,0,0,1,false,5,true,false,false,2026-04-27 14:50:28+11:00,2026-04-27 14:50:28+11:00,BTS / DUT Tehncicien Maintenance,"Technicien méthodes en chaudronnerie et tuyauterie industrielle H/F

Rédiger les gammes d’assemblage en chaudronnerie
	Définir les gammes détaillées et les procédures opérationnelles de fabrication du produit.
	Réaliser les plans de fabrication pour l’assemblage.
	Schématiser un outillage d’assemblage.
	Participer aux revues de contrat.

Rédiger les modes opératoires de fabrication d’éléments de chaudronnerie et Tuyauterie
	Définir les gammes détaillées pour la réalisation des pièces élémentaires.
	Réaliser les plans de fabrication et de définition du produit fini.
	Définir les approvisionnements matière et les outillages à mettre en œuvre.
	Ecrire des procédures opérationnelles

Chiffrer les temps et les coûts previsionnels de fabrication chaudronnée
	Calculer les temps prévisionnels de fabrication dans une organisation de travail définie et stabilisée, en utilisant des barèmes de temps, des abaques méthodes, des mesures antérieures et adaptées aux quantités à produire.
	Chiffrer les coûts matière, les coûts de transformation des produits, les coûts outillages pour donner les éléments nécessaires à la constitution d’un prix de revient de la fabrication.
	Proposer et justifier les achats nécessaires au démarrage ou à la modernisation de la production.",,,,,6cdc135e-f505-4aa7-8c74-3463195cbdc4,1327352001,EASY SKILL,SOCIETE PAR ACTIONS SIMPLIFIEE (SAS),EASY SKILL,NOUMEA,24 rue de la République Centre Ville,
202604277ce6,Secrétaire médicosocial / Secrétaire médicosociale,1,ACTIVE,M1609,2026-05-04 00:00:00+11:00,NOUMEA,CDD,0,1,0,false,5,true,false,false,2026-04-27 13:58:33+11:00,2026-04-27 13:58:33+11:00,,,,,,,d7ba5725-2f65-4692-8812-888067ce5072,0924456001,SELARL DRS  BARANTON/BOUGUEREAU/LOUBEYRE/ROUAULT/ROZAN/VENEGONI,SOCIETE D'EXERCICE LIBERAL A RESPONSABILITE LIMITEE (SELARL),SELARL DRS  BARANTON/BOUGUEREAU/LOUBEYRE/ROUAULT/ROZAN/VENEGONI,NOUMEA,10 rue Jean Jaurès Centre Ville Immeuble Le Grand Théâtre,
20260426cf39,Chauffeur / Chauffeuse de poids lourd,1,ACTIVE,N4101,,BOULOUPARIS,CDD,0,3,0,false,SANS_DIPLOME,true,false,false,2026-04-27 10:27:32+11:00,2026-04-27 10:27:32+11:00,,"Contrat renouvelable 
Email : emf@mls.nc",,,,,36db801f-c468-43b8-87d1-b193681d2eef,1457589001,"FOUCHER Mathieu, Téva",PERSONNE PHYSIQUE,"FOUCHER Mathieu, Téva",BOULOUPARIS,Route Territoriale 1 Tomo,
20260426d676,Secrétaire polyvalent / Secrétaire polyvalente,1,ACTIVE,M1607,,BOULOUPARIS,CDD,0,3,0,false,4,false,false,false,2026-04-27 09:34:21+11:00,2026-04-27 09:34:21+11:00,,"Contrat renouvelable
Email : emf@mls.nc
Contraintes horaires interchangeables avec sa collègue : 
- 6h-12h/13h-15h
- 9h-12h/13h-18h",,,,,36db801f-c468-43b8-87d1-b193681d2eef,1457589001,"FOUCHER Mathieu, Téva",PERSONNE PHYSIQUE,"FOUCHER Mathieu, Téva",BOULOUPARIS,Route Territoriale 1 Tomo,
202604266391,Mécanicien / Mécanicienne VL,1,ACTIVE,I1604,2026-05-01 00:00:00+11:00,DUMBEA,CDI,0,0,0,false,3,true,false,false,2026-04-27 09:09:07+11:00,2026-04-27 09:09:07+11:00,,,,,,,39b325b0-f966-494c-ab76-37e0d7c94cee,1523299001,GARAGE PONTHEAUX,SOCIETE A RESPONSABILITE LIMITEE (SARL),GARAGE PONTHEAUX,DUMBEA,105 route des Monts Koghis,
20260426d48f,Infirmier / Infirmiére d'entreprise,1,ACTIVE,J1512,2026-05-28 00:00:00+11:00,,CDD,20,0,0,false,3,true,false,false,2026-04-27 08:24:33+11:00,2026-04-27 08:24:33+11:00,INFIRMIER DIPLOME D'ETAT,"Nous recherchons un infirmier/ère pour effectuer des vacations de remplacements sur l'usine du sud PRONY RESOURCES.
Expérience de l'urgence souhaitée.",,,,,f5f91956-e0b1-45d8-ba38-946a705c55f4,0906560001,EMERGENCY MEDICAL CARE PACIFIC,SOCIETE A RESPONSABILITE LIMITEE (SARL),EMERGENCY MEDICAL CARE PACIFIC,NOUMEA,15 rue Édouard Glasser Motor-Pool,
2026042664a4,Commis de cuisine tournant / Commise de cuisine tournante,1,ACTIVE,G1602,,DUMBEA,CDD,0,0,0,false,,false,false,false,2026-04-26 11:17:09+11:00,2026-04-26 11:17:09+11:00,,,,,,,4aa4b68e-cfe9-4517-8835-859be0d52e0d,1435171001,CAGOU DRIVE,SOCIETE A RESPONSABILITE LIMITEE (SARL),CAGOU DRIVE,DUMBEA,889 route Territoriale 1,
20260426a1a9,Responsable de ligne de caisses,1,ACTIVE,D1508,,DUMBEA,CDD,0,3,0,false,,false,false,false,2026-04-26 11:14:37+11:00,2026-04-26 11:14:37+11:00,,,,,,,4aa4b68e-cfe9-4517-8835-859be0d52e0d,1435171001,CAGOU DRIVE,SOCIETE A RESPONSABILITE LIMITEE (SARL),CAGOU DRIVE,DUMBEA,889 route Territoriale 1,
20260424551b,Chef / Cheffe des cuisines,1,ACTIVE,G1601,2026-05-01 00:00:00+11:00,NOUMEA,CDI,0,0,0,true,4,true,false,false,2026-04-24 21:38:37+11:00,2026-04-24 21:38:37+11:00,,,,,,,64b324a0-4677-4a56-a2fc-2a3f45f8d198,0536151002,MERSEA,SOCIETE A RESPONSABILITE LIMITEE (SARL),THE BEACH HOUSE,NOUMEA,5 promenade Roger Laroque Baie des Citrons,
20260424798a,Vendeur / Vendeuse en bijouterie,1,ACTIVE,D1214,2026-05-04 00:00:00+11:00,NOUMEA,CDI,0,0,0,false,,true,false,false,2026-04-24 16:10:28+11:00,2026-04-24 16:10:28+11:00,,"## Mon offre d'emploi

Je suis un texte libre.",,,,,6a651508-9112-4494-b8c9-36dafdd9d37c,1653971001,LYKA,SOCIETE A RESPONSABILITE LIMITEE (SARL),LYKA,NOUMEA,37 rue de Sébastopol Centre Ville,
2026042435d9,Agent / Agente d'entretien et de maintenance des bétiments,1,ACTIVE,I1203,,KONE,CDD,0,3,0,false,4,false,true,false,2026-04-24 14:01:50+11:00,2026-04-24 14:01:50+11:00,,"## Mon offre d'emploi

Je suis un texte libre.",,,,,108028c2-795d-4270-a87e-0551510116ec,0368241001,BLUE LAGOON FARMS,SOCIETE ANONYME (SA),BLUE LAGOON FARMS,KONE,Route de Foué,
2026042474d8,Chargé / Chargée de clientéle professionnelle de banque,1,ACTIVE,C1206,2026-09-01 00:00:00+11:00,KONE,CDD,0,4,0,true,5,false,true,false,2026-04-24 13:17:44+11:00,2026-04-24 13:17:44+11:00,"NDRC, MCO, Banque/assurance","Le titulaire du poste exploite et développe un portefeuille de professionnels et de prospects avec le souci permanent de qualité de service, de rentabilité et de maîtrise des risques. Il développe la banque relationnelle en apportant un haut niveau de satisfaction client par des prestations de qualité. 


**Commercial**

- Analyser son portefeuille avec l’appui de ses Responsables et au moyen des outils mis à sa disposition,
- Développer sa connaissance du portefeuille clients et prospects et mettre en œuvre tout type d’actions commerciales dans le cadre de la politique commerciale de son Agence,
- Développer et optimiser le PNB et suivre la rentabilité de ses clients et de son portefeuille PRO,
- Connaître la situation de ses clients et prospects pour mieux les conseiller,
- Conseiller les clients et prospects sur les produits et les services,
- Répondre aux besoins de ses clients et commercialiser les produits et services adaptés en mettant en œuvre les techniques de vente et de négociation, les outils à sa disposition et les méthodes commerciales,
- Orienter si nécessaire le client vers un spécialiste (conseiller gestion de patrimoine,  autres services commerciaux, etc) et assurer ainsi la synergie,
- Promouvoir les offres de produits et services et participer aux campagnes,
- Exploiter et enrichir systématiquement la base de données commune aux différents canaux de distribution,
- Vérifier la fiabilité des éléments transmis et en faire en analyse critique et un commentaire synthétique de qualité
- Autoriser les dossiers de crédit dans sa limite à divers et, au-delà, émettre un avis
- Participer ponctuellement à des manifestations organisées par la SGNC
- Assurer la gestion du portefeuille de son binôme en son absence.

**Risques**

- Apprécier et maîtriser le risque de crédit des clients du portefeuille. 
- Détecter de façon pertinente la liaison avec le Comité des risques et sa hiérarchie,
- Assurer la maîtrise du risque opérationnel (blanchiment), notamment lors des ouvertures de comptes.
- Respecter le niveau de ses limites unipersonnelles
- Respecter les règles de sécurité des opérations

**Profil**

- Sens du contact avec la clientèle et capacité de négociation commerciale, aisance relationnelle
- Maîtrise / Connaissance de tous les produits CLIPRI/CLIPRO
- Sens du risque et capacités rédactionnelles
- Goût du challenge et autonomie
- Méthode et organisation
- Connaissance des techniques bancaires aux particuliers",,,,,a576b14a-47be-4979-b3ce-a087dc91c075,0076232001,SOCIETE GENERALE CALEDONIENNE  DE BANQUE,SA A CONSEIL D'ADMINISTRATION (S.A.I.),SOCIETE GENERALE CALEDONIENNE  DE BANQUE,NOUMEA,44 rue de l'Alma Centre Ville,
202604239eda,Educateur familial / Educatrice familiale,1,ACTIVE,K1314,2026-05-04 00:00:00+11:00,NOUMEA,CDD,0,8,0,true,6,true,true,false,2026-04-24 10:51:33+11:00,2026-04-24 10:51:33+11:00,EDUCATEUR SPECIALISE,"L'ASSOCIATION POUR LA PROTECTION DE L'ENFANCE, DE LA JEUNESSE ET DES ADULTES EN DIFFICULTE EN NOUVELLE-CALEDONIE

Recrute

1 TRAVAILLEUR SOCIAL (H/F) ayant un diplôme d'état : Educateur spécialisé, sur le secteur Nouméa / Grand Nouméa - CDD 8 MOIS
Poste à pourvoir de suite

Le profil du poste est le suivant :

La mise en oeuvre des mesures d'action éducative en milieu ouvert judiciaires.

Le candidat devra être titulaire du permis de conduire.

Les candidatures doivent être adressées à :
APEJ - 11, rue des frères Vautrin
1ère Vallée du Tir - 98800 NOUMEA
ou accueil@apej.nc",,,,,6c10a695-4e5b-46c8-abd5-1e88f00ac0f1,0158055001,"ASSOCIATION POUR LA PROTECTION DE L'ENFANCE, DE LA JEUNESSE ET DES ADULTES EN DIFFICULTE EN N.C",ASSOCIATION LOI 1901 OU ASSIMILE,"ASSOCIATION POUR LA PROTECTION DE L'ENFANCE, DE LA JEUNESSE ET DES ADULTES EN DIFFICULTE EN N.C",NOUMEA,11 rue des Frères Vautrin Vallée du tir,
202604236350,Ouvrier polyvalent / Ouvriére polyvalente d'entretien des bétiments,1,ACTIVE,I1203,,YATE,CDD,15,0,0,false,3,true,false,false,2026-04-24 10:45:44+11:00,2026-04-24 10:45:44+11:00,,,,,,,307b718d-0746-4879-a5ca-7a1e64b2b06c,1037795001,MGN SERVICES,SOCIETE A RESPONSABILITE LIMITEE (SARL),MGN SERVICES,YATE,Goro Usine de VALE Base vie,
202604230253,Assistant administratif et commercial / Assistante administrative et commerciale,1,ACTIVE,D1401,2026-04-24 10:23:14+11:00,NOUMEA,CDI,0,0,0,true,5,true,true,true,2026-04-24 10:23:04+11:00,2026-04-24 10:23:04+11:00,,,,,,,8b3fcdd5-0056-46c9-8747-43568a9c6ed9,0316240001,AGENCE DE BUREAUTIQUE  ET D'INFORMATIQUE,SOCIETE A RESPONSABILITE LIMITEE (SARL),AGENCE DE BUREAUTIQUE  ET D'INFORMATIQUE,NOUMEA,4 route de l'Anse-Vata Quartier Latin,
20260423541b,Secrétaire commercial / Secrétaire commerciale,1,ACTIVE,D1401,2026-04-06 00:00:00+11:00,NOUMEA,CDI,0,0,0,false,5,true,true,true,2026-04-24 10:21:27+11:00,2026-04-24 10:21:27+11:00,,,,,,,8b3fcdd5-0056-46c9-8747-43568a9c6ed9,0316240001,AGENCE DE BUREAUTIQUE  ET D'INFORMATIQUE,SOCIETE A RESPONSABILITE LIMITEE (SARL),AGENCE DE BUREAUTIQUE  ET D'INFORMATIQUE,NOUMEA,4 route de l'Anse-Vata Quartier Latin,
202604237504,Commercial / Commerciale,1,ACTIVE,D1410,2026-05-04 00:00:00+11:00,NOUMEA,CDI,0,0,0,false,SANS_DIPLOME,true,true,true,2026-04-24 09:27:16+11:00,2026-04-24 09:27:16+11:00,,"STE LEADER RECRUTE POUR LE LANCEMENT DE NOUVEAUX PRODUITS 
SUR TOUT LE TERRITOIRE COMMERCIAUX H/F 
REMUNERATION ATTRACTIVE 
GRANDE LIBERTE D'ACTION 
FORMATION ASSUREE ! 
VEHICULE INDISPENSABLE",,,,,d9179c9b-fe43-446f-813b-d39f4b92e185,0391383001,DIFFUSION PEDAGOGIQUE CALEDONIENNE,SOCIETE A RESPONSABILITE LIMITEE (SARL),DIFFUSION PEDAGOGIQUE CALEDONIENNE,NOUMEA,90 Bis avenue du Général de Gaulle Orphelinat,
20260423ba0c,Dessinateur / Dessinatrice en chaudronnerie,1,ACTIVE,H1203,2026-04-27 00:00:00+11:00,,CDD,0,0,0,false,5,false,false,false,2026-04-24 08:03:26+11:00,2026-04-24 08:03:26+11:00,,,,,,,51d98a0b-262d-48c2-aa23-86de487b2710,0746636001,SOCIETE DES ATELIERS DE MECANIQUE ET DE CHAUDRONNERIE,SOCIETE A RESPONSABILITE LIMITEE (SARL),SOCIETE DES ATELIERS DE MECANIQUE ET DE CHAUDRONNERIE,NOUMEA,15-17 rue Auer Zone Industrielle de Ducos Lot 348 zone industrielle de ducos,
20260423baea,Mandataire de justice,1,ACTIVE,K1901,2026-06-01 00:00:00+11:00,NOUMEA,CDD,0,0,0,true,6,true,false,false,2026-04-24 07:54:45+11:00,2026-04-24 07:54:45+11:00,MJPM et Educateur Spécialisé,"## Mon offre d'emploi

Recherche MJPM diplomé, de formation initiale Educateur Spécialisé. 
Poste en CDD évolutif
candidature à transmettre par mail à: m.paron@chs.nc",,,,,3e3be205-c714-48d0-a567-f1190b50bddc,0870337001,ASSOCIATION DE COOPERATION SOCIALE ET MEDICO-SOCIALE DU CENTRE HOSPITALIER SPECIALISE ALBERT BOUSQUET,ASSOCIATION LOI 1901 OU ASSIMILE,ASSOCIATION DE COOPERATION SOCIALE ET MEDICO-SOCIALE DU CENTRE HOSPITALIER SPECIALISE ALBERT BOUSQUET,NOUMEA,42 rue Eschembrenner Ile Nou,
202604238f6c,Gestionnaire d'immeubles,1,ACTIVE,C1501,2026-06-01 00:00:00+11:00,NOUMEA,CDI,0,0,0,true,5,true,false,false,2026-04-24 06:59:12+11:00,2026-04-24 06:59:12+11:00,BTS ou équivalent,"GESTIONNAIRE DE COPROPRIETE

Nous recherchons un/une gestionnaire de copropriétés dont la mission consistera notamment :

* Gestion et visite des résidences
* Suivi de l'entretien technique des résidences
* Mise en place et suivi des travaux
* Déclaration et suivi des dossiers ""sinistres""
* Négociation des contrats avec les prestataires
* Relation avec les Conseils syndicaux et les copropriétaires
* Préparation des ordres du jours en vue des assemblées générales
* Préparation des convocations d'assemblées générales
* Animation des assemblées générales
* Rédaction des procès-verbaux à l'issue des assemblées générales

Les qualités recherchées sont les suivantes :

* Organisation et rigueur dans le travail
* Application des méthodes et process de l'entreprise
* Aptitude à la communication et à l'animation des réunions (Assemblées générales et Conseils syndicaux)
* Bonne qualité rédactionnelle (orthographe)
* Résistance à la pression et au stress
* Connaissance du métier de syndic
* Maîtrise du logiciel professionnel Crypto

Titulaire du Permis B indispensable",,,,,b6f1d03c-b114-4973-ad58-4f00b05a1356,1369362001,GAUTIER IMMOBILIER,SOCIETE A RESPONSABILITE LIMITEE (SARL),GAUTIER IMMOBILIER,NOUMEA,142 rue Auguste Bénébig Magenta IMMEUBLE RENAISSANCE,
202604230796,Agent / Agente immobilier,1,ACTIVE,C1504,,,CDI,0,0,0,false,5,true,false,false,2026-04-24 06:50:01+11:00,2026-04-24 06:50:01+11:00,BTS Professions immobilières,"## Mon offre d'emploi

Recherche agent technique location chargé de la gestion technique des appartement en portefeuille ainsi que des états des lieux.",,,,,b20871e5-0aa3-4d9a-9775-19d5a04a262a,1169234001,ISIS GESTION,SOCIETE A RESPONSABILITE LIMITEE (SARL),ISIS GESTION,NOUMEA,24 bis rue Dame Lechanteur Orphelinat,
20260423827c,Vendeur / Vendeuse en vins et spiritueux,1,ACTIVE,D1106,2026-04-28 00:00:00+11:00,NOUMEA,CDD,0,3,0,true,,false,false,false,2026-04-23 15:56:27+11:00,2026-04-23 15:56:27+11:00,BAC pro Hôtellerie - mention complémentaire sommellerie,"## Vendeur spécialisé en cave

## **A propos du poste**
Nous recherchons un ou une caviste passionné(e) et dynamique(que) pour rejoindre notre équipe. En tant que caviste ou caviste, vous serez responsable de conseiller nos clients sur notre sélection de vins, spiritueux et autres produits, tout en assurant la gestion quotidienne de la boutique. Vous aurez l’opportunité de partager votre expertise dans un environnement convivial et stimulant, où la qualité du service client est primordiale.

## **Responsabilités**

- Accueillir et conseiller les clients en leur proposant des produits adaptés à leurs goûts et besoins
- Gérer le stock de vins, spiritueux et autres produits, en assurant leur rangement et leur rotation optimale
- Effectuer le réapprovisionnement des rayons et veiller à la présentation attractive des produits
- Gérer les opérations de caisse, y compris le traitement des paiements et le rendu monnaie
- Maintenir la propreté et l’organisation de la boutique pour offrir un espace accueillant
- Participer à la mise en valeur des produits par des conseils en dégustation ou des animations commerciales
- Assurer une bonne communication avec l’équipe pour garantir un service fluide et efficace

## **Profil recherché**

- Maîtrise de l’anglais recommandée pour échanger avec une clientèle internationale
- Expérience en vente au détail ou dans le secteur vinicole ou spiritueux recommandée
- Excellentes compétences en service client
- Capacité à gérer le stock efficacement et à manipuler la caisse avec rigueur
- Organisation et sens du détail pour assurer une présentation soignée des produits
- Connaissance du secteur vinicole ou spiritueux obligatoire et passion requise
- Autonomie, dynamisme et sens du relationnel

Si vous souhaitez évoluer dans un environnement où votre expertise sera valorisée tout en offrant un service exceptionnel à nos clients, n’hésitez pas à postuler par mail à direction@terredevignes.nc",,,,,c140b2c2-0913-452a-9c08-f579ed99f4d8,1558642001,TERRE DE VIGNES,SOCIETE A RESPONSABILITE LIMITEE (SARL),TERRE DE VIGNES,NOUMEA,113 route de l'Anse-Vata Anse Vata,
2026042383a5,Cariste d'entrepét,1,ACTIVE,N1101,2026-04-23 00:00:00+11:00,,CDD,0,3,0,false,,false,false,false,2026-04-23 15:37:52+11:00,2026-04-23 15:37:52+11:00,,Merci d'envoyer vos canditatures à resp.exploitation@frigodom.nc.,,,,,55855c7f-b5e8-4b94-a30e-431b0548e9de,1295484001,FRIGODOM NC,SOCIETE A RESPONSABILITE LIMITEE (SARL),FRIGODOM NC,PAITA,Lots 24 et 513 allée du Palladium ZIPAD Lot Domaine Paddon,
20260423fa0c,Secrétaire généraliste,1,ACTIVE,M1607,2026-05-11 00:00:00+11:00,NOUMEA,CDI,0,0,0,false,5,false,false,false,2026-04-23 14:45:41+11:00,2026-04-23 14:45:41+11:00,,"## Mon offre d'emploi

Le poste à pourvoir est à mi-temps, du lundi au vendredi de 8h à 12h.
Une expérience minimale dans le domaine juridique est souhaitée.
Merci d'envoyer votre CV et une lettre de motivation à l'adresse suivante : vlucas@avocatlucas.nc",,,,,b43a8b2b-23d4-466b-99ca-47d27476d412,1383413001,SELARL D'AVOCAT VALERIE LUCAS,SOCIETE D'EXERCICE LIBERAL A RESPONSABILITE LIMITEE (SELARL),SELARL D'AVOCAT VALERIE LUCAS,NOUMEA,10 route du Vélodrome Orphelinat,
202604222023,Educateur familial / Educatrice familiale,1,ACTIVE,K1314,2026-04-27 00:00:00+11:00,OUVEA,CDD,0,0,1,true,6,false,false,false,2026-04-23 10:57:05+11:00,2026-04-23 10:57:05+11:00,EDUCATEUR SPECIALISE,"L'ASSOCIATION POUR LA PROTECTION DE L'ENFANCE, DE LA JEUNESSE ET DES ADULTES EN DIFFICULTE EN NOUVELLE-CALEDONIE

Recrute

1 TRAVAILLEUR SOCIAL (H/F) ayant un diplôme d'état : Educateur spécialisé, sur le secteur d'Ouvéa - CDD 1 AN
Poste à pourvoir de suite

Le profil du poste est le suivant :

La mise en oeuvre des mesures d'action éducative en milieu ouvert, administratives et judiciaires.

Le candidat devra être titulaire du permis de conduire.

Les candidatures doivent être adressées à :
APEJ - 11, rue des frères Vautrin 
1ère Vallée du Tir - 98800 NOUMEA
ou accueil@apej.nc",,,,,6c10a695-4e5b-46c8-abd5-1e88f00ac0f1,0158055001,"ASSOCIATION POUR LA PROTECTION DE L'ENFANCE, DE LA JEUNESSE ET DES ADULTES EN DIFFICULTE EN N.C",ASSOCIATION LOI 1901 OU ASSIMILE,"ASSOCIATION POUR LA PROTECTION DE L'ENFANCE, DE LA JEUNESSE ET DES ADULTES EN DIFFICULTE EN N.C",NOUMEA,11 rue des Frères Vautrin Vallée du tir,
20260422ff6b,Commercial / Commerciale,1,ACTIVE,D1410,2026-06-01 00:00:00+11:00,NOUMEA,CDD,0,6,0,true,7,true,false,false,2026-04-23 10:46:52+11:00,2026-04-23 10:46:52+11:00,,"## Chef de projet / Responsable commercial B2B

**Rejoignez une aventure locale qui bouge !**

Need Eat est une équipe jeune et ultra dynamique de 7 personnes qui se positionne comme un acteur innovant de la tech en Nouvelle-Calédonie. L’efficacité et l’autonomie sont au cœur de notre culture.

Si vous êtes dynamique, que vous avez l'envie d'apprendre et le goût du terrain, vous êtes probablement déjà un peu des nôtres.

Chez Need Eat, nous accompagnons les restaurants et commerces locaux dans leur
développement grâce à notre plateforme de livraison. Et pour accélérer notre croissance, nous recherchons un responsable commercial motivé, curieux et rigoureux.

**Votre mission**

Vous êtes au cœur de la relation avec nos partenaires. Votre rôle : les accompagner au
quotidien, les aider à performer et participer activement au développement de Need Eat en prospectant de nouveaux partenaires.

**Accompagner nos partenaires**

• Répondre aux demandes des restaurants (email & téléphone)
• Mettre à jour leurs menus, horaires et visuels
• Vérifier la qualité et la cohérence de leur boutique en ligne
• Identifier les problèmes et proposer des solutions

**Développer le réseau**

• Identifier de nouveaux restaurants et commerces à intégrer
• Organiser des rendez-vous pour leur présenter Need Eat
• Gérer l’intégration et le lancement des nouveaux partenaires

**Améliorer en continu**

• Repérer les problématiques récurrentes
• Proposer des idées pour améliorer les process
• Contribuer à améliorer l’expérience des restaurants et commerces

**Travailler en équipe**

• Collaborer étroitement avec la responsable commerciale
• Participer aux points hebdomadaires
• Mettre à jour les outils de suivi

**Le profil que nous rechercherons**

• Maîtrise l’expression orale comme écrite
• Organisé(e), rigoureux(se), autonome
• Bon relationnel et sens du service
• Appétence avec les outils digitaux
• Formation en commerce, gestion, communication ou équivalent
• Une première expérience en relation client ou commerce est un plus

Mais surtout : quelqu’un de motivé, proactif et qui aime le contact humain

**Pourquoi nous rejoindre ?**

• Un poste polyvalent et formateur
• Une montée en compétences rapide en commercial et relation client
• Un rôle avec un impact direct sur les partenaires locaux
• Une proximité avec la direction et une vraie autonomie
• Une entreprise à taille humaine, en lien avec l’écosystème local

**Procédure de recrutement**

• Candidature uniquement via ce [lien](https://needeat.notion.site/20014f48cc0981629651d8489622665e)
Les autres candidatures ne seront pas étudiées.",,,,,15006cf8-d80c-4208-b5c1-5fc19828d812,1457746001,NEED EAT,SOCIETE A RESPONSABILITE LIMITEE (SARL),NEED EAT,NOUMEA,11 RUE GEORGES BAUDOUX Artillerie RESIDENCE NORWICH,
20260422deb0,Agent / Agente de sécurité,1,ACTIVE,K2503,2026-04-20 00:00:00+11:00,,CDI,0,0,0,false,,true,false,false,2026-04-23 10:46:03+11:00,2026-04-23 10:46:03+11:00,ASPQ,"## Mon offre d'emploi

EMPLOI SUR NOUMEA OU GRAND NOUMEA",,,,,19df509d-b6e1-4a64-8207-cefc7b6ea876,1648716001,SARL RGS,SOCIETE A RESPONSABILITE LIMITEE (SARL),SARL RGS,DUMBEA,35 rue de la Seine,
202604220e70,Agent déclarant / Agente déclarante en douane,1,ACTIVE,N1203,2026-04-23 10:46:23+11:00,NOUMEA,CDI,0,0,0,false,5,true,false,false,2026-04-23 10:45:28+11:00,2026-04-23 10:45:28+11:00,BTS,,,,,,c0fd2b24-d808-4eda-a0f7-f0784ecc89de,0162727001,TRANSIT TRANSPORT INTERNATIONAL,SA A CONSEIL D'ADMINISTRATION (S.A.I.),TRANSIT TRANSPORT INTERNATIONAL,NOUMEA,8 rue du Commandant Alexandre Babo Centre Ville Zone des transitaires - Port autonome,
20260422e8b5,Conducteur / Conductrice de travaux,1,ACTIVE,F1201,2026-04-23 09:28:28+11:00,NOUMEA,CDI,0,0,0,false,5,false,false,false,2026-04-23 09:28:16+11:00,2026-04-23 09:28:16+11:00,,,,,,,10946cce-b328-4ab4-971a-bc93a73f02d1,0418582001,ÂBORO CONSULTING,SOCIETE PAR ACTIONS SIMPLIFIEE (SAS),ÂBORO CONSULTING,NOUMEA,24 avenue du Maréchal Foch Centre Ville,
202604228583,Responsable construction,1,ACTIVE,F1202,2026-04-23 09:04:09+11:00,NOUMEA,CDI,0,0,0,false,7,false,false,false,2026-04-23 08:58:14+11:00,2026-04-23 08:58:14+11:00,,,,,,,10946cce-b328-4ab4-971a-bc93a73f02d1,0418582001,ÂBORO CONSULTING,SOCIETE PAR ACTIONS SIMPLIFIEE (SAS),ÂBORO CONSULTING,NOUMEA,24 avenue du Maréchal Foch Centre Ville,
202604229c11,Conducteur / Conductrice de travaux du BTP,1,ACTIVE,F1201,2026-04-23 08:26:31+11:00,NOUMEA,CDI,0,0,0,false,4,false,false,false,2026-04-23 08:26:03+11:00,2026-04-23 08:26:03+11:00,,,,,,,10946cce-b328-4ab4-971a-bc93a73f02d1,0418582001,ÂBORO CONSULTING,SOCIETE PAR ACTIONS SIMPLIFIEE (SAS),ÂBORO CONSULTING,NOUMEA,24 avenue du Maréchal Foch Centre Ville,
202604228023,Contréleur / Contréleuse de gestion commerciale,1,ACTIVE,M1204,2026-04-23 07:55:30+11:00,NOUMEA,CDI,0,0,0,false,6,false,false,false,2026-04-23 07:50:26+11:00,2026-04-23 07:50:26+11:00,,,,,,,10946cce-b328-4ab4-971a-bc93a73f02d1,0418582001,ÂBORO CONSULTING,SOCIETE PAR ACTIONS SIMPLIFIEE (SAS),ÂBORO CONSULTING,NOUMEA,24 avenue du Maréchal Foch Centre Ville,
20260422b911,Comptable d'entreprise,1,ACTIVE,M1203,2026-05-04 00:00:00+11:00,NOUMEA,CDI,0,0,0,true,5,false,false,false,2026-04-23 06:12:03+11:00,2026-04-23 06:12:03+11:00,"Comptabilité, Gestion, Finances","Poste à pourvoir rapidement,
Les candidatures ne correspondant pas aux critères du poste ne seront pas étudiées.",,,,,3c67d658-32b4-4336-94d8-6bc686272d3e,0668806001,GROUPE INTERMED,GROUPEMENT D'INTERET ECONOMIQUE (GIE),GROUPE INTERMED,NOUMEA,17 bis rue Georges Claude Zone Industrielle de Ducos,
202604228b53,Responsable méthodes logistique,1,ACTIVE,N1301,2026-04-22 16:35:35+11:00,NOUMEA,CDI,0,0,0,false,5,false,false,false,2026-04-22 16:35:16+11:00,2026-04-22 16:35:16+11:00,,,,,,,10946cce-b328-4ab4-971a-bc93a73f02d1,0418582001,ÂBORO CONSULTING,SOCIETE PAR ACTIONS SIMPLIFIEE (SAS),ÂBORO CONSULTING,NOUMEA,24 avenue du Maréchal Foch Centre Ville,
20260422019c,Technico-commercial / Technico-commerciale grands comptes,1,ACTIVE,D1407,2026-04-22 16:15:40+11:00,NOUMEA,CDI,0,0,0,false,5,false,false,false,2026-04-22 16:13:44+11:00,2026-04-22 16:13:44+11:00,,,,,,,10946cce-b328-4ab4-971a-bc93a73f02d1,0418582001,ÂBORO CONSULTING,SOCIETE PAR ACTIONS SIMPLIFIEE (SAS),ÂBORO CONSULTING,NOUMEA,24 avenue du Maréchal Foch Centre Ville,
202604220020,Customer Relationship Manager (CRM),1,ACTIVE,M1704,2026-04-22 15:13:39+11:00,NOUMEA,CDI,0,0,0,false,5,false,false,false,2026-04-22 15:10:21+11:00,2026-04-22 15:10:21+11:00,,,,,,,10946cce-b328-4ab4-971a-bc93a73f02d1,0418582001,ÂBORO CONSULTING,SOCIETE PAR ACTIONS SIMPLIFIEE (SAS),ÂBORO CONSULTING,NOUMEA,24 avenue du Maréchal Foch Centre Ville,
202604228a52,Héte / Hétesse d'accueil,1,ACTIVE,M1601,2026-04-27 00:00:00+11:00,NOUMEA,CDI,0,0,0,false,4,true,false,false,2026-04-22 15:05:49+11:00,2026-04-22 15:05:49+11:00,,"Accueil clientèle 
Cibler les besoins et attentes de la clientèle 
Dynamique

Expérience dans le milieu indispensable",,,,,ae663151-6479-4e7a-8e8f-af75ff66c711,0699090001,ALMAGYM,SOCIETE A RESPONSABILITE LIMITEE (SARL),ALMAGYM,NOUMEA,33 bis rue de l'Alma Centre Ville Galerie Almatrium,
20260422d9db,Pharmacien / Pharmacienne en officine,1,ACTIVE,J1202,2026-05-26 00:00:00+11:00,,CDD,0,0,0,true,6,true,false,false,2026-04-22 14:53:05+11:00,2026-04-22 14:53:05+11:00,docteur en pharmacie,,,,,,6851b3f8-74ae-40a8-aba5-0db783f0fbe3,0458182001,PHARMACIE DU MALL,SOCIETE D'EXERCICE LIBERAL PAR ACTION SIMPLIFIEE (SELAS),PHARMACIE DU MALL,DUMBEA,Lot 1 KOUCKWETA  Galerie commerciale DUMBEA MALL,
20260422068c,Développeur / Développeuse full-stack,1,ACTIVE,M1855,2026-04-22 14:34:49+11:00,NOUMEA,CDI,0,0,0,false,7,false,false,false,2026-04-22 14:30:39+11:00,2026-04-22 14:30:39+11:00,,,,,,,10946cce-b328-4ab4-971a-bc93a73f02d1,0418582001,ÂBORO CONSULTING,SOCIETE PAR ACTIONS SIMPLIFIEE (SAS),ÂBORO CONSULTING,NOUMEA,24 avenue du Maréchal Foch Centre Ville,
202604220116,Directeur / Directrice de supermarché,1,ACTIVE,D1504,2026-04-22 14:07:45+11:00,NOUMEA,CDI,0,0,0,false,7,false,false,false,2026-04-22 14:04:33+11:00,2026-04-22 14:04:33+11:00,,,,,,,10946cce-b328-4ab4-971a-bc93a73f02d1,0418582001,ÂBORO CONSULTING,SOCIETE PAR ACTIONS SIMPLIFIEE (SAS),ÂBORO CONSULTING,NOUMEA,24 avenue du Maréchal Foch Centre Ville,
20260422e19a,Commercial / Commerciale,1,ACTIVE,D1410,2026-05-01 00:00:00+11:00,NOUMEA,CDD,0,3,0,true,5,true,false,false,2026-04-22 12:13:36+11:00,2026-04-22 12:13:36+11:00,,,,,,,5baed47c-0f9b-4c7a-aca2-2e197d9753ef,0937334001,SOCIETE DE DISTRIBUTION DU BATIMENT,SOCIETE A RESPONSABILITE LIMITEE (SARL),SOCIETE DE DISTRIBUTION DU BATIMENT,NOUMEA,51 rue Auer Zone Industrielle de Ducos,
202604212f0f,Comptable général / Comptable générale,1,ACTIVE,M1203,,NOUMEA,CDI,0,0,0,false,7,false,false,false,2026-04-22 10:53:23+11:00,2026-04-22 10:53:23+11:00,DCG ou DSCG,Les candidatures accompagnées d'un curriculum vitae seront adressées à recrutement@pga.nc.,,,,,b728deaa-c50f-4ec1-bd72-032a42bb33c4,1030493001,PGA,SOCIETE A RESPONSABILITE LIMITEE (SARL),PGA,NOUMEA,59 promenade Roger Laroque Anse Vata Immeuble Le Commodore,
20260421aaa1,Comptable général / Comptable générale,1,ACTIVE,M1203,,NOUMEA,CDI,0,0,0,true,6,false,false,false,2026-04-22 10:48:54+11:00,2026-04-22 10:48:54+11:00,DCG ou DSCG,Les candidatures accompagnées d'un curriculum vitae seront adressées à recrutement@pga.nc.,,,,,b728deaa-c50f-4ec1-bd72-032a42bb33c4,1030493001,PGA,SOCIETE A RESPONSABILITE LIMITEE (SARL),PGA,NOUMEA,59 promenade Roger Laroque Anse Vata Immeuble Le Commodore,
202604219320,Technicien / Technicienne de maintenance en informatique industrielle,1,ACTIVE,I1304,2026-04-22 10:38:15+11:00,PAITA,CDI,0,0,0,true,5,true,true,true,2026-04-22 10:37:47+11:00,2026-04-22 10:37:47+11:00,-	Bac +2 dans le domaine électrotechnique ou maintenance des systèmes,"### **la CCI recherche 
## Un(e) technicien(ne) supérieur(e) de maintenance**

**Au sein de la CCI-NC qui accompagne les entreprises et contribue au développement économique de la Nouvelle-Calédonie, vous faîtes partie intégrante d’une équipe de techniciens supérieurs de maintenance polyvalents. Vous assurez la maintenance des équipements aéroportuaires (convoyeurs à bagages, passerelles télescopiques, équipements de sureté, feux de balisage, courant fort : HT/BT, courant faible : SSI, parkings payants…). Vous êtes le garant du bon fonctionnement des installations et équipements du périmètre technique qui vous est affecté, en particulier des installations de courant fort, tant en basse tension qu’en haute tension.**

Sous l'autorité du responsable du service maintenance, vous aurez notamment pour missions de :
-	**Participer** **à la planification des activités de la plateforme aéroportuaire** : Préparer ses interventions / Participer au suivi de l'état des stocks, à l'identification des besoins en approvisionnement, à la consultation des prestataires et aux demandes d’achat selon les procédures en vigueur / Participer à l'ordonnancement de ses activités
-	**Assurer** **la maintenance des installations **: Réaliser les interventions de maintenances préventives et correctives des équipements ainsi que les travaux d'entretien général selon la planification établie et les urgences puis tracer ses interventions / Suivre et contrôler la réalisation de prestations sous-traitées
-	**Être le garant **du bon fonctionnement des équipements du périmètre technique affecté : Participer à la veille technologique des équipements et au partage des informations techniques avec les autres techniciens / Elaborer et mettre à jour les documents de maintenance / Contrôler la qualité des prestations sous traitées et établir des actions correctives / S'assurer de la bonne traçabilité des interventions internes et externes puis analyser les rapports d'intervention / Participer à l'élaboration, à la consultation et au suivi des contrats / Participer au processus d'amélioration continue et aux projets du service
-	**Assurer** **les astreintes techniques en horaires décalés** et représenter l’aéroport et le département technique auprès des clients lors des interventions sur le terrain

PROFIL
-	Bac +2 dans le domaine électrotechnique ou maintenance des systèmes avec 5 ans d’expérience dans divers domaines de maintenance
-	Maîtrise du pack Office, connaissances d’Autocad et d’une GMAO
-	Forte polyvalence, rigueur, adaptabilité, réactivité, autonomie et force de proposition
-	Permis B obligatoire

CONDITIONS PARTICULIERES D’EXERCICE
-	Tenue d'astreintes techniques, horaires décalés et déplacements sur les parcs et l’aérogare
-	Port de vêtements de travail spécifique et d'équipements de protection individuelle

**Si ce poste vous intéresse, merci d’adresser votre dossier de candidature (lettre de motivation, CV) via notre site internet cci.nc **",,,,,7da89d06-d797-434e-855f-062659cb29d1,0115576001,CHAMBRE DE COMMERCE ET D'INDUSTRIE DE NOUVELLE-CALEDONIE,ORGANISME CONSULAIRE,CHAMBRE DE COMMERCE ET D'INDUSTRIE DE NOUVELLE-CALEDONIE,NOUMEA,15 rue de Verdun Centre Ville,
202604210895,Assistant maternel agréé / Assistante maternelle agréée,1,ACTIVE,K1310,2026-04-23 00:00:00+11:00,NOUMEA,CDD,0,8,0,true,,true,false,false,2026-04-21 16:50:20+11:00,2026-04-21 16:50:20+11:00,CAP PETITE ENFANCE,"Assistante maternelle qualifiée

Recherche assistante maternelle qualifiée avec expériences pour un temps partiel jusqu'à la fin de l'année 2026. 
Auprès d'enfants de 2 à 6 ans, vous serez en charge d'assurer le confort des enfants, être disponible pour l'équipe pédagogique et les enfants. notion d'anglais fortement recommandée.",,,,,8eb0b48f-d79a-4f47-a5c3-b0d6337110dd,1548932001,KINDY SCHOOL,SOCIETE A RESPONSABILITE LIMITEE (SARL),KINDY SCHOOL,NOUMEA,16 rue Charles Péguy Orphelinat,
20260421005c,Vendeur / Vendeuse en accessoires automobile,1,ACTIVE,D1223,2026-06-03 00:00:00+11:00,NOUMEA,CDI,0,0,0,false,,true,false,false,2026-04-21 13:27:23+11:00,2026-04-21 13:27:23+11:00,COMMERCE,,,,,,0667a543-9f25-4d77-8f0b-53bc22cdcb7e,0080705002,AUTOCAL,SOCIETE PAR ACTIONS SIMPLIFIEE (SAS),AUTOCAL,NOUMEA,198 rue Jaques Iékawé PK 4,
202604217740,Technicien / Technicienne SAV,1,ACTIVE,I1402,2026-04-21 00:00:00+11:00,NOUMEA,CDD,0,1,0,false,4,true,false,false,2026-04-21 12:42:30+11:00,2026-04-21 12:42:30+11:00,,,,,,,c68398ce-1504-4ff9-827e-dc6996fcb7df,1043728003,PACIFIC CARE,SOCIETE A RESPONSABILITE LIMITEE (SARL),PACIFIC CARE,DUMBEA,43 boulevard Joseph Wamytan,
202604216ddc,Assistant administratif / Assistante administrative,1,ACTIVE,M1607,2026-04-21 00:00:00+11:00,NOUMEA,CDD,0,3,0,false,5,false,false,false,2026-04-21 12:32:48+11:00,2026-04-21 12:32:48+11:00,,,,,,,c68398ce-1504-4ff9-827e-dc6996fcb7df,1043728003,PACIFIC CARE,SOCIETE A RESPONSABILITE LIMITEE (SARL),PACIFIC CARE,DUMBEA,43 boulevard Joseph Wamytan,
20260420b092,Assistant / Assistante des ventes,1,ACTIVE,D1409,2026-04-21 00:00:00+11:00,NOUMEA,CDD,0,3,0,false,5,true,false,false,2026-04-21 10:09:58+11:00,2026-04-21 10:09:58+11:00,,"Les missions générales de la fonction regroupent les tâches suivantes :

Administration & facturation
•	Créer/élaborer, mettre à jour et archiver les dossiers patients.
•	Créer/élaborer devis, constituer et soumettre les demandes d’accords préalables. 
•	Suivi et relance médico prescripteurs, organismes payeur et patients.
•	Suivi et relance des dossiers redondants
•	Collaboration étroite avec le service facturation - Contrôler la conformité documentaire avant facturation pour réduire le taux de rejet – Facturation directe selon protocole
•	Répondre aux sollicitations du service recouvrement.

Vente magasin & extérieure
•	Accueillir, conseiller, réaliser des ventes additionnelles à destination des particuliers et des professionnels (production d'offres et de devis)
•	Maintenir l’espace de vente conforme aux guidelines. 
•	Organiser et animer actions terrain.

E-commerce & numérique
•	Administrer la boutique en ligne : intégration fiches produit, suivi prix et stocks. 
•	Gérer le service après-vente en ligne : chat, emails, avis. 
•	Produire du contenu numérique : posts / semaine (Meta…)…

Optimisation marge produits
•	Suivre les taux de marge produits cibles. 
•	Proposer des bundles ou promotions à marge préservée.
•	Remonter au Responsable Achats toute anomalie d’achat (prix, délai)

Logistique & planning livreur
•	Construire un planning tournées optimisé 
•	Communiquer les priorités patients au livreur et suivre les preuves de livraisons.

Reporting & tableaux de bord
•	Analyser les indicateurs kilométriques et taux de service
•	Mettre à jour les tableau KPI
•	Présenter un flash report

Polyvalence & organisation. 
•	Roulement selon acticité (administratif - commercial/digital).

Les missions secondaires regroupent les tâches suivantes :

•	Participer à la définition, l’élaboration, la rédaction et l’harmonisation des procédures (logigrammes processus procédure mode opératoire…) de suivis (dossiers patients, facturation et traitement des rejets/ retours)
•	Participer à l’évolution des systèmes informatiques et des flux de gestion. 
•	Participer à l’amélioration les échanges d’informations et de données entre les différents services ou sites de l’entreprise.
•	Mettre à jour les bases de données pour suivre l'activité 
•	Participer au suivi de tableaux de bord hebdomadaires et mensuels de suivi de l’activité.",,,,,c68398ce-1504-4ff9-827e-dc6996fcb7df,1043728003,PACIFIC CARE,SOCIETE A RESPONSABILITE LIMITEE (SARL),PACIFIC CARE,DUMBEA,43 boulevard Joseph Wamytan,
20260420405b,Secrétaire administratif / Secrétaire administrative,1,ACTIVE,M1607,2026-04-21 08:31:13+11:00,NOUMEA,CDI,0,0,0,false,5,false,false,false,2026-04-21 08:30:45+11:00,2026-04-21 08:30:45+11:00,,"Missions
La gestion RH administrative (contrats, suivi du personnel, variables de paie)
Le suivi et le contrôle des facturations entrantes et sortantes
La production et le suivi de tableaux de bord (RH, paie, activité)
L’analyse et la fiabilisation des données (indicateurs, suivi d’activité)
L’appui à l’amélioration des processus internes
Profil recherché
Maîtrise du droit du travail privé en Nouvelle-Calédonie
Expérience en gestion RH, paie et/ou comptabilité
Maîtrise du logiciel Optimal RH indispensable
Excellente maîtrise des tableurs (Excel ou équivalent) : formules, tableaux croisés dynamiques, suivi d’indicateurs
À l’aise avec les outils numériques ; la maîtrise des outils d’intelligence artificielle est un réel atout
Connaissance du secteur médico-social appréciée
Qualités : rigueur, autonomie, esprit d’analyse, sens de l’organisation",,,,,7c43a823-e6cb-4768-ada0-58e88dbcaddb,0870337007,ASSOCIATION DE COOPERATION SOCIALE ET MEDICO-SOCIALE DU CENTRE HOSPITALIER SPECIALISE ALBERT BOUSQUET,ASSOCIATION LOI 1901 OU ASSIMILE,MAISON D'ACCUEIL SPECIALISEE HANDICAPS A GRANDE DEPENDANCE,NOUMEA,42 rue Eschembrenner Ile Nou LE PARADOU  MAS HGD ACSMS,
2026042095c7,Technicien / Technicienne courant faible,1,ACTIVE,I1312,2026-05-04 00:00:00+11:00,NOUMEA,INTERIM,0,1,0,true,,false,false,false,2026-04-20 18:58:12+11:00,2026-04-20 18:58:12+11:00,Electricien /technicien courant faible,,,,,,693151e9-ab94-466a-9c9a-667708442db9,1311299001,PROSELECT,SOCIETE A RESPONSABILITE LIMITEE (SARL),PROSELECT,NOUMEA,224 rue Jacques Iékawé PK 6 Complexe Belle Vie,
202604204171,Urgentiste,1,ACTIVE,J1127,2026-03-02 00:00:00+11:00,KONE,CDD,0,0,0,true,7,false,true,false,2026-04-20 12:46:33+11:00,2026-04-20 12:46:33+11:00,DOCTORAT EN MEDECINE,,,,,,21ad222f-6857-48ec-beb5-fe9013dd813d,0583203003,CENTRE HOSPITALIER DU NORD,ETABLISSEMENT D'HOSPITALISATION,POLE SANITAIRE DU NORD,KONE,rue Jimmy Welepane,
20260420e38a,Employé / Employée de bureau,1,ACTIVE,M1602,2026-05-04 00:00:00+11:00,NOUMEA,CDD,0,3,0,false,,true,true,true,2026-04-20 11:10:43+11:00,2026-04-20 11:10:43+11:00,,"Poste à pourvoir au service administratif régional de la cour d'appel de Nouméa ; l'agent sera affecté au centre de services partagés d'Océanie (plateforme Chorus située au centre pénitentiaire).
Merci d'adresser un CV et lettre de motivation à : rgrh.sar.ca-noumea@justice.fr",,,,,58d4c3b6-7d55-430b-b220-06bb81085819,0131581001,COUR D'APPEL DE NOUMEA,ADMINISTRATION DE L'ETAT,COUR D'APPEL DE NOUMEA,NOUMEA,2 BOULEVARD EXTERIEUR FAUBOURG BLANCHOT,
202604190d80,Magasinier vendeur / Magasiniére vendeuse,1,ACTIVE,N1110,2026-04-20 06:49:54+11:00,NOUMEA,CDI,0,0,0,false,4,false,false,false,2026-04-20 06:49:27+11:00,2026-04-20 06:49:27+11:00,,"Dans le cadre de son développement, NC IMPORT recherche un Vendeur magasin afin de renforcer son équipe.
Nous recherchons un profil polyvalent, autonome et engagé, capable de gérer la relation client tout en apportant un premier niveau de conseil technique et commercial.
Vos missions :
•	Accueillir, conseiller et accompagner les clients
•	Identifier les besoins et proposer des solutions adaptées
•	Assurer la vente et le suivi des commandes
•	Approvisionnement (stock, organisation, mise en rayon)
•	Participer au développement commercial de l’entreprise
•	Contribuer à la communication via les réseaux sociaux
•	Participer aux operations de manutention (port carton, travail au dock)

Compétences requises :
 Connaissances de base (ou bonne capacité d’apprentissage) en :
•	Électricité basse tension
•	Systèmes solaires
•	Notion de mécanique
•	Outils digitaux et réseaux sociaux

Profil recherché :
•	Excellent relationnel et sens du service client
•	Dynamique, souriant et à l’écoute
•	Esprit commercial 
•	Autonome, rigoureux et organisé

 Ce que nous recherchons :
Nous privilégions avant tout une personne motivée, fiable et impliquée, avec une vraie envie d’apprendre et de s’investir dans la durée au sein de l’entreprise.

Candidature :
Merci d’envoyer votre CV et lettre de motivation (avec photo) à : compta@nc-import.com",,,,,dafa90a0-490d-4766-812e-e071aaed64b5,1659200001,NC IMPORT,SOCIETE A RESPONSABILITE LIMITEE (SARL),NC IMPORT,NOUMEA,22 rue Réaumur Zone Industrielle de Ducos,
2026041954fc,Responsable d'entrepét,1,ACTIVE,N1301,2026-05-26 00:00:00+11:00,NOUMEA,CDI,0,0,0,false,5,true,false,false,2026-04-19 15:58:24+11:00,2026-04-19 15:58:24+11:00,BACCALAUREAT,,,,,,b914fafe-65d7-4648-9c97-97b460afc718,0487215001,LADUO SARL,SOCIETE A RESPONSABILITE LIMITEE (SARL),LADUO SARL,NOUMEA,34 rue Joule Zone industrielle de Ducos,
202604171efb,Employé / Employée de bureau,4,ACTIVE,M1602,2026-05-01 00:00:00+11:00,NOUMEA,CDD,0,0,0,false,,true,true,true,2026-04-17 16:28:55+11:00,2026-04-17 16:28:55+11:00,,Postes au tribunal de première instance de Nouméa.,,,,,58d4c3b6-7d55-430b-b220-06bb81085819,0131581001,COUR D'APPEL DE NOUMEA,ADMINISTRATION DE L'ETAT,COUR D'APPEL DE NOUMEA,NOUMEA,2 BOULEVARD EXTERIEUR FAUBOURG BLANCHOT,
202604176b27,Employé / Employée de bureau,1,ACTIVE,M1602,2026-05-01 00:00:00+11:00,KONE,CDD,0,1,0,false,,true,true,true,2026-04-17 16:23:09+11:00,2026-04-17 16:23:09+11:00,,,,,,,58d4c3b6-7d55-430b-b220-06bb81085819,0131581001,COUR D'APPEL DE NOUMEA,ADMINISTRATION DE L'ETAT,COUR D'APPEL DE NOUMEA,NOUMEA,2 BOULEVARD EXTERIEUR FAUBOURG BLANCHOT,
2026041743ba,Chauffeur-magasinier / Chauffeuse-magasiniére,1,ACTIVE,N4120,2026-06-17 00:00:00+11:00,NOUMEA,CDD,0,3,0,false,SANS_DIPLOME,true,false,false,2026-04-17 13:53:13+11:00,2026-04-17 13:53:13+11:00,,"Dans le cadre du développement de notre activité, nous recherchons un chauffeur-livreur manutentionnaire polyvalent.

Vous serez en charge de la livraison de marchandises auprès de nos clients tout en assurant les opérations de chargement, déchargement et manutention, dans le respect des règles de sécurité et des délais.

CACES et Permis B obligatoires.

 Missions principales
Transport & livraison
Assurer les livraisons quotidiennes auprès des clients (particuliers et professionnels)
Veiller au respect des délais et des itinéraires
Vérifier la conformité des marchandises livrées
Faire signer les bons de livraison
Manutention
Charger et décharger les marchandises
Manipuler des charges (matériaux, colis, équipements)
Participer à l’organisation du dépôt
Gestion & entretien
Assurer l’entretien courant du véhicule (propreté, vérifications de base)
Signaler toute anomalie ou problème technique
Respecter les consignes de sécurité et les procédures internes",,,,,2a3d5515-be52-48f2-a8ca-766b768f1caf,1205764002,ECODECO,SOCIETE A RESPONSABILITE LIMITEE (SARL),ECODECO,NOUMEA,10 rue Claude Bernard Zone Industrielle de Ducos,
202604172855,Vendeur / Vendeuse en téléphonie,3,ACTIVE,D1212,2026-05-04 00:00:00+11:00,NOUMEA,CDD,0,3,0,false,4,false,false,false,2026-04-17 11:33:16+11:00,2026-04-17 11:33:16+11:00,Idéalement dans le commerce,,,,,,f2044f0f-5eef-47a9-b2eb-5fb63437b7bb,1593524003,MOBILE PROTECT NC,SOCIETE A RESPONSABILITE LIMITEE (SARL),EASY FIX / MOBILES PROTECT,DUMBEA,1 RUE DES PARACHUTISTES CALEDONIENS  DUMBEA MALL,
202604169b38,Pharmacien / Pharmacienne biologiste,1,ACTIVE,J1202,2026-06-08 00:00:00+11:00,,CDI,0,0,0,true,8,true,true,false,2026-04-17 09:45:57+11:00,2026-04-17 09:45:57+11:00,,,,,,,f5f91956-e0b1-45d8-ba38-946a705c55f4,0906560001,EMERGENCY MEDICAL CARE PACIFIC,SOCIETE A RESPONSABILITE LIMITEE (SARL),EMERGENCY MEDICAL CARE PACIFIC,NOUMEA,15 rue Édouard Glasser Motor-Pool,
202604168944,Vendeur / Vendeuse en téléphonie,1,ACTIVE,D1212,2026-05-04 00:00:00+11:00,NOUMEA,CDD,0,3,0,false,3,true,false,false,2026-04-17 09:44:48+11:00,2026-04-17 09:44:48+11:00,Idéalement dans le commerce ou force de vente,"Travail les Samedis et parfois les Dimanches

Envoyer vos cv à recrutement@lmdt.nc",,,,,d454ab23-df5c-4f2e-8d17-1b24a1a4cb7e,1574318001,GATIMEL TECHNOLOGY,SOCIETE A RESPONSABILITE LIMITEE (SARL),GATIMEL TECHNOLOGY,NOUMEA,12 bis rue du Général Mangin Centre Ville,
20260416f617,Technicien applicateur / Technicienne applicatrice hygiéniste,1,ACTIVE,K2319,,NOUMEA,CDD,0,0,0,false,,false,false,false,2026-04-17 08:51:27+11:00,2026-04-17 08:51:27+11:00,,,,,,,3b094cd2-5da1-488a-8ea3-86a94a391e20,0714493001,MUSSIDAN,SOCIETE A RESPONSABILITE LIMITEE (SARL),MUSSIDAN,NOUMEA,10 rue Papin Zone Industrielle de Ducos,
2026041602fe,Comptable d'entreprise,1,ACTIVE,M1203,2026-05-04 00:00:00+11:00,NOUMEA,CDD,0,3,0,true,5,false,false,false,2026-04-17 07:32:59+11:00,2026-04-17 07:32:59+11:00,BTS ou DUT comptabilité,"## Mon offre d'emploi

**Enjeux et missions du poste : **
Le Comptable a la charge de la tenue des comptes. Il rassemble, coordonne et 
vérifie les données comptables. Il réalise les opérations de clôture et établit la 
liasse fiscale. Il est aussi à même d'intervenir sur la comptabilité analytique.
Les activités et les tâches concernent: 
- Gestion de la Comptabilité Clients + comptabilité fournisseurs 
- Gestion de la comptabilité générale et activités annexes 
- Assurer un reporting et des clôtures trimestrielles",,,,,693151e9-ab94-466a-9c9a-667708442db9,1311299001,PROSELECT,SOCIETE A RESPONSABILITE LIMITEE (SARL),PROSELECT,NOUMEA,224 rue Jacques Iékawé PK 6 Complexe Belle Vie,
20260416f481,Syndic de copropriété,1,ACTIVE,C1501,,NOUMEA,CDI,0,0,0,false,4,true,false,false,2026-04-16 18:54:42+11:00,2026-04-16 18:54:42+11:00,,"L’agence Immobilière MAX IMMO recrute :
Un(e) Gestionnaire syndic

Missions principales :
•	Gérer les états des lieux des immeubles
•	Commander et coordonner les demandes d’interventions auprès des artisans et/ou partenaires
•	Contrôler la bonne réalisation de ces derniers
•	Communiquer avec les copropriétaires 
•	Rédiger les convocations aux assemblées générales

Compétences requises :
•	Connaissance dans le domaine du bâtiment (avoir un œil averti dans la construction)
•	Connaissance dans le domaine de l’immobilier

Qualités personnelles :
•	Organisé(e), rigoureux(se), autonome, motivé(e), dynamique, ayant un véritable esprit d’analyse, fiable et efficace

Prise de poste : rapide
Type de contrat : CDI
Lieu de travail : Nouméa et Grand Nouméa
Nécessité : permis de conduire + véhicule personnel
Rémunération : évolutive et selon profil 
+ indemnités de déplacements

Envoyer votre CV à : direction@maximmo.nc, ou nous l'envoyer via le site.",,,,,fd113f8e-0d5d-49a1-9afc-a435306e9a0e,0805929001,MAX IMMO,SOCIETE A RESPONSABILITE LIMITEE (SARL),MAX IMMO,NOUMEA,49  rue Jules Garnier Baie des Citrons,
2026041535e0,Cadre de santé,1,ACTIVE,J1502,2026-05-01 00:00:00+11:00,DUMBEA,CDI,0,0,0,false,7,true,false,false,2026-04-16 07:53:09+11:00,2026-04-16 07:53:09+11:00,Master en management de la santé ou équivalent ou justifiez d'une solide expérience en management d'équipe soignante,"**Un(e) Directeur(trice) des Soins**

Nous recherchons un(e) Directeur(trice) des Soins

Code Rome J1502

Rejoignez l'ATIR et donnez du sens à votre engagement managérial.
L'ATIR est une association reconnue (certifiée HAS) dédidée à la prise en charge de l'insuffisance rénale en Nouvelle-Calédonie et à Wallis et Futuna. Nous plaçons le patient au centre de notre projet et portons des valeurs fortes : Engagement, Entraide, Progrès et Satisfaction.

Votre mission 
Membre du Comité de Direction et rattaché(e) au Directeur Général, vous garantissez la coordination générale des soins.

-Stratégie : Participer à la conception et au pilotage du projet de soins en cohérence avec  le projet médical

-Management : Fédérer et animer l'équipe d'encadrement (3 cadres de santé) et les équipes pluridisciplinaires

-RH& Réglementation : Gérer le personnel soignant en lien avec la DRH et veiller au strict respect de la réglementation des actes de soins

-Qualité : Promouvoir la démarche qualité et sécurité des pratiques infirmières

Votre profil 
-Formation : Diplôme IDE + Diplôme Cadre de Santé ou Master II en Management de la Santé et expérience significative dans le même poste
-Expertise : Maîtrise du droit de la santé et du travail, gestion des protocoles de soins
-Soft Skills : Force de proposition, excellent communiquant, capacité à travailler étroitement avec le corps médical et aisance dans le management à distance, disponibilité

Lieu de mission
Nouméa et déplacement sur tout le territoire et Wallis et Futuna

Envoyer votre CV et prétentions salariales à recrutement@atir.asso.nc",,,,,f688aa8b-d76d-4266-8091-8120fe40fc5d,0325191001,ASSOCIATION POUR LA PREVENTION ET LE TRAITEMENT DE L'INSUFFISANCE RENALE EN NOUVELLE-CALEDONIE,ASSOCIATION LOI 1901 OU ASSIMILE,ASSOCIATION POUR LA PREVENTION ET LE TRAITEMENT DE L'INSUFFISANCE RENALE EN NOUVELLE-CALEDONIE,DUMBEA,43 boulevard Joseph Wamytan DSM,
20260415c7dc,Secrétaire généraliste,1,ACTIVE,M1607,2026-04-30 09:00:00+11:00,NOUMEA,CDI,0,0,0,false,4,true,false,false,2026-04-15 17:24:54+11:00,2026-04-15 17:24:54+11:00,,,,,,,89632c28-af97-4846-9147-9c78fc4e6a26,1416023001,AUDIO NC,SOCIETE EN NOM COLLECTIF (SNC),AUDIO NC,NOUMEA,10 rue Jules Garnier Baie des Citrons,
2026041572a7,Manéuvre gros éuvre,1,ACTIVE,F1704,,,CDD,0,1,0,false,,true,false,false,2026-04-15 12:54:24+11:00,2026-04-15 12:54:24+11:00,,"## Mon offre d'emploi

cherche manoeuvre /ouvrier polyvalent vrd",,,,,85f7c630-3ed5-439d-b023-e23a6a55da33,1353010001,EL2T,SOCIETE A RESPONSABILITE LIMITEE (SARL),EL2T,PAITA,Lotissement Domaine Paddon ZIPAD Lot 62,
20260415841e,Chargé / Chargée de clientéle en assurances,2,ACTIVE,C1102,2026-06-01 00:00:00+11:00,NOUMEA,CDI,0,0,0,true,5,true,false,false,2026-04-15 12:33:15+11:00,2026-04-15 12:33:15+11:00,,"**2 poste de Chargés de Clientèle en Assurances, CDI :**    
Le chargé de clientèle en assurances a pour missions principales de conseiller, accompagner et fidéliser les clients, en leur proposant des solutions adaptées, en gérant leur contrat, et en assurant un service de qualité pour répondre à leurs besoins en assurance.

**Expérience professionnelle en Assurances fortement souhaitée**",,,,,65de1a29-db20-4c8c-a30d-2d8509f2dab4,0528679001,AXA FRANCE IARD,SA A CONSEIL D'ADMINISTRATION (S.A.I.),AXA FRANCE IARD,NOUMEA,12 Bis rue du Général Mangin Centre Ville Centre Commercial,
202604154a26,Technico-commercial / Technico-commerciale en assurances,1,ACTIVE,C1102,2026-05-01 00:00:00+11:00,NOUMEA,CDI,0,0,0,true,5,true,false,false,2026-04-15 11:01:57+11:00,2026-04-15 11:01:57+11:00,,"**1 Assistant Technico Commercial en Assurances, CDI :**
Il est chargé de manager des chargés de clientèle, supervise l'équipe, fournit un soutien technique et commercial, veille à la qualité du service client, analyse les performances et reste informé des évolutions du marché pour optimiser la gestion et la vente des produits en assurances de dommages et de personnes.

**Expérience professionnelle en Assurances OBLIGATOIRE**",,,,,65de1a29-db20-4c8c-a30d-2d8509f2dab4,0528679001,AXA FRANCE IARD,SA A CONSEIL D'ADMINISTRATION (S.A.I.),AXA FRANCE IARD,NOUMEA,12 Bis rue du Général Mangin Centre Ville Centre Commercial,
202604142577,Chargé / Chargée d'études économiques,1,ACTIVE,M1403,2026-06-01 00:00:00+11:00,NOUMEA,CDI,0,0,0,false,7,false,false,false,2026-04-15 10:56:11+11:00,2026-04-15 10:56:11+11:00,-	Master 2 dans le domaine des sciences économiques et des statistiques ou BAC + 5 en économie,"## Mon offre d'emploi

Un.e chargé.e d’études, prospective et intelligence économique 

Au sein de la CCI-NC qui accompagne les entreprises et contribue au développement économique de la Nouvelle-Calédonie, vous contribuez à l’aide à la décision stratégique de la CCI-NC par la production, le pilotage et la valorisation d’analyses économiques et socioéconomiques. Vous concevez et réalisez des études circonstanciées, développez des outils d’observation et d’aide à la décision, et assurez l’instruction des saisines à caractère réglementaire et économique dans le cadre des avis de la CCI.

Sous l'autorité de la responsable du département avis, tourisme et commerce extérieur, vous aurez notamment pour missions :

	Analyse économique prospective et appui à la décision : Production d’analyses économiques et exploitation de données complexes pour éclairer les dynamiques sectorielles et territoriales. Réalisation d’une veille stratégique et identification des tendances et risques. Élaboration de scénarios prospectifs et évaluation de leurs impacts. Formulation de recommandations à caractère stratégique et opérationnel pour orienter la prise de décision. Valorisation et restitution des travaux auprès des parties prenantes.

	Appui à la commission Avis et production des positions de la CCI-NC : Instruction des saisines et analyse des projets réglementaires avec production de notes d’aide à la décision et consultation des parties prenantes. Organisation et animation de la commission Avis et des groupes de travail associés. Suivi opérationnel des dossiers (qualité, délais, reporting) et amélioration des méthodes. Appui transversal aux commissions sectorielles et thématiques et contribution à la production collective, avec représentation ponctuelle de la CCI-NC.

	Pilotage d’études, observatoires économiques et réponses aux appels d’offres : Conception et pilotage d’études économiques, de la définition du besoin à la restitution des résultats. Réponse aux appels d’offres (veille, rédaction, soutenance) et réalisation des prestations en garantissant notamment la conformité aux exigences contractuelles et méthodologiques.  Développement et gestion d’observatoires économiques, avec collecte, fiabilisation, analyse et contextualisation des données. Valorisation et diffusion des productions et des données auprès des partenaires.


	Mettre en œuvre les processus transversaux de la CCI-NC : appuyer la gestion des moyens (budgets, RH) sur les secteurs couverts, assurer le suivi d’activité (mise en œuvre des règles liées à la gestion de la relation client, aux achats et au reporting), contribuer aux démarches transversales en matière de santé, sécurité, environnement.


Profil

-	Master 2 dans le domaine des sciences économiques et des statistiques ou BAC + 5 en économie et gestion avec une expérience confirmée minimum de 5 ans à 10 ans dans la production d’études économiques, le conseil, l’analyse de politiques publiques ou la gestion d’observatoires, idéalement en environnement institutionnel, consulaire ou cabinet d’études
-	Aisance rédactionnelle, sens de l’analyse et de la synthèse 
-	Curiosité intellectuelle, intelligence relationnelle
-	Discernement et confidentialité
-	Autonomie, rigueur et esprit d’équipe

Conditions particulières d’exercice 
-	Permis B obligatoire, déplacements ponctuels sur la Grande Terre et dans les îles



Les personnes intéressées sont priées d’adresser leur candidature complète (LM + CV à jour) via le site internet cci.nc/recrutement avant le mercredi 6 mai 2026 (17 heures).",,,,,7da89d06-d797-434e-855f-062659cb29d1,0115576001,CHAMBRE DE COMMERCE ET D'INDUSTRIE DE NOUVELLE-CALEDONIE,ORGANISME CONSULAIRE,CHAMBRE DE COMMERCE ET D'INDUSTRIE DE NOUVELLE-CALEDONIE,NOUMEA,15 rue de Verdun Centre Ville,
20260414d8c9,Coordinateur / Coordinatrice équipes de nettoyage de locaux,1,ACTIVE,K2203,,NOUMEA,CDD,0,1,0,false,4,false,false,false,2026-04-15 10:39:52+11:00,2026-04-15 10:39:52+11:00,,,,,,,4cf760de-326e-4b38-9860-97c0353e085a,1154095001,HESTIA,SOCIETE A RESPONSABILITE LIMITEE (SARL),HESTIA,NOUMEA,4 rue du Révérend Père Roman Vallée des Colons,
202604148920,Vendeur / Vendeuse en parapharmacie,1,ACTIVE,D1214,2026-04-16 00:00:00+11:00,NOUMEA,CDD,0,6,0,false,4,false,false,false,2026-04-14 17:09:04+11:00,2026-04-14 17:09:04+11:00,,,,,,,5bec95c3-f644-466a-b22b-4fbc57be27f6,1553445001,PHARMACIE MAGENTA PLAGE,SOCIETE D'EXERCICE LIBERAL A RESPONSABILITE LIMITEE (SELARL),PHARMACIE MAGENTA PLAGE,NOUMEA,55 rue Roger Gervolino Aérodrome,
202604145a10,Agent / Agente d'accueil,1,ACTIVE,M1601,,NOUMEA,CDI,0,0,0,false,5,true,false,false,2026-04-14 16:49:23+11:00,2026-04-14 16:49:23+11:00,"BTS DUT ou équivalent en commerce, gestion ou relation clients","Poste: Agent d’accueil/Attaché Commercial (H/F)

Le poste est un point central de la relation client et du suivi opérationnel des commandes.

Missions principales:
Sous la responsabilité du Responsable Technique & Commercial, il/elle assure un accueil client professionnel et qualitatif, contribue activement au développement commercial de l’entreprise et garantit la fiabilité du traitement administratif des ventes ainsi que des encaissements.",,,,,f7441c2c-ba19-4e5d-af0c-5edea36aed2d,0033126001,BLUESCOPE ACIER NOUVELLE-CALEDONIE,SOCIETE ANONYME (SA),BLUESCOPE ACIER NOUVELLE-CALEDONIE,NOUMEA,238 route de la baie des dames Numbo Lot 30,
20260414ac7c,Technicien / Technicienne de maintenance d'équipements de production,1,ACTIVE,I1304,,NOUMEA,CDI,0,0,0,false,5,false,false,false,2026-04-14 16:31:26+11:00,2026-04-14 16:31:26+11:00,BTS ELECTROTECHNIQUE OU MAINTENANCE INDUSTRIELLE,"Technicien de maintenance industrielle - multi-sites
Missions principales:
Sous la supervision du Responsable maintenance,
Réaliser l’ensemble des opérations de maintenance préventive et curative, ainsi que l’entretien courant des équipements industriels et des installations, avec une dominante en électricité industrielle.
Les interventions s’effectuent sur les sites de Nouméa et Koné, avec une mobilité régulière. Le poste est basé à Nouméa
Déplacements possibles sur le site du Vanuatu",,,,,f7441c2c-ba19-4e5d-af0c-5edea36aed2d,0033126001,BLUESCOPE ACIER NOUVELLE-CALEDONIE,SOCIETE ANONYME (SA),BLUESCOPE ACIER NOUVELLE-CALEDONIE,NOUMEA,238 route de la baie des dames Numbo Lot 30,
202604144fb3,Electricien / Electricienne tertiaire,1,ACTIVE,F1602,2026-04-20 00:00:00+11:00,NOUMEA,CDD,0,0,0,false,4,true,false,false,2026-04-14 16:24:51+11:00,2026-04-14 16:24:51+11:00,Minimum CAP,,,,,,2fa62c0e-17cb-48aa-937d-bd8f30de7518,0791467001,SDEL,SOCIETE A RESPONSABILITE LIMITEE (SARL),SDEL,DUMBEA,16 rue Jolimont Kabar Katiramona,
20260414a437,"Gestionnaire sinistre Incendie, Accidents, Risques Divers -IARD-",1,ACTIVE,C1109,2026-06-01 00:00:00+11:00,NOUMEA,CDD,0,6,0,true,5,true,false,false,2026-04-14 15:18:18+11:00,2026-04-14 15:18:18+11:00,,"## Mon offre d'emploi

Un gestionnaire indemnisation est responsable de l'étude, de l'évaluation et du traitement des demandes d'indemnisation des assurés. Il analyse les dossiers, vérifie la conformité des justificatifs, calcule le montant des indemnités et assure le suivi administratif jusqu'au paiement. Son objectif est de garantir un traitement rapide, précis et conforme aux garanties contractuelles, tout en maintenant une relation de qualité avec les assurés.

**Compétences assurance et juridique requises avec expérience professionnelle en gestion sinistres. Détection et prévention des fraudes serait un atout supplémentaire.** CDD 6 mois sur Nouméa

A adresser à : **ressourceshumaines.noumeacentre@axa.nc**",,,,,65de1a29-db20-4c8c-a30d-2d8509f2dab4,0528679001,AXA FRANCE IARD,SA A CONSEIL D'ADMINISTRATION (S.A.I.),AXA FRANCE IARD,NOUMEA,12 Bis rue du Général Mangin Centre Ville Centre Commercial,
20260414ec42,Technicien / Technicienne paie,2,ACTIVE,M1507,2026-04-14 14:20:15+11:00,NOUMEA,CDD,0,12,0,true,6,false,false,false,2026-04-14 14:19:36+11:00,2026-04-14 14:19:36+11:00,GRH ou DUT GEA,,,,,,6acfc770-e2f8-4a3d-b2b9-89bb881d245c,0050054009,STE LE NICKEL - SLN SA,SA A CONSEIL D'ADMINISTRATION (S.A.I.),SLN,NOUMEA,2 rue Philogène Laland Desjardins Doniambo,
202604145071,Technicien / Technicienne paie,1,ACTIVE,M1507,2026-04-14 13:52:55+11:00,NOUMEA,CDI,0,0,0,true,6,false,false,false,2026-04-14 13:26:36+11:00,2026-04-14 13:26:36+11:00,GRH ou DUT GEA,,,,,,6acfc770-e2f8-4a3d-b2b9-89bb881d245c,0050054009,STE LE NICKEL - SLN SA,SA A CONSEIL D'ADMINISTRATION (S.A.I.),SLN,NOUMEA,2 rue Philogène Laland Desjardins Doniambo,
20260413b876,Chauffeur-livreur / Chauffeuse-livreuse,1,ACTIVE,N4105,,KONE,CDD,0,1,0,false,SANS_DIPLOME,false,true,false,2026-04-14 09:52:40+11:00,2026-04-14 09:52:40+11:00,,,,,,,bb25c026-d55a-44f0-a879-ee7a2e7d63c4,0922302001,TOUS TRAVAUX DE CONSTRUCTION ET DE RENOVATION NORD,SOCIETE A RESPONSABILITE LIMITEE (SARL),TOUS TRAVAUX DE CONSTRUCTION ET DE RENOVATION NORD,NOUMEA,22 rue Réaumur Zone Industrielle de Ducos,
20260413de77,Monteur-frigoriste / Monteuse-frigoriste,1,ACTIVE,I1306,,YATE,CDI,0,0,0,false,,true,false,false,2026-04-14 09:40:03+11:00,2026-04-14 09:40:03+11:00,,,,,,,307b718d-0746-4879-a5ca-7a1e64b2b06c,1037795001,MGN SERVICES,SOCIETE A RESPONSABILITE LIMITEE (SARL),MGN SERVICES,YATE,Goro Usine de VALE Base vie,
202604136b2b,Secrétaire polyvalent / Secrétaire polyvalente,1,ACTIVE,M1607,,BOULOUPARIS,CDD,0,3,0,true,4,false,false,false,2026-04-14 09:35:45+11:00,2026-04-14 09:35:45+11:00,,,,,,,36db801f-c468-43b8-87d1-b193681d2eef,1457589001,"FOUCHER Mathieu, Téva",PERSONNE PHYSIQUE,"FOUCHER Mathieu, Téva",BOULOUPARIS,Route Territoriale 1 Tomo,
2026041375b6,Pharmacien / Pharmacienne de recherche scientifique,1,ACTIVE,K2404,2026-05-07 00:00:00+11:00,DUMBEA,CDD,0,0,0,true,6,true,false,false,2026-04-14 09:34:51+11:00,2026-04-14 09:34:51+11:00,diplome de docteur en pharmacie,"## Mon offre d'emploi

Je suis un texte libre.",,,,,9c8cf7b6-ecbc-4198-b41b-b76638e57fd4,1365659001,PHARMACIE DU KADUCEE,SOCIETE D'EXERCICE LIBERAL A RESPONSABILITE LIMITEE (SELARL),PHARMACIE DU KADUCEE,DUMBEA,4 rue Félix Trombe  1 Centre médical Kaducée,
202604136ad1,Mécanicien / Mécanicienne poids lourds,1,ACTIVE,I1613,,BOULOUPARIS,,0,1,0,false,4,false,false,false,2026-04-14 09:29:51+11:00,2026-04-14 09:29:51+11:00,,"Contrat renouvelable.

Email : emf@mls.nc",,,,,36db801f-c468-43b8-87d1-b193681d2eef,1457589001,"FOUCHER Mathieu, Téva",PERSONNE PHYSIQUE,"FOUCHER Mathieu, Téva",BOULOUPARIS,Route Territoriale 1 Tomo,
202604131486,Superviseur / Superviseuse trafic aérien,2,ACTIVE,N2204,2026-05-04 00:00:00+11:00,PAITA,CDI,0,0,0,false,5,true,false,false,2026-04-14 09:29:25+11:00,2026-04-14 09:29:25+11:00,,"## Mon offre d'emploi
Le poste est a pourvoir sur Tontouta.
Pour postuler à ce poste, merci de déposer votre candidature exclusivement via le lien suivant : https://jobs.engie.com/job/AGENT-COORDINATION/64613-fr_FR/",,,,,13513cbf-ad15-435b-8abd-4064248c32f5,0428425001,PACIFIC AIRPORT,SA A CONSEIL D'ADMINISTRATION (S.A.I.),PACIFIC AIRPORT,PAITA,Tontouta Aéroport de Tontouta,
20260413e0e7,Ingénieur / Ingénieure hydrogéologue,1,ACTIVE,F1124,,NOUMEA,CDI,0,0,0,false,5,false,false,false,2026-04-14 07:56:40+11:00,2026-04-14 07:56:40+11:00,Ingénieur en environnement ou en géologie,,,,,,f3070745-12e6-4ca6-a225-80da4cf3ca22,0008771001,SOCIETE DES MINES DE LA TONTOUTA,SA A CONSEIL D'ADMINISTRATION (S.A.I.),SOCIETE DES MINES DE LA TONTOUTA,NOUMEA,20 rue Jean-Baptiste Dézarnaulds Centre Ville,
202604130c62,Consultant / Consultante IT,1,ACTIVE,M1806,,NOUMEA,CDD,0,0,1,false,5,false,false,false,2026-04-13 20:05:21+11:00,2026-04-13 20:05:21+11:00,,,,,,,b5a0364f-7a9d-474c-98c4-484938e7e362,1295914001,KORTEX,SOCIETE A RESPONSABILITE LIMITEE (SARL),KORTEX,NOUMEA,15 rue de Verdun Centre Ville Espace Performance,
202604139f77,Etanchéiste,1,ACTIVE,F1613,2026-04-20 00:00:00+11:00,PAITA,CDD,0,1,0,false,SANS_DIPLOME,true,false,false,2026-04-13 15:39:46+11:00,2026-04-13 15:39:46+11:00,,PAS PLUS DE 25ANS,,,,,c2fdc35b-6c60-4eac-a5e0-abf3dff1af5a,0681460001,PACIFIC ETANCHEITE,SOCIETE A RESPONSABILITE LIMITEE (SARL),PACIFIC ETANCHEITE,PAITA,Lot 48 ZICO,
202604135c36,Consultant / Consultante IT,1,ACTIVE,M1806,2026-04-13 00:00:00+11:00,NOUMEA,CDI,0,0,0,false,5,false,false,false,2026-04-13 12:56:49+11:00,2026-04-13 12:56:49+11:00,Ecole de commerce ou Ingénieur,"🚀 Consultant(e) AMOA / Chef(fe) de Projet


Kortex – Conseil en Management & Systèmes d’Information


🎯 Votre mission


Dans le cadre de notre développement, Kortex recrute un(e) consultant(e) AMOA / Chef(fe) de Projet pour accompagner des projets de transformation et d’évolution des systèmes d’information auprès de nos clients.


Vous interviendrez en appui au pilotage des projets, de la phase de cadrage jusqu’au déploiement, en collaboration avec des consultants plus expérimentés.


Au sein d’un cabinet à taille humaine, vous monterez progressivement en autonomie et prendrez part à des missions variées et responsabilisantes.


🔎 Vos responsabilités


Selon les contextes, vous interviendrez sur :


🔹 Cadrage & structuration


Participation à la définition des objectifs et du périmètre projet
Contribution à l’organisation et à la planification des travaux
Identification des premiers risques et points de vigilance


🔹 AMOA & pilotage opérationnel


Recueil et formalisation des besoins métiers
Participation à l’animation d’ateliers
Rédaction de livrables (cahiers des charges, spécifications fonctionnelles)
Interface entre les équipes métiers et techniques


🔹 Conduite de projet


Suivi du planning et des actions
Contribution au reporting projet
Participation aux phases de recette (préparation, exécution, suivi des anomalies)
Appui au déploiement des solutions


🔹 Accompagnement au changement


Contribution à la création de supports (guides, formations)
Accompagnement des utilisateurs dans la prise en main des outils


Vous serez accompagné(e) dans le développement de vos compétences pour gagner en autonomie et en impact sur les projets.


👤 Votre profil


Formation : Bac +3 minimum (idéalement école d’ingénieur, école de commerce)


Expérience : 1 à 3 ans en AMOA, gestion de projet ou environnement SI (stage et alternance valorisés)


💡 Compétences clés


Connaissance des bases du pilotage de projet
Appétence pour les systèmes d’information
Première expérience en environnement projet
Bonne capacité rédactionnelle
Maîtrise des outils O365
Anglais professionnel (apprécié)


🌟 Nous recherchons avant tout :


Une posture professionnelle et collaborative
De la rigueur et un bon sens de l’organisation
Une capacité à apprendre et à monter en compétence rapidement
Une communication claire et adaptée
De l’implication et de la curiosité",,,,,b5a0364f-7a9d-474c-98c4-484938e7e362,1295914001,KORTEX,SOCIETE A RESPONSABILITE LIMITEE (SARL),KORTEX,NOUMEA,15 rue de Verdun Centre Ville Espace Performance,
20260413122a,Chef / Cheffe des cuisines,1,ACTIVE,G1601,2026-04-14 00:00:00+11:00,NOUMEA,CDI,0,0,0,false,,false,false,false,2026-04-13 12:28:28+11:00,2026-04-13 12:28:28+11:00,,,,,,,d859816e-3a08-4ba5-8291-9a199911e522,0617613001,ON THE BEACH,SOCIETE A RESPONSABILITE LIMITEE (SARL),ON THE BEACH,NOUMEA,27 Promenade Pierre Vernier Côte blanche,
202604137002,Technicien / Technicienne de gestion administrative,1,ACTIVE,M1621,2026-05-04 00:00:00+11:00,NOUMEA,CDIC,0,6,0,true,5,true,true,false,2026-04-13 11:21:02+11:00,2026-04-13 11:21:02+11:00,BTS / DUT Gestion administrative,"Nous recherchons activement un(e) technicien(ne) administratif H/F afin d’agrandir nos équipes et travailler sur des projets industriels d’envergure.
Dans ce contexte, vous êtes amené(e) à :
•	Assister le service maintenance dans les tâches administratives
•	Rédiger les modes opératoires sur la base de modèles définis par les techniciens maintenance",,,,,6cdc135e-f505-4aa7-8c74-3463195cbdc4,1327352001,EASY SKILL,SOCIETE PAR ACTIONS SIMPLIFIEE (SAS),EASY SKILL,NOUMEA,24 rue de la République Centre Ville,
20260413900b,Rédacteur / Rédactrice sinistres,1,ACTIVE,C1109,,NOUMEA,CDI,0,0,0,false,5,false,false,false,2026-04-13 11:20:38+11:00,2026-04-13 11:20:38+11:00,BTS ou équivalence,"Gestionnaire indemnisation IARD confirmée

Accueil du client – Constitution des dossiers sinistres 
Détermination des responsabilités selon Convention 
Saisie des sinistres / Saisie et suivi des provisions  
Gestion des mandataires (experts) et des relations compagnies adverses
Suivi des dossiers jusqu’au règlement 

Candidatures à envoyer à frederic@poema.nc",,,,,e6f899c2-3667-48ad-827f-2de660d28fcb,0941161001,POE-MA INSURANCES,SOCIETE A RESPONSABILITE LIMITEE (SARL),POE-MA INSURANCES,NOUMEA,8 rue de Sébastopol Centre Ville Immeuble LE MILFORD,
20260412a49b,Chef d'équipe distributeur / Cheffe d'équipe distributrice d'imprimés,1,ACTIVE,M1615,2026-05-04 00:00:00+11:00,NOUMEA,CDI,0,0,3,false,5,false,false,false,2026-04-13 10:50:09+11:00,2026-04-13 10:50:09+11:00,,,,,,,f5f300f9-a06e-407f-81f3-647ed1f26a97,1039908001,SARL REZO,SOCIETE A RESPONSABILITE LIMITEE (SARL),SARL REZO,NOUMEA,27 bis avenue du Maréchal Foch Centre Ville Immeuble FEILLET,
202604129589,Responsable des ventes,1,ACTIVE,D1406,2026-06-01 00:00:00+11:00,NOUMEA,CDI,0,0,0,true,6,false,false,false,2026-04-13 10:23:39+11:00,2026-04-13 10:23:39+11:00,Marketing et commercial,,,,,,f5f300f9-a06e-407f-81f3-647ed1f26a97,1039908001,SARL REZO,SOCIETE A RESPONSABILITE LIMITEE (SARL),SARL REZO,NOUMEA,27 bis avenue du Maréchal Foch Centre Ville Immeuble FEILLET,
202604120faa,Ingénieur / Ingénieure de support technique maintenance industrielle,1,ACTIVE,I1102,2026-05-04 00:00:00+11:00,NOUMEA,CDIC,0,6,0,false,,true,true,false,2026-04-13 10:16:52+11:00,2026-04-13 10:16:52+11:00,BTS / DUT Tehncicien Maintenance ou Licence Pro ou Ingénieur Maintenance,"Nous recherchons un technicien ou Ingénieur Méthode de maintenance afin dee vérifier qualitativement les références stockées en rapport aux références installées sur le terrain, vérifier qualitativement la correspondance des adaptables, et autres références type organes, etc...Analyser l'état des stocks et les références existantes, etc...",,,,,6cdc135e-f505-4aa7-8c74-3463195cbdc4,1327352001,EASY SKILL,SOCIETE PAR ACTIONS SIMPLIFIEE (SAS),EASY SKILL,NOUMEA,24 rue de la République Centre Ville,
202604123ebf,Premier valet / Premiére femme de chambre,1,ACTIVE,G1503,2026-04-14 00:00:00+11:00,NOUMEA,CDD,0,1,0,false,SANS_DIPLOME,true,false,false,2026-04-13 09:53:58+11:00,2026-04-13 09:53:58+11:00,,"## Mon offre d'emploi

Je suis un texte libre.",,,,,4cf760de-326e-4b38-9860-97c0353e085a,1154095001,HESTIA,SOCIETE A RESPONSABILITE LIMITEE (SARL),HESTIA,NOUMEA,4 rue du Révérend Père Roman Vallée des Colons,
2026041277ba,Mécanicien / Mécanicienne de chantier,2,ACTIVE,I1616,,YATE,CDI,0,0,0,false,,true,false,false,2026-04-13 09:24:54+11:00,2026-04-13 09:24:54+11:00,"Mécanique d'engins, maintenance des matériels",,,,,,c2b43b96-5c2b-47aa-b199-a5ef717b0c90,0030551002,SOCIETE CALEDONIENNE DES TRACTEURS,SOCIETE PAR ACTIONS SIMPLIFIEE (SAS),CALTRAC,PAITA,ZICO II,
2026041112e7,Chauffeur-livreur / Chauffeuse-livreuse,1,ACTIVE,N4105,,PAITA,CDD,0,3,0,false,,false,false,false,2026-04-12 09:12:08+11:00,2026-04-12 09:12:08+11:00,,"Veuillez envoyer vos CV à direction@bbtransports.nc

La société se laisse la possibilité de ne pas répondre aux offres ne correspondant pas au profil reherché.",,,,,77197092-ddc1-4e5c-a152-e553abc18ff9,1051655001,B.B. TRANSPORTS,SOCIETE A RESPONSABILITE LIMITEE (SARL),B.B. TRANSPORTS,PAITA,LOT 50 RUE DU ZINC Domaine Paddon,
20260410fd78,Agent / Agente de propreté et d'hygiéne,1,ACTIVE,K2205,2026-04-13 00:00:00+11:00,NOUMEA,CDD,0,1,0,false,SANS_DIPLOME,true,false,false,2026-04-10 11:06:20+11:00,2026-04-10 11:06:20+11:00,,,,,,,4cf760de-326e-4b38-9860-97c0353e085a,1154095001,HESTIA,SOCIETE A RESPONSABILITE LIMITEE (SARL),HESTIA,NOUMEA,4 rue du Révérend Père Roman Vallée des Colons,
20260409ccf8,Chef / Cheffe de projet erp,1,ACTIVE,M1813,2026-04-10 10:20:07+11:00,,CDI,0,0,0,false,,false,false,false,2026-04-10 10:20:03+11:00,2026-04-10 10:20:03+11:00,,,,,,,10946cce-b328-4ab4-971a-bc93a73f02d1,0418582001,ÂBORO CONSULTING,SOCIETE PAR ACTIONS SIMPLIFIEE (SAS),ÂBORO CONSULTING,NOUMEA,24 avenue du Maréchal Foch Centre Ville,
20260409c2c7,Ingénieur / Ingénieure environnement,1,ACTIVE,A1312,,YATE,CDD,0,6,0,false,7,true,false,false,2026-04-10 09:20:01+11:00,2026-04-10 09:20:01+11:00,,,,,,,fb8070f7-9a45-4b43-8907-e20b16835e7f,1168566001,COMEP,SOCIETE A RESPONSABILITE LIMITEE (SARL),COMEP,NOUMEA,15 rue de l'Observatoire Motor-Pool,
20260409debe,Responsable financier / Responsable financiére,1,ACTIVE,M1205,2026-07-01 00:00:00+11:00,NOUMEA,CDI,0,0,0,true,7,false,false,false,2026-04-09 17:27:52+11:00,2026-04-09 17:27:52+11:00,"finance, gestion ou école de commerce (ou équivalent).",,,,,,7da89d06-d797-434e-855f-062659cb29d1,0115576001,CHAMBRE DE COMMERCE ET D'INDUSTRIE DE NOUVELLE-CALEDONIE,ORGANISME CONSULAIRE,CHAMBRE DE COMMERCE ET D'INDUSTRIE DE NOUVELLE-CALEDONIE,NOUMEA,15 rue de Verdun Centre Ville,
20260409e857,Responsable paie,1,ACTIVE,M1507,,NOUMEA,CDI,0,0,0,false,6,false,false,false,2026-04-09 17:14:52+11:00,2026-04-09 17:14:52+11:00,rh,,,,,,e40186f6-dee4-4b85-99dd-d8a82b6c2ef7,1382837001,PGA SOCIAL,SOCIETE A RESPONSABILITE LIMITEE (SARL),PGA SOCIAL,NOUMEA,59 promenade Roger Laroque Anse Vata Immeuble Le Commodore,
202604098941,Secrétaire polyvalent / Secrétaire polyvalente,1,ACTIVE,M1607,2026-04-20 00:00:00+11:00,NOUMEA,CDD,0,8,0,false,4,true,false,false,2026-04-09 16:27:30+11:00,2026-04-09 16:27:30+11:00,Baccalauréat,"## Mon offre d'emploi

La formation du candidat retenu se tiendra au préalable sur notre agence de la ZICO Païta (avant installation sur notre agence de la ZI de Normandie à Nouméa).",,,,,e565bf07-351b-4511-88e4-43c9347fe444,0841908001,RECYCAL SARL,SOCIETE A RESPONSABILITE LIMITEE (SARL),RECYCAL SARL,NOUMEA,6 rue Georgette Mourin Normandie Parc d'entreprises de la Yahoué,
202604096f54,Infirmier / Infirmiére d'entreprise,1,ACTIVE,J1512,2026-05-04 00:00:00+11:00,,CDD,0,6,0,true,,true,false,false,2026-04-09 14:12:40+11:00,2026-04-09 14:12:40+11:00,IDE,"## Mon offre d'emploi
Recherche IDE pour laser médical",,,,,4eca75eb-9f4c-4552-a4cb-d8ca07abebfb,1240738001,PAITA CARDIO VASCULAIRE,SOCIETE D'EXERCICE LIBERAL A RESPONSABILITE LIMITEE (SELARL),PAITA CARDIO VASCULAIRE,PAITA,28 rue des Frangipaniers,
202604092750,Directeur administratif et financier / Directrice administrative et financiére -DAF-,1,ACTIVE,M1205,2026-04-09 13:27:16+11:00,NOUMEA,CDI,0,0,0,true,7,false,false,false,2026-04-09 13:26:41+11:00,2026-04-09 13:26:41+11:00,,"Lien de l'annonce visible sur notre site internet ÂBORO Consulting :
https://www.aboro.nc/offres-demploi/detail/directeur-administratif-et-financier-hf-30",,,,,10946cce-b328-4ab4-971a-bc93a73f02d1,0418582001,ÂBORO CONSULTING,SOCIETE PAR ACTIONS SIMPLIFIEE (SAS),ÂBORO CONSULTING,NOUMEA,24 avenue du Maréchal Foch Centre Ville,
20260409ccfe,Serveur / Serveuse de café,1,ACTIVE,G1809,2026-04-27 00:00:00+11:00,NOUMEA,CDD,0,1,0,false,3,true,false,false,2026-04-09 11:46:13+11:00,2026-04-09 11:46:13+11:00,,,,,,,9b795133-615b-466f-8e79-8b5a556b8a73,1458751002,MR COFFEE NC,SOCIETE A RESPONSABILITE LIMITEE (SARL),MR COFFEE NC,NOUMEA,8 rue Jules Ferry Centre Ville LOT B004,
202604085c0d,"Directeur / Directrice d'établissement sanitaire, social et médico-social (D3S)",1,ACTIVE,K1407,2026-04-09 10:31:08+11:00,NOUMEA,CDI,0,0,0,false,7,false,false,false,2026-04-09 10:23:15+11:00,2026-04-09 10:23:15+11:00,"Management, Prévention des risques","Sous l’autorité du Directeur général de la CAFAT et par délégation, le/la Directeur(trice) pilote, organise et développe le Service de Prévention et de Santé au Travail Interentreprises. Il/elle garantit la qualité des prestations délivrées aux employeurs et à leurs salariés, dans une logique renforcée de prévention primaire, de prévention de la désinsertion professionnelle et de suivi de l’état de santé des travailleurs tout au long de leur parcours professionnel.

1 Pilotage stratégique et gouvernance
•	Mettre en œuvre les recommandations d’un audit organisationnel et présenter un projet de service pluriannuel, en lien avec les orientations du Conseil d’Administration
•	Assurer le pilotage global de l’activité dans un contexte réglementaire exigeant.
•	Contribuer activement à la politique de prévention des risques professionnels sur le territoire.
•	Développer des partenariats institutionnels (CAFAT, Inspection du travail etc.).

2 Management et organisation
•	Veiller à l’homogénéité des pratiques au sein du service. 
•	Déployer une culture de la prévention et de la qualité de service.
•	Accompagner le changement dans un environnement en évolution (réformes, mutation de système d’information…).

3 Développement et qualité des prestations
•	Garantir la qualité, la pertinence et l’efficacité des actions de prévention.
•	Veiller à l’adéquation entre les besoins des employeurs et leurs salariés 
•	Piloter les éventuelles démarches qualité, certification et amélioration continue.
•	Suivre les indicateurs de performance et proposer des axes d’amélioration.

4 Gestion administrative, financière et réglementaire
•	Superviser l’élaboration et suivre le budget.
•	Garantir la conformité aux obligations légales et réglementaires en matière de santé au travail.
•	Superviser la gestion des ressources humaines.
•	Assurer un reporting régulier auprès des instances du conseil d’administration du SMIT",,,,,958f56b2-f2ae-4677-8be5-a84d9055a2dd,0393900001,SERVICE MEDICAL INTERENTREPRISES DU TRAVAIL,SOCIETE MUTUALISTE,SERVICE MEDICAL INTERENTREPRISES DU TRAVAIL,NOUMEA,5 RUE HENRI DUNANT RECEIVING,
20260408f05c,Développeur / Développeuse full-stack,1,ACTIVE,M1855,2026-04-09 09:12:56+11:00,NOUMEA,CDI,0,0,0,false,6,true,true,true,2026-04-09 09:12:35+11:00,2026-04-09 09:12:35+11:00,,"## Ingénieur développement Full Stack

AgileSoft.NC recrute un Ingénieur développement Java EE.
De formation supérieure en Informatique (Diplôme d'Ingénieur idéalement), vous justifiez d'une expérience significative et réussie d'au moins 2 ans dans le développement d'applications en environnement JAVA EE et vous avez les compétences techniques souhaitées :

- Connaissances techniques recherchées : Grails, Java, Spring, Kotlin, développement Web
- Frameworks graphiques : Angular, ExtJS, ZK
- Environnements de développement : IntelliJ IDEA, Eclipse
- Bases de données : Oracle, Postgresql
- Méthodes de développement : méthodes agiles (Scrum, XP, Kanban)

Vous êtes dynamique, motivé(e), vos solides bases techniques et vos qualités relationnelles vous permettront de vous intégrer facilement au sein de notre structure.",,,,,6aa47608-9a78-4c5b-ae4f-895eb4d28f0e,1057942001,AGILESOFT.NC,SOCIETE A RESPONSABILITE LIMITEE (SARL),AGILESOFT.NC,NOUMEA,15 route du Port Despointes Faubourg Blanchot Immeuble Le Cap Horn Bureau 13 RDC,
202604083a6d,Analyste réseau,1,ACTIVE,M1802,2026-05-02 00:00:00+11:00,NOUMEA,CDI,0,0,0,true,5,true,false,false,2026-04-08 15:31:17+11:00,2026-04-08 15:31:17+11:00,BTS ou DEUST,"**PROFIL REQUIS :**
Titulaire d’un BAC+2 / BAC+3 de type BTS ou DEUST informatique avec 5 ans d’expérience professionnelle sur des environnements infrastructures (systèmes et/ou réseaux),

Connaissances sur une partie des technologies suivantes :
Plateformes Windows et Linux / Active Directory / Virtualisation / Sauvegarde et stockage
Réseaux IP / Switching / Routage / WIFI / Téléphonie IP ou réseaux industriels (apprécié) / Radio VHF-UHF
Supervision / Scripts ou automatisation simple

Qualités attendues :
Esprit d’équipe et collaboration
Polyvalence technique
Capacité d’analyse et de diagnostic
Sens du service
Curiosité technique

**MISSIONS PRINCIPALES :**
- Assurer le maintien en conditions opérationnelles des infrastructures systèmes et réseauxSurveiller les infrastructures et traiter les incidents et demandes de niveau 1 et 2
- Assurer le suivi des travaux d’exploitation planifiés
- Intervention et/ou supervision de chantiers usine et mine
- Participer à l’astreinte DSI
- Administrer les environnements serveurs et les services d’infrastructure
- Participer à l’exploitation des équipements réseau
- Contribuer aux opérations de maintenance et d’évolution de l’infrastructure
- Participer à l’amélioration de la supervision et de la fiabilité des infrastructures
- Contribuer à la documentation et aux procédures d’exploitation
- Appui aux projets techniques de la DSI

**Envoyer votre CV à l'adresse suivante : ingrid.kaddour@eramet-sln.com**",,,,,6acfc770-e2f8-4a3d-b2b9-89bb881d245c,0050054009,STE LE NICKEL - SLN SA,SA A CONSEIL D'ADMINISTRATION (S.A.I.),SLN,NOUMEA,2 rue Philogène Laland Desjardins Doniambo,
202604087451,Employé polyvalent / Employée polyvalente de libre-service,1,ACTIVE,D1507,2026-04-08 00:00:00+11:00,DUMBEA,CDD,0,3,0,false,4,true,false,false,2026-04-08 13:45:21+11:00,2026-04-08 13:45:21+11:00,,"## Mon offre d'emploi

Je suis un texte libre.",,,,,4aa4b68e-cfe9-4517-8835-859be0d52e0d,1435171001,CAGOU DRIVE,SOCIETE A RESPONSABILITE LIMITEE (SARL),CAGOU DRIVE,DUMBEA,889 route Territoriale 1,
202604070d63,Ouvrier / Ouvriére du béton,1,ACTIVE,F1701,2026-04-13 00:00:00+11:00,,CDD,0,0,0,false,,false,false,false,2026-04-08 10:43:07+11:00,2026-04-08 10:43:07+11:00,,"## Mon offre d'emploi

ouvrier du BTP polyvalent avec le permis B",,,,,4939ab14-3fc7-483c-9fc9-c2cd4426740e,0594903001,LA TARENTAISE DE CONSTRUCTION ET RENOVATION,SOCIETE A RESPONSABILITE LIMITEE (SARL),LA TARENTAISE DE CONSTRUCTION ET RENOVATION,NOUMEA,56 rue du Pasteur Lacheret Vallée des oliviers,
20260407c7d2,Agent / Agente d'accueil,1,ACTIVE,M1601,2026-03-09 00:00:00+11:00,NOUMEA,CDI,0,0,0,false,4,true,false,false,2026-04-08 03:59:57+11:00,2026-04-08 03:59:57+11:00,,"## Mon offre d'emploi

Employé polyvalent – Accueil & Support numérique / informatique.",,,,,5c4ef0d7-5179-4853-bc0a-1c966961e688,1229590002,"CHAMPEIL Julien, Henri",PERSONNE PHYSIQUE,TRSimulator,NOUMEA,282 rue Jacques Iékawé PK 7 Immeuble New Center  Local 5,
202604072c9e,Opticien-optométriste / Opticienne-optométriste,1,ACTIVE,J1405,2026-07-01 09:00:00+11:00,NOUMEA,CDI,0,0,0,true,,false,false,false,2026-04-08 03:42:00+11:00,2026-04-08 03:42:00+11:00,BTS OPTICIEN LUNETIER,"𝐓𝐮 𝐞𝐬 𝐨𝐩𝐭𝐢𝐜𝐢𝐞𝐧.𝐧𝐞 𝐝𝐢𝐩𝐥𝐨̂𝐦𝐞́.𝐞 𝐞𝐭 𝐭𝐮 𝐫𝐞̂𝐯𝐞𝐬 𝐝𝐞 𝐟𝐚𝐢𝐫𝐞 𝐫𝐢𝐦𝐞𝐫 𝐩𝐚𝐬𝐬𝐢𝐨𝐧, 𝐫𝐞𝐬𝐩𝐨𝐧𝐬𝐚𝐛𝐢𝐥𝐢𝐭𝐞́ 𝐞𝐭 𝐥𝐚𝐠𝐨𝐧 𝐭𝐮𝐫𝐪𝐮𝐨𝐢𝐬𝐞 ?
 Alors j’ai une super opportunité à te partager ! 🌴😎
Je recherche activement un.e Opticien.ne diplômé.e pour rejoindre une équipe dynamique, humaine et engagée ✨
L’objectif ? Offrir à chaque client une vraie expérience sur-mesure, avec bienveillance, expertise et bonne humeur !
🎯 Ce que tu feras au quotidien :
Accueillir les clients et cerner leurs besoins 👓
Conseiller avec goût et empathie (visagisme, montures, verres…)
Réaliser les bilans visuels, les prises de mesure, et assurer un montage de qualité 💪
Gérer la vie du magasin : commandes, gestion, merchandising…
Et surtout, contribuer à une ambiance de travail au top !

🧠 Tu es titulaire du BTS OL, tu as le sens du service, tu es à l’écoute, autonome, adaptable, et tu aimes le travail en équipe ?
 💬 Et si en plus tu as envie d’un quotidien riche de sens et de soleil… ce poste est fait pour toi !
📩 Intéressé.e ? Envie d’en savoir plus ? Envoie-moi un message🙌",,,,,a61cac51-c1b8-4e50-8c6b-7f2af5de41ce,1346048001,AVEOZ,SOCIETE A RESPONSABILITE LIMITEE UNIPERSONNELLE (SARLU),AVEOZ,NOUMEA,93 route de l'Anse-Vata Motor-Pool Centre commercial Michel Ange,
20260407dae5,Développeur / Développeuse back-end,1,ACTIVE,M1855,2026-04-07 09:00:00+11:00,,CDIC,0,3,0,true,7,true,false,false,2026-04-07 17:19:30+11:00,2026-04-07 17:19:30+11:00,,"1. Architecture & Stratégie CI/CD
- Auditer et rationaliser une stack existante (pont entre GitLab/Jenkins et TFS/Azure D evOps).
- Concevoir et standardiser des pipelines CI/CD modulaires et reproductibles pour les applications (priorité MES) et les flux Data.
- Intégrer les processus de packaging et de déploiement automatisés en respectant les standards d'entreprise.
Ingénierie Qualité (QA Applicative & Data) :
- Mettre en place les frameworks de tests automatisés adaptés à l'environnement enterprise (ex: Playwright/Selenium pour l'IHM, JUnit/NUnit pour le code).
- Définir la stratégie de tests de non-régression et les critères d'acceptation (Definition of Done).
- Développer des scripts de tests Data (Python/PowerShell) pour valider la qualité, la complétude et la cohérence des flux ETL/ELT.
- Concevoir un tableau de bord (Power BI) de scoring qualité et de suivi des anomalies.
Coaching et Transfert de compétences :
- Animer des ateliers techniques et des dojos pratiques sur les outils DevOps et QA.
- Rédiger et structurer la documentation (Dictionnaire des tests, guides d'exploitation, normes QA).
- Créer des supports pédagogiques modernes (capsules vidéos courtes).

2. Compétences Techniques (Hard Skills)

- Usine logicielle / DevOps : Azure DevOps, TFS, GitLab CI, Jenkins.
- Développement & Scripting : Maîtrise de C#, Java, Python, et PowerShell.
- Frameworks de Tests (QA) : Selenium, Playwright, Cypress, Pytest, JUnit, xUnit (à adapter selon les choix de l'audit).
- Data & BI : Tests de pipelines ETL/ELT, automatisation de contrôles de bases de données, Power BI.
- Méthodologie : Agile/Scrum, TDD (Test Driven Development), BDD (Behavior Driven Development).

4. Compétences Comportementales (Soft Skills)

- Pédagogie et Transmission : Excellente capacité à vulgariser des concepts techniques et à faire monter en compétence des profils variés.
- Approche orientée ""Solutions"" : Pragmatisme face à la dette technique existante et capacité à livrer de la valeur rapidement par itérations.
- Rigueur documentaire : Culture de l'écrit pour pérenniser les processus mis en place.
- Sensibilité Métier : Fort intérêt pour l'environnement industriel et compréhension des enjeux critiques liés à un outil de production comme le MES.",,,,,aee88238-92cb-4380-8cc3-035847994325,1186030001,NC IT,SOCIETE A RESPONSABILITE LIMITEE (SARL),NC IT,NOUMEA,224 rue Jacques Iékawé  Centre commercial Belle Vie,
20260407d6fc,Employé / Employée de rayon,5,ACTIVE,D1507,,NOUMEA,CDD,0,3,0,false,SANS_DIPLOME,false,false,false,2026-04-07 15:54:28+11:00,2026-04-07 15:54:28+11:00,,"Société recrute des merchandiseurs en GMS.
Mise en rayon de produits, gestion FIFO & DLC/DLUO, gestion des mises en avant
Basé sur le Grand Nouméa, disponible du lundi au samedi. 

- Rigoureux
- Polyvalent
- Disponible tôt le matin

Expérience en merchandising et/ou vente appréciée. 
Permis B + Véhicule obligatoire. 

CDD à temps partiel pouvant débouché sur un CDI
Candidature à envoyer par mail",,,,,b02e933d-25e2-46bd-9215-aa489ce97b02,1466697001,SMDI SERVICES,SOCIETE A RESPONSABILITE LIMITEE (SARL),SMDI SERVICES,MONT-DORE,20 impasse des Caoutchoucs Robinson,
20260407ad6d,Auxiliaire de gériatrie,1,ACTIVE,K1306,2026-09-01 00:00:00+11:00,NOUMEA,CDD,0,0,3,false,3,true,false,false,2026-04-07 13:00:15+11:00,2026-04-07 13:00:15+11:00,,"""Poste d’auxiliaire de gériatrie auprès d’une personne atteinte de la maladie de Parkinson évoluée vers une atrophie multisystématisée (AMS), nécessitant une assistance quotidienne pour les actes essentiels de la vie (toilette, mobilité, prise de médicaments, prévention des chutes et surveillance continue).""
Le poste nécessite une expérience préalable auprès de personnes atteintes de pathologies neurologiques évolutives.",,,,,b1f0f3b3-2fb6-4028-b820-a7025f67e09b,,,,,,,
20260407f5aa,Infirmier / Infirmiére en gériatrie,1,ACTIVE,J1506,2026-04-07 12:47:21+11:00,DUMBEA,CDI,0,0,0,true,,false,false,false,2026-04-07 12:47:00+11:00,2026-04-07 12:47:00+11:00,DE infirmier,"L'EHPAD GABRIELLA recherche un(e) infirmier(e), CDI temps complet ou temps partiel, pour compléter son équipe.
La strcuture acceuille 16 résidents en hébergement et 4 en accueil de jour.
Les horaires de travail sont de 6h15 à 12h et de 13h15 à 18h15, avec 1 weekend sur 3 de travail
Les IDE participent à la prise en charge globale des résidents avec l'ensemble de l'équipe. Elles participent aux nursings le matin, sont en charge de la préparation et de la distribution des traitements et de la réfection des pansements, aident aux repas, accompagnent les médecins lors des visites médicales, supervisent l'équipe...",,,,,30d06bff-0167-45b7-b5ca-b741a4705ce5,1008648001,GABRIELLA,SOCIETE PAR ACTIONS SIMPLIFIEE (SAS),GABRIELLA,DUMBEA,170 route Territoriale 1,
2026040649cc,Accompagnant éducatif et social / Accompagnante éducative et sociale en milieu scolaire,1,ACTIVE,K2113,2026-03-24 00:00:00+11:00,NOUMEA,CDD,0,10,0,true,8,true,false,false,2026-04-07 10:20:42+11:00,2026-04-07 10:20:42+11:00,,,,,,,02df1484-eaba-44b6-8544-67468c0994f5,1251701001,ASSOCIATION TUTORAT D'EXCELLENCE HMELOM DO KAMO,ASSOCIATION LOI 1901 OU ASSIMILE,ASSOCIATION TUTORAT D'EXCELLENCE HMELOM DO KAMO,NOUMEA,15 bis rue Taragnat Vallée des Colons Lycéé Do Kamo,
202604066b5f,Chauffeur / Chauffeuse de poids lourd,1,ACTIVE,N4101,,BOULOUPARIS,CDD,0,1,0,false,SANS_DIPLOME,true,false,false,2026-04-07 10:12:43+11:00,2026-04-07 10:12:43+11:00,,,,,,,36db801f-c468-43b8-87d1-b193681d2eef,1457589001,"FOUCHER Mathieu, Téva",PERSONNE PHYSIQUE,"FOUCHER Mathieu, Téva",BOULOUPARIS,Route Territoriale 1 Tomo,
202604060b96,Administrateur / Administratrice informatique,1,ACTIVE,M1801,2026-04-07 09:00:16+11:00,NOUMEA,CDI,0,0,0,false,7,true,false,false,2026-04-07 08:58:45+11:00,2026-04-07 08:58:45+11:00,Informatique,"**MISSIONS :**
•	Concevoir et faire évoluer l’architecture Microsoft 365 de l’organisation.
•	Définir et piloter la feuille de route Microsoft 365 (Teams, Exchange Online, SharePoint Online, OneDrive).
•	Être force de proposition dans l’intégration des nouvelles fonctionnalités Microsoft 365 et contribuer à l’amélioration continue de l’administration et de la supervision des services.
•	Administrer, optimiser les environnements Microsoft 365 et assurer un support technique de niveau 3 sur les services Microsoft 365
•	Intervenir sur les incidents complexes ou critiques liés à Teams, Exchange ou SharePoint.
•	Mettre en place des automatisations et scripts PowerShell pour améliorer l’exploitation de la plateforme.
•	Administrer et maintenir les environnements hybrides, exploiter les solutions Power Platform pour automatiser les processus métiers
•	Définir et mettre en œuvre la gouvernance Microsoft 365 (gestion des Teams, cycle de vie des espaces collaboratifs, gestion des accès)
•	Être le référent technique Microsoft 365 au sein de la DSI
•	Contribuer à la montée en compétence des équipes",,,,,ff9696ae-5848-4061-bf83-24ce53004a12,0112615001,CAISSE COMPENSATION PRESTATION FAMILIALES,ORGANISME MUTUALISTE,CAISSE COMPENSATION PRESTATION FAMILIALES,NOUMEA,4 rue du Général Mangin Centre Ville,
202604065194,Business analyst,1,ACTIVE,M1806,2026-04-07 00:00:00+11:00,NOUMEA,CDI,0,0,0,false,5,false,false,false,2026-04-07 08:29:17+11:00,2026-04-07 08:29:17+11:00,MASTER,,,,,,26c5b346-7861-429b-a3af-52798cd8d01a,1490036001,GENCO,SOCIETE A RESPONSABILITE LIMITEE (SARL),GENCO,NOUMEA,6 rue Jean Chalier PK 4,
20260406f161,Consultant / Consultante informatique,1,ACTIVE,M1802,2026-04-13 00:00:00+11:00,,CDD,0,0,1,false,,false,false,false,2026-04-06 13:47:21+11:00,2026-04-06 13:47:21+11:00,,"🚀 Consultant(e) AMOA / Chef(fe) de Projet

Kortex – Conseil en Management & Systèmes d’Information

🎯 Votre mission

Dans le cadre de notre développement, Kortex recrute un(e) consultant(e) AMOA / Chef(fe) de Projet pour accompagner des projets de transformation et d’évolution des systèmes d’information auprès de nos clients.

Vous interviendrez en appui au pilotage des projets, de la phase de cadrage jusqu’au déploiement, en collaboration avec des consultants plus expérimentés.

Au sein d’un cabinet à taille humaine, vous monterez progressivement en autonomie et prendrez part à des missions variées et responsabilisantes.

🔎 Vos responsabilités

Selon les contextes, vous interviendrez sur :

🔹 Cadrage & structuration

Participation à la définition des objectifs et du périmètre projet
Contribution à l’organisation et à la planification des travaux
Identification des premiers risques et points de vigilance

🔹 AMOA & pilotage opérationnel

Recueil et formalisation des besoins métiers
Participation à l’animation d’ateliers
Rédaction de livrables (cahiers des charges, spécifications fonctionnelles)
Interface entre les équipes métiers et techniques

🔹 Conduite de projet

Suivi du planning et des actions
Contribution au reporting projet
Participation aux phases de recette (préparation, exécution, suivi des anomalies)
Appui au déploiement des solutions

🔹 Accompagnement au changement

Contribution à la création de supports (guides, formations)
Accompagnement des utilisateurs dans la prise en main des outils

Vous serez accompagné(e) dans le développement de vos compétences pour gagner en autonomie et en impact sur les projets.

👤 Votre profil

Formation : Bac +3 minimum (idéalement école d’ingénieur, école de commerce)

Expérience : 1 à 3 ans en AMOA, gestion de projet ou environnement SI (stage et alternance valorisés)

💡 Compétences clés

Connaissance des bases du pilotage de projet
Appétence pour les systèmes d’information
Première expérience en environnement projet
Bonne capacité rédactionnelle
Maîtrise des outils O365
Anglais professionnel (apprécié)

🌟 Nous recherchons avant tout :

Une posture professionnelle et collaborative
De la rigueur et un bon sens de l’organisation
Une capacité à apprendre et à monter en compétence rapidement
Une communication claire et adaptée
De l’implication et de la curiosité",,,,,9bd9c1e7-8b94-49c4-b615-5ee46186b82b,1439108001,KORTEX EXPERTISE,SOCIETE A RESPONSABILITE LIMITEE (SARL),KORTEX EXPERTISE,NOUMEA,15 rue de Verdun Centre Ville Espace Performances,
2026040613c2,Consultant / Consultante IT,1,ACTIVE,M1806,2026-04-13 00:00:00+11:00,NOUMEA,CDI,0,0,0,true,5,false,false,false,2026-04-06 13:19:42+11:00,2026-04-06 13:19:42+11:00,Ecole de commerce ou ingénieur,"🚀 Consultant(e) Confirmé(e) AMOA / Chef(fe) de Projet

Kortex Expertise  – Conseil en Management & Systèmes d’Information

🎯 Votre mission

Dans le cadre de notre développement, Kortex recrute un(e) consultant(e) confirmé(e) AMOA / Chef(fe) de Projet pour piloter des projets de transformation et d’évolution des systèmes d’information auprès de nos clients.

Vous interviendrez en véritable chef d’orchestre : structuration, coordination, pilotage et sécurisation des projets, de la phase de cadrage jusqu’au déploiement.

Au sein d’un cabinet à taille humaine, vous aurez un rôle clé et un niveau d'autonomie avancé sur vos missions.

🔎 Vos responsabilités

Selon les contextes, vous interviendrez sur :

🔹 Cadrage & structuration

Définition des objectifs, du périmètre et de la gouvernance projet
Organisation des travaux et planification
Identification des risques et dépendances

🔹 AMOA & pilotage opérationnel

Recueil et formalisation des besoins métiers
Animation d’ateliers et coordination des parties prenantes
Rédaction de cahiers des charges et spécifications fonctionnelles
Interface entre métiers, DSI et intégrateurs

🔹 Conduite de projet

Pilotage planning, budget et qualité
Suivi des indicateurs de performance
Reporting auprès des directions
Organisation et supervision des phases de recette
Sécurisation du déploiement

🔹 Accompagnement au changement

Structuration des supports et dispositifs d’accompagnement
Appui aux équipes métiers dans l’appropriation des solutions
Vous serez attendu(e) sur votre capacité à structurer, sécuriser et faire avancer les projets dans des environnements parfois complexes.

👤 Votre profil

Formation : Bac +5 (école d’ingénieur, école de commerce ou université)
Expérience : 3 à 6 ans minimum en AMOA, chefferie de projet ou conseil en transformation SI
Compétences clés
Maîtrise des fondamentaux du pilotage de projet
Expérience confirmée en environnement SI
Bonne connaissance des méthodologies agiles et/ou cycle en V
Excellentes capacités rédactionnelles
Très bonne maîtrise d’O365
Anglais professionnel

Nous recherchons avant tout :

Une posture de chef de projet responsable
Une capacité à structurer et prioriser
De la rigueur et de la fiabilité
Une communication claire et assertive
De l’autonomie et du discernement",,,,,9bd9c1e7-8b94-49c4-b615-5ee46186b82b,1439108001,KORTEX EXPERTISE,SOCIETE A RESPONSABILITE LIMITEE (SARL),KORTEX EXPERTISE,NOUMEA,15 rue de Verdun Centre Ville Espace Performances,
20260403d4d6,Analyste-programmeur / Analyste-programmeuse gestion informatique,1,ACTIVE,M1805,2026-09-01 00:00:00+11:00,NOUMEA,CDIC,0,0,5,true,7,true,false,false,2026-04-03 14:38:19+11:00,2026-04-03 14:38:19+11:00,,"# Développeur Sénior JBoss (H/F)

*GIE SINAPSE — Mission  au sein des équipes CAFAT*
Code ROM : M1805 — Études et développement informatique
Numéro unique de l'offre : [À COMPLÉTER]

| ✅ CDI de chantier — 5 ans | 📍 Nouméa, Nouvelle-Calédonie | 💶 Rémunération selon profil |
|---|---|---|

## Contexte

**270 000 Calédoniens** dépendent chaque jour de la CAFAT pour leur protection sociale — retraite, maladie, accidents du travail, prestations familiales.

La CAFAT conduit une transformation progressive et sécurisée de son système d'information, cadrée par un **SDSI pluriannuel**. Le **GIE SINAPSE** est l'un des vecteurs structurants de cette trajectoire, en particulier pour la **refonte du SI recouvrement**, des parcours des Travailleurs Indépendants et des Employeurs, et de certaines briques transverses du SI CAFAT.

Dans ce cadre, le GIE SINAPSE assure au sein des équipes CAFAT une **prestation d'assistance à la production technique** des évolutions logicielles nécessaires à la modernisation du SI — de l'intégration de l'applicatif jusqu'à sa mise en service effective et sa stabilisation pour les équipes de la Caisse.

> C'est dans cet environnement — institutionnel, exigeant, à forts enjeux — que vous interviendrez. Les missions sont réalisées dans un SI en production, pour des utilisateurs réels. Cela demande de la rigueur, le sens du collectif, et l'envie sincère de faire avancer les choses dans la durée. Si vous êtes à l'aise dans les grandes organisations **et** que vous avez la flamme pour livrer, construire, améliorer — ce projet est fait pour vous.

## Vos missions

- **Développement et MCO :** sécuriser et faire évoluer l'existant JBoss/ZK, développer les correctifs et évolutions dans le cadre du maintien en conditions opérationnelles ou des projets
- **Conception applicative :** concevoir et développer les adaptations conformément aux directives d'industrialisation et d'urbanisation, rédiger les spécifications techniques
- **Qualité et livrables :** garantir la cohérence, la qualité et la maintenabilité des solutions livrées — documentation technique à chaque livraison
- **Capitalisation :** documenter systématiquement, contribuer à la capitalisation des connaissances, analyser et traiter les demandes MCO
- **Modernisation pragmatique :** exposer et consommer des API orientées métier, participer à des POC ciblés

## Votre profil

De formation Bac+4/5 en informatique, expérience de plus de 5 ans minimum, idéalement plus de 10 ans, sur des systèmes JBoss/ZK critiques en production.

**Compétences indispensables :**
- **JBoss / ZK — maîtrise confirmée, architectures monolithes et microservices**
- **JavaScript : développement front-end et intégration**
- **Bases de données : PostgreSQL, SQL**
- **CI/CD et outillage : Git/Bitbucket, Maven, Jenkins, Sonar, Docker, Nexus**

**Compétences appréciées :**
- Java, Groovy, Angular
- BPMS (Bonita, Camunda), MOM (ActiveMQ), API
- Agile (Scrum, Kanban), Jira

> **Ce qui fait la différence ici :** Les experts JBoss/ZK sont rares sur le marché. Le SI CAFAT en compte parmi les briques les plus stratégiques — et leur maintien, leur évolution, leur documentation sont des enjeux réels. Si vous maîtrisez cet environnement et souhaitez l'exercer dans un cadre à forte utilité sociale, ce poste est fait pour vous.

## Pourquoi rejoindre ce projet ?

- **Impact réel :** vous contribuez directement à la modernisation d'un SI dont dépendent 270 000 assurés
- **Mission de fond :** CDI de chantier 5 ans, avec une perspective de continuité sur un programme de transformation qui s'inscrit dans la durée bien au-delà de 2030
- **Environnement exigeant et utile :** vous travaillez aux côtés des équipes internes CAFAT, dans une organisation qui compte pour le territoire
- **Cadre de vie :** Nouméa, ville à taille humaine, climat exceptionnel, qualité de vie reconnue
- **Prise en charge de la mobilité internationale :** frais de transport depuis votre lieu d'habitation actuel jusqu'à Nouméa, aide à l'installation
- **Développement professionnel :** budget formation individuel, certifications, montée en compétences
- **Rémunération :** package attractif selon profil

## Comment postuler ?

**Les candidatures sont à déposer exclusivement en ligne sur www.sinapse.nc**
Le dépôt des pièces et la complétion du questionnaire en ligne sont **obligatoires** — aucune candidature transmise par email ne sera traitée.

La fiche de poste complète est téléchargeable sur **www.sinapse.nc**.",,,,,ef083b4a-6c62-4264-8c49-12057ef02575,1637388001,SINAPSE,GROUPEMENT D'INTERET ECONOMIQUE (GIE),SINAPSE,NOUMEA,29 rue Georges Clémenceau Centre Ville IMMEUBLE BOTTICELLI,
202604034819,Analyste-programmeur / Analyste-programmeuse gestion informatique,1,ACTIVE,M1805,2026-09-01 00:00:00+11:00,NOUMEA,CDIC,0,0,5,true,7,true,false,false,2026-04-03 14:37:04+11:00,2026-04-03 14:37:04+11:00,,"# Développeur Full Stack Java/Angular (H/F)

*GIE SINAPSE — Mission au sein des équipes CAFAT*
Code ROM : M1805 — Études et développement informatique
Numéro unique de l'offre : [À COMPLÉTER]

| ✅ CDI de chantier — 5 ans | 📍 Nouméa, Nouvelle-Calédonie | 💶 Rémunération selon profil |
|---|---|---|

## Contexte

**270 000 Calédoniens** dépendent chaque jour de la CAFAT pour leur protection sociale — retraite, maladie, accidents du travail, prestations familiales.

La CAFAT conduit une transformation progressive et sécurisée de son système d'information, cadrée par un **SDSI pluriannuel**. Le **GIE SINAPSE** est l'un des vecteurs structurants de cette trajectoire, en particulier pour la **refonte du SI recouvrement**, des parcours des Travailleurs Indépendants et des Employeurs, et de certaines briques transverses du SI CAFAT.

Dans ce cadre, le GIE SINAPSE assure au sein des équipes CAFAT une **prestation d'assistance à la production technique** des évolutions logicielles nécessaires à la modernisation du SI — de l'intégration de l'applicatif jusqu'à sa mise en service effective et sa stabilisation pour les équipes de la Caisse.

> C'est dans cet environnement — institutionnel, exigeant, à forts enjeux — que vous interviendrez. Les missions sont réalisées dans un SI en production, pour des utilisateurs réels. Cela demande de la rigueur, le sens du collectif, et l'envie sincère de faire avancer les choses dans la durée. Si vous êtes à l'aise dans les grandes organisations **et** que vous avez la flamme pour livrer, construire, améliorer — ce projet est fait pour vous.

## Vos missions

- **Développement et MCO :** sécuriser et faire évoluer l'existant Java/Angular, développer les correctifs et évolutions dans le cadre du maintien en conditions opérationnelles ou des projets
- **Conception applicative :** concevoir et développer les adaptations conformément aux directives d'industrialisation et d'urbanisation, rédiger les spécifications techniques
- **Qualité et livrables :** garantir la cohérence, la qualité et la maintenabilité des solutions livrées — documentation technique à chaque livraison
- **Capitalisation :** documenter systématiquement, contribuer à la capitalisation des connaissances, analyser et traiter les demandes MCO
- **Modernisation pragmatique :** exposer et consommer des API orientées métier, participer à des POC ciblés, être force de proposition

## Votre profil

De formation Bac+4/5 en informatique, expérience de plus de 5 ans minimum, idéalement plus de 10 ans, en développement Java full stack sur des systèmes en production.

**Compétences indispensables :**
- **Java — maîtrise confirmée, architectures monolithes et microservices**
- **Angular : développement front-end, JavaScript/TypeScript**
- **Bases de données : PostgreSQL, SQL**
- **SpringBoot : développement d'applications et services**
- **CI/CD et outillage : Git/Bitbucket, Maven, Jenkins, Sonar, Docker, Nexus**

**Compétences appréciées :**
- JBoss, ZK, Groovy
- BPMS (Bonita, Camunda), MOM (ActiveMQ), API
- Agile (Scrum, Kanban), Jira

> **Ce qui fait la différence ici :** Vous interviendrez sur un SI vivant, en production réelle — pas un projet greenfield. La capacité à comprendre l'existant, à progresser dans un environnement hétérogène et à collaborer avec des équipes déjà en place compte autant que l'expertise technique.

## Pourquoi rejoindre ce projet ?

- **Impact réel :** vous contribuez directement à la modernisation d'un SI dont dépendent 270 000 assurés
- **Mission de fond :** CDI de chantier 5 ans, avec une perspective de continuité sur un programme de transformation qui s'inscrit dans la durée bien au-delà de 2030
- **Environnement exigeant et utile :** vous travaillez aux côtés des équipes internes CAFAT, dans une organisation qui compte pour le territoire
- **Cadre de vie :** Nouméa, ville à taille humaine, climat exceptionnel, qualité de vie reconnue
- **Prise en charge de la mobilité internationale :** frais de transport depuis votre lieu d'habitation actuel jusqu'à Nouméa, aide à l'installation
- **Développement professionnel :** budget formation individuel, certifications, montée en compétences
- **Rémunération :** package attractif selon profil

## Comment postuler ?

**Les candidatures sont à déposer exclusivement en ligne sur www.sinapse.nc**
Le dépôt des pièces et la complétion du questionnaire en ligne sont **obligatoires** — aucune candidature transmise par email ne sera traitée.

La fiche de poste complète est téléchargeable sur **www.sinapse.nc**.",,,,,ef083b4a-6c62-4264-8c49-12057ef02575,1637388001,SINAPSE,GROUPEMENT D'INTERET ECONOMIQUE (GIE),SINAPSE,NOUMEA,29 rue Georges Clémenceau Centre Ville IMMEUBLE BOTTICELLI,
2026040322ce,Analyste-programmeur / Analyste-programmeuse gestion informatique,1,ACTIVE,M1805,2026-09-01 00:00:00+11:00,NOUMEA,CDIC,0,0,5,true,7,true,false,false,2026-04-03 14:34:49+11:00,2026-04-03 14:34:49+11:00,,"# Architecte Logiciel SI (H/F)

*GIE SINAPSE — Mission au sein des équipes CAFAT*
Code ROM : M1805 — Études et développement informatique
Numéro unique de l'offre : [À COMPLÉTER]

| ✅ CDI de chantier — 5 ans | 📍 Nouméa, Nouvelle-Calédonie | 💶 Rémunération selon profil |
|---|---|---|

## Contexte

**270 000 Calédoniens** dépendent chaque jour de la CAFAT pour leur protection sociale — retraite, maladie, accidents du travail, prestations familiales.

La CAFAT conduit une transformation progressive et sécurisée de son système d'information, cadrée par un **SDSI pluriannuel**. Le **GIE SINAPSE** est l'un des vecteurs structurants de cette trajectoire, en particulier pour la **refonte du SI recouvrement**, des parcours des Travailleurs Indépendants et des Employeurs, et de certaines briques transverses du SI CAFAT.

Dans ce cadre, le GIE SINAPSE assure au sein des équipes CAFAT une **prestation d'assistance à la production technique** des évolutions logicielles nécessaires à la modernisation du SI — de l'intégration de l'applicatif jusqu'à sa mise en service effective et sa stabilisation pour les équipes de la Caisse.

> C'est dans cet environnement — institutionnel, exigeant, à forts enjeux — que vous interviendrez. Les missions sont réalisées dans un SI en production, pour des utilisateurs réels. Cela demande de la rigueur, le sens du collectif, et l'envie sincère de faire avancer les choses dans la durée. Si vous êtes à l'aise dans les grandes organisations **et** que vous avez la flamme pour livrer, construire, améliorer — ce projet est fait pour vous.

## Vos missions

- **Référence technique :** analyser les systèmes existants, participer aux choix d'architecture applicative en lien avec les contraintes du SI, être un renfort de l'équipe d'architecture interne
- **Conception et cohérence :** concevoir les adaptations applicatives et logicielles conformément aux directives d'industrialisation et d'urbanisation, garantir la cohérence d'intégration globale
- **Architecture middleware :** concevoir et faire évoluer des architectures orientées API, services, événements et processus — mettre en œuvre les middleware (BPMS, MOM, médiation de données)
- **Industrialisation et qualité :** faire évoluer et maintenir l'outillage de build et de CI, promouvoir les standards de développement, contribuer à la réduction de la dette technique
- **Accompagnement :** accompagner les développeurs dans la conception et les bonnes pratiques, contribuer aux estimations techniques et aux arbitrages de solutions
- **Chiffrage et arbitrage :** chiffrer les impacts en collaboration avec l'équipe de réalisation, sécuriser la qualité logicielle des solutions livrées

## Votre profil

De formation Bac+4/5 en informatique, expérience de plus de 5 ans minimum, idéalement plus de 10 ans, en développement Java confirmé avec un rôle de référent ou de lead technique, et une reconnaissance en tant qu'Architecte SI.

**Compétences indispensables :**
- **Background Java — expérience confirmée en développement et architecture applicative**
- **Patterns d'architecture logicielle : MVC, DDD, Hexagonale, Clean**
- **Patterns d'architecture SI : SOA, EDA — vision système sur SI complexe et hétérogène**
- **UML — maîtrise de la modélisation**
- **Médiation inter-applicative — techniques d'intégration et d'échange entre systèmes**

**Compétences appréciées :**
- TOGAF ou Archimate
- BPMS (Bonita, Camunda), MOM (ActiveMQ)
- Environnements legacy : RPG, L4G, Adélia
- CI/CD : Git, Maven, Jenkins, Sonar, Docker, Nexus
- Agile (Scrum, Kanban), Jira

> **Ce qui fait la différence ici :** Le SI CAFAT est l'un des rares SI institutionnels en Nouvelle-Calédonie à opérer une transformation en profondeur tout en maintenant la continuité de service. L'Architecte Logiciel a un rôle de boussole : il oriente les choix sans tout décider seul, identifie les briques manquantes, garde une vision d'ensemble que les équipes projets n'ont pas toujours.

## Pourquoi rejoindre ce projet ?

- **Impact réel :** vous contribuez directement à la modernisation d'un SI dont dépendent 270 000 assurés
- **Mission de fond :** CDI de chantier 5 ans, avec une perspective de continuité sur un programme de transformation qui s'inscrit dans la durée bien au-delà de 2030
- **Environnement exigeant et utile :** vous travaillez aux côtés des équipes internes CAFAT, dans une organisation qui compte pour le territoire
- **Cadre de vie :** Nouméa, ville à taille humaine, climat exceptionnel, qualité de vie reconnue
- **Prise en charge de la mobilité internationale :** frais de transport depuis votre lieu d'habitation actuel jusqu'à Nouméa, aide à l'installation
- **Développement professionnel :** budget formation individuel, certifications, montée en compétences
- **Rémunération :** package attractif selon profil

## Comment postuler ?

**Les candidatures sont à déposer exclusivement en ligne sur www.sinapse.nc**
Le dépôt des pièces et la complétion du questionnaire en ligne sont **obligatoires** — aucune candidature transmise par email ne sera traitée.

La fiche de poste complète est téléchargeable sur **www.sinapse.nc**.",,,,,ef083b4a-6c62-4264-8c49-12057ef02575,1637388001,SINAPSE,GROUPEMENT D'INTERET ECONOMIQUE (GIE),SINAPSE,NOUMEA,29 rue Georges Clémenceau Centre Ville IMMEUBLE BOTTICELLI,
202604038e3e,Analyste-programmeur / Analyste-programmeuse gestion informatique,1,ACTIVE,M1805,2026-09-01 00:00:00+11:00,NOUMEA,CDIC,0,0,5,true,7,true,false,false,2026-04-03 14:33:30+11:00,2026-04-03 14:33:30+11:00,,"# Business Analyst / Architecte Fonctionnel (H/F)

*GIE SINAPSE — Mission au sein des équipes CAFAT*
Code ROM : M1805 — Études et développement informatique
Numéro unique de l'offre : [À COMPLÉTER]

| ✅ CDI de chantier — 5 ans | 📍 Nouméa, Nouvelle-Calédonie | 💶 Rémunération selon profil |
|---|---|---|

## Contexte

**270 000 Calédoniens** dépendent chaque jour de la CAFAT pour leur protection sociale — retraite, maladie, accidents du travail, prestations familiales.

La CAFAT conduit une transformation progressive et sécurisée de son système d'information, cadrée par un **SDSI pluriannuel**. Le **GIE SINAPSE** est l'un des vecteurs structurants de cette trajectoire, en particulier pour la **refonte du SI recouvrement**, des parcours des Travailleurs Indépendants et des Employeurs, et de certaines briques transverses du SI CAFAT.

Dans ce cadre, le GIE SINAPSE assure au sein des équipes CAFAT une **prestation d'assistance à la production technique** des évolutions logicielles nécessaires à la modernisation du SI — de l'intégration de l'applicatif jusqu'à sa mise en service effective et sa stabilisation pour les équipes de la Caisse.

> C'est dans cet environnement — institutionnel, exigeant, à forts enjeux — que vous interviendrez. Les missions sont réalisées dans un SI en production, pour des utilisateurs réels. Cela demande de la rigueur, le sens du collectif, et l'envie sincère de faire avancer les choses dans la durée. Si vous êtes à l'aise dans les grandes organisations **et** que vous avez la flamme pour livrer, construire, améliorer — ce projet est fait pour vous.

## Vos missions

- **Analyse processus et impacts :** analyser les processus existants CAFAT, identifier les écarts et ruptures de parcours, les dépendances fonctionnelles, et proposer des évolutions pragmatiques compatibles avec le cadre en place
- **Conception fonctionnelle :** traduire les besoins métiers en spécifications fonctionnelles claires, définir les règles de gestion, cas limites et scénarios d'intégration
- **Qualité et validation :** définir les critères d'acceptation, préparer et piloter la recette fonctionnelle, sécuriser la conformité fonctionnelle, opérationnelle et réglementaire des solutions livrées
- **Coordination fonctionnelle :** assurer la cohérence fonctionnelle transverse sur les zones d'interface, travailler en complémentarité avec les autres BA (CAFAT ou SINAPSE)
- **Capitalisation :** documenter les processus, règles de gestion et décisions — contribuer à la mémoire fonctionnelle du projet

## Votre profil

Profil intermédiaire à senior, expérience de plus de 5 ans minimum, idéalement plus de 10 ans, en analyse fonctionnelle ou business sur des systèmes d'information complexes. Un background technique est un atout réel pour interagir efficacement avec les équipes de développement.

**Compétences indispensables :**
- **Analyse fonctionnelle — modélisation de processus métiers, maîtrise des règles de gestion complexes**
- **Compréhension SI — systèmes existants complexes et leurs impacts sur les processus**
- **Structuration et synthèse — vulgarisation pour interlocuteurs techniques et métiers**
- **Rigueur, adaptation, sens du collectif, honnêteté intellectuelle**

**Compétences appréciées :**
- Cursus informatique ou background technique
- Modélisation de processus : BPMN ou équivalent
- Connaissance des environnements SI public ou parapublic
- Expérience sur projets d'intégration ou de transformation progressive
- Sensibilité UX parcours usager

> **Ce qui fait la différence ici :** Le BA ne gère pas le projet — il en garantit la cohérence fonctionnelle. Dans un SI aussi vaste et hétérogène que celui de la CAFAT, ce rôle a un poids considérable : une règle de gestion mal spécifiée, c'est une prestation sociale mal calculée pour des milliers d'assurés.

## Pourquoi rejoindre ce projet ?

- **Impact réel :** vous contribuez directement à la modernisation d'un SI dont dépendent 270 000 assurés
- **Mission de fond :** CDI de chantier 5 ans, avec une perspective de continuité sur un programme de transformation qui s'inscrit dans la durée bien au-delà de 2030
- **Environnement exigeant et utile :** vous travaillez aux côtés des équipes internes CAFAT, dans une organisation qui compte pour le territoire
- **Cadre de vie :** Nouméa, ville à taille humaine, climat exceptionnel, qualité de vie reconnue
- **Prise en charge de la mobilité internationale :** frais de transport depuis votre lieu d'habitation actuel jusqu'à Nouméa, aide à l'installation
- **Développement professionnel :** budget formation individuel, certifications, montée en compétences
- **Rémunération :** package attractif selon profil

## Comment postuler ?

**Les candidatures sont à déposer exclusivement en ligne sur www.sinapse.nc**
Le dépôt des pièces et la complétion du questionnaire en ligne sont **obligatoires** — aucune candidature transmise par email ne sera traitée.

La fiche de poste complète est téléchargeable sur **www.sinapse.nc**.",,,,,ef083b4a-6c62-4264-8c49-12057ef02575,1637388001,SINAPSE,GROUPEMENT D'INTERET ECONOMIQUE (GIE),SINAPSE,NOUMEA,29 rue Georges Clémenceau Centre Ville IMMEUBLE BOTTICELLI,
20260403814c,Analyste-programmeur / Analyste-programmeuse gestion informatique,1,ACTIVE,M1805,2026-09-01 00:00:00+11:00,NOUMEA,CDIC,0,0,5,true,,true,false,false,2026-04-03 14:29:14+11:00,2026-04-03 14:29:14+11:00,,"# Tech Lead Java/JBoss (H/F)

*GIE SINAPSE — Mission au sein des équipes CAFAT*
Code ROM : M1805 — Études et développement informatique
Numéro unique de l'offre : [À COMPLÉTER]

| ✅ CDI de chantier — 5 ans | 📍 Nouméa, Nouvelle-Calédonie | 💶 Rémunération selon profil |
|---|---|---|

## Contexte

**270 000 Calédoniens** dépendent chaque jour de la CAFAT pour leur protection sociale — retraite, maladie, accidents du travail, prestations familiales.

La CAFAT conduit une transformation progressive et sécurisée de son système d'information, cadrée par un **SDSI pluriannuel**. Le **GIE SINAPSE** est l'un des vecteurs structurants de cette trajectoire, en particulier pour la **refonte du SI recouvrement**, des parcours des Travailleurs Indépendants et des Employeurs, et de certaines briques transverses du SI CAFAT.

Dans ce cadre, le GIE SINAPSE assure au sein des équipes CAFAT une **prestation d'assistance à la production technique** des évolutions logicielles nécessaires à la modernisation du SI — de l'intégration de l'applicatif jusqu'à sa mise en service effective et sa stabilisation pour les équipes de la Caisse.

> C'est dans cet environnement — institutionnel, exigeant, à forts enjeux — que vous interviendrez. Les missions sont réalisées dans un SI en production, pour des utilisateurs réels. Cela demande de la rigueur, le sens du collectif, et l'envie sincère de faire avancer les choses dans la durée. Si vous êtes à l'aise dans les grandes organisations **et** que vous avez la flamme pour livrer, construire, améliorer — ce projet est fait pour vous.

## Vos missions

- **Référence technique :** sécuriser et faire évoluer le SI Java/JBoss existant, garantir la cohérence d'intégration globale entre le legacy et les nouvelles briques applicatives
- **Coordination technique :** animer une petite équipe de développeurs (rituels, revues, mentorat), diffuser les bonnes pratiques de qualité, performance et sécurité
- **Conception et chiffrage :** concevoir les adaptations applicatives conformément aux directives d'industrialisation et d'urbanisation, estimer les charges en collaboration avec l'équipe de réalisation
- **Qualité et livrables :** garantir les solutions livrées dans les coûts, délais et exigences techniques — concevoir les interfaces, flux et données, contribuer aux dossiers d'architecture
- **MCO et capitalisation :** analyser et traiter les demandes de maintien en conditions opérationnelles, documenter systématiquement
- **Modernisation pragmatique :** exposer et consommer des API orientées métier, participer à des POC ciblés

## Votre profil

De formation Bac+4/5 en informatique, expérience de plus de 5 ans minimum, idéalement plus de 10 ans, sur des systèmes Java critiques en production, avec un rôle de référent ou de lead technique confirmé.

**Compétences indispensables :**
- **Java et JBoss — maîtrise experte, architectures monolithes et microservices**
- **SpringBoot, Angular, PostgreSQL, JavaScript/TypeScript, SQL**
- **CI/CD et outillage : Git/Bitbucket, Maven, Jenkins, Sonar, Docker, Nexus**
- **Leadership technique : coordination, revues de code, pédagogie**
- **Intégration applicative sur interfaces et flux de données en contexte contraint**

**Compétences appréciées :**
- Groovy (build et BPMS existant)
- Kotlin
- BPMS (Bonita, Camunda), MOM (ActiveMQ)
- Agile (Scrum, Kanban), Jira

> **Ce qui fait la différence ici :** Le SI CAFAT est complexe, hétérogène, en production réelle. Le Tech Lead Java/JBoss n'est pas un intégrateur — c'est un référent qui donne de la direction technique dans un environnement où les décisions ont des conséquences concrètes pour les assurés.

## Pourquoi rejoindre ce projet ?

- **Impact réel :** vous contribuez directement à la modernisation d'un SI dont dépendent 270 000 assurés
- **Mission de fond :** CDI de chantier 5 ans, avec une perspective de continuité sur un programme de transformation qui s'inscrit dans la durée bien au-delà de 2030
- **Environnement exigeant et utile :** vous travaillez aux côtés des équipes internes CAFAT, dans une organisation qui compte pour le territoire
- **Cadre de vie :** Nouméa, ville à taille humaine, climat exceptionnel, qualité de vie reconnue
- **Prise en charge de la mobilité internationale :** frais de transport depuis votre lieu d'habitation actuel jusqu'à Nouméa, aide à l'installation
- **Développement professionnel :** budget formation individuel, certifications, montée en compétences
- **Rémunération :** package attractif selon profil

## Comment postuler ?

**Les candidatures sont à déposer exclusivement en ligne sur www.sinapse.nc**
Le dépôt des pièces et la complétion du questionnaire en ligne sont **obligatoires** — aucune candidature transmise par email ne sera traitée.

La fiche de poste complète est téléchargeable sur **www.sinapse.nc**.",,,,,ef083b4a-6c62-4264-8c49-12057ef02575,1637388001,SINAPSE,GROUPEMENT D'INTERET ECONOMIQUE (GIE),SINAPSE,NOUMEA,29 rue Georges Clémenceau Centre Ville IMMEUBLE BOTTICELLI,
2026040364ef,Analyste-programmeur / Analyste-programmeuse gestion informatique,1,ACTIVE,M1805,2026-09-01 00:00:00+11:00,NOUMEA,CDIC,0,0,5,true,7,true,false,false,2026-04-03 14:26:30+11:00,2026-04-03 14:26:30+11:00,,"# Tech Lead Sénior Adélia/RPG (H/F)

*GIE SINAPSE — Mission au sein des équipes CAFAT*
Code ROM : M1805 — Études et développement informatique
Numéro unique de l'offre : [À COMPLÉTER]

| ✅ CDI de chantier — 5 ans | 📍 Nouméa, Nouvelle-Calédonie | 💶 Rémunération selon profil |
|---|---|---|

## Contexte

**270 000 Calédoniens** dépendent chaque jour de la CAFAT pour leur protection sociale — retraite, maladie, accidents du travail, prestations familiales.

La CAFAT conduit une transformation progressive et sécurisée de son système d'information, cadrée par un **SDSI pluriannuel**. Le **GIE SINAPSE** est l'un des vecteurs structurants de cette trajectoire, en particulier pour la **refonte du SI recouvrement**, des parcours des Travailleurs Indépendants et des Employeurs, et de certaines briques transverses du SI CAFAT.

Dans ce cadre, le GIE SINAPSE assure au sein des équipes CAFAT une **prestation d'assistance à la production technique** des évolutions logicielles nécessaires à la modernisation du SI — de l'intégration de l'applicatif jusqu'à sa mise en service effective et sa stabilisation pour les équipes de la Caisse.

> C'est dans cet environnement — institutionnel, exigeant, à forts enjeux — que vous interviendrez. Les missions sont réalisées dans un SI en production, pour des utilisateurs réels. Cela demande de la rigueur, le sens du collectif, et l'envie sincère de faire avancer les choses dans la durée. Si vous êtes à l'aise dans les grandes organisations **et** que vous avez la flamme pour livrer, construire, améliorer — ce projet est fait pour vous.

## Vos missions

- **Assurer la pérennité et l'évolution** des applications Adélia/RPG existantes en garantissant leur robustesse, leur performance et leur maintenabilité
- **Piloter techniquement les développements** : coordination des développeurs, arbitrages techniques, accompagnement au quotidien
- **Garantir la qualité des livrables** via des revues de code, la diffusion des bonnes pratiques et le respect des standards d'industrialisation et d'urbanisation du SI
- Analyser l'existant et concevoir les **évolutions applicatives** nécessaires en cohérence avec l'architecture globale
- Participer aux **études d'impact et chiffrages techniques** (charges, coûts, délais) en lien avec les équipes projets et MCO
- **Garantir la cohérence des intégrations** applicatives (interfaces, flux, données) et la bonne interaction avec les autres composants du SI
- Contribuer à la **documentation**, à la capitalisation des connaissances et à l'amélioration continue des pratiques
- Être force de proposition dans une démarche de **modernisation pragmatique** : API, POC ciblés, ouverture du SI

## Votre profil

De formation Bac+4/5 en informatique, expérience en développement sur des SI legacy critiques et complexes de plus de 5 ans minimum, idéalement plus de 10 ans, avec un rôle affirmé de lead technique.

**Compétences indispensables :**
- **Expertise confirmée Adélia / RPG (4GL) / Web Adélia**
- **Intégration applicative (interfaces, flux, échanges)**
- **Leadership technique reconnu**
- **Rigueur documentaire et sens de la qualité**

**Compétences appréciées :**
- API REST, SQL, environnements N-tiers
- Méthodes Agile (Scrum / Kanban)

> **Ce qui fait la différence ici :** Au-delà de la maîtrise technique, nous recherchons un profil pédagogue, pragmatique, à l'aise dans un environnement institutionnel exigeant. Quelqu'un capable d'embarquer une équipe, de trancher avec discernement, et de s'inscrire dans la durée.

## Pourquoi rejoindre ce projet ?

- **Impact réel :** vous contribuez directement à la modernisation d'un SI dont dépendent 270 000 assurés
- **Mission de fond :** CDI de chantier 5 ans, avec une perspective de continuité sur un programme de transformation qui s'inscrit dans la durée bien au-delà de 2030
- **Environnement exigeant et utile :** vous travaillez aux côtés des équipes internes CAFAT, dans une organisation qui compte pour le territoire
- **Cadre de vie :** Nouméa, ville à taille humaine, climat exceptionnel, qualité de vie reconnue
- **Prise en charge de la mobilité internationale :** frais de transport depuis votre lieu d'habitation actuel jusqu'à Nouméa, aide à l'installation
- **Développement professionnel :** budget formation individuel, certifications, montée en compétences
- **Rémunération :** package attractif selon profil

## Comment postuler ?

**Les candidatures sont à déposer exclusivement en ligne sur www.sinapse.nc**
Le dépôt des pièces et la complétion du questionnaire en ligne sont **obligatoires** — aucune candidature transmise par email ne sera traitée.

La fiche de poste complète est téléchargeable sur **www.sinapse.nc**.",,,,,ef083b4a-6c62-4264-8c49-12057ef02575,1637388001,SINAPSE,GROUPEMENT D'INTERET ECONOMIQUE (GIE),SINAPSE,NOUMEA,29 rue Georges Clémenceau Centre Ville IMMEUBLE BOTTICELLI,
202604035f2d,Collaborateur / Collaboratrice d'expertise comptable,1,ACTIVE,M1211,2026-06-01 00:00:00+11:00,NOUMEA,CDI,0,0,0,true,5,false,false,false,2026-04-03 13:05:41+11:00,2026-04-03 13:05:41+11:00,BTS ou équivalent,,,,,,96f31817-1a79-4280-8bfd-33a502119974,1257419001,BDO EXPERTISE -CONSEIL,SOCIETE A RESPONSABILITE LIMITEE (SARL),BDO EXPERTISE -CONSEIL,NOUMEA,6 rue Jean Jaurès Centre Ville,
202604037a63,Mécanicien / Mécanicienne de chantier,1,ACTIVE,I1616,,KAALA-GOMEN,CDI,0,0,0,false,,false,false,false,2026-04-03 12:05:05+11:00,2026-04-03 12:05:05+11:00,"Maintenance d'engins, maintenance de matériels",,,,,,c2b43b96-5c2b-47aa-b199-a5ef717b0c90,0030551002,SOCIETE CALEDONIENNE DES TRACTEURS,SOCIETE PAR ACTIONS SIMPLIFIEE (SAS),CALTRAC,PAITA,ZICO II,
202604025f3a,Conducteur / Conductrice de machines en industrie alimentaire,1,ACTIVE,H2102,2026-04-13 00:00:00+11:00,NOUMEA,CDI,0,0,0,false,4,true,true,true,2026-04-03 08:23:08+11:00,2026-04-03 08:23:08+11:00,MAINTENANCE INDUSTRIELLE,"PRINCIPALE MISSION 

	Réaliser le conditionnement des produits suivant le planning de production en respectant les délais et les normes de qualité, d’hygiène et de sécurité attendues.


PRINCIPALES RESPONSABILITES 

	Mettre en route et paramétrer les machines
	Effectuer les changements de formats
	Assurer une communication claire et explicite avec le service traitement thermique et avec les ouvriers de production polyvalents
	Réaliser les contrôles libératoires des produits sur la ligne
	Quantifier les matières premières consommées et emballages et formalise sur les documents prévus à cet effet
	Minimiser les pertes (mix, emballages et fruits)
	Remplir les fiches de contrôle de l’atelier de production
	S’assurer de la conformité des produits tout au long de la production
	Effectuer des corrections sur les machines
	En cas de problèmes, prévenir le chef d’équipe conditionnement yaourts
	Réaliser la maintenance préventive et curative de premier niveau (nettoyage, chaussettes, graissage...) et formalise sur les feuilles de production
	Etre force de proposition pour améliorer, optimiser la production yaourts
	Ranger et nettoyer la salle de production et les équipements
	Veille à respecter les procédures HSE
	Peut être amené à être ouvrier polyvalent


PROFIL DU POSTE

Expérience industrielle exigée. Rigueur et capacité d’apprentissage rapide.",,,,,6e391cdb-8eb7-4388-acaf-87d6b15d6a38,0042531001,SOCIETE CALEDONIENNE LAITIERE,SOCIETE PAR ACTIONS SIMPLIFIEE (SAS),SOCIETE CALEDONIENNE LAITIERE,NOUMEA,12 rue du Saint-Pierre Numbo Zone industrielle de Numbo,
202604021b51,Assistant conducteur / Assistante conductrice de travaux,1,ACTIVE,F1201,,NOUMEA,CDD,0,3,0,false,SANS_DIPLOME,false,false,false,2026-04-02 21:31:11+11:00,2026-04-02 21:31:11+11:00,,"Recherche aide conducteur de travaux.

Mission assiter le conducteur de travaux, dans ces tâches quotidiennes. 
- Suivi de chantier (phase chantier, Réception, GPA)
- Gestion de chantier (Phase chantier, Réception, GPA)",,,,,f5344115-a996-4721-9a9d-9ab56495d732,1224211001,GUIMA PACIFIC,SOCIETE A RESPONSABILITE LIMITEE (SARL),GUIMA PACIFIC,DUMBEA,212 B rue  Pierres Grangie ZAC PANDA,
2026040217a9,Ingénieur / Ingénieure agronome,1,ACTIVE,A1303,2026-06-15 00:00:00+11:00,NOUMEA,CDI,0,0,0,true,5,true,true,false,2026-04-02 16:07:32+11:00,2026-04-02 16:07:32+11:00,"agronomie, agriculture ou expérience équivalente","**Structure d’accueil – VALORGA**
VALORGA est une association de professionnels engagés dans la valorisation des matières organiques en Nouvelle-Calédonie. Elle fédère des acteurs de la gestion des déchets, de leur transformation et les utilisateurs.
Ses actions visent notamment à :
•	Structurer les filières locales de valorisation des matières organiques
•	Développer l’économie circulaire territoriale
•	Produire et diffuser des références techniques
L’association conduit des projets de démonstration et de vulgarisation à destination des professionnels, des gestionnaires de territoire et des décideurs.
VALORGA est aujourd’hui une petite structure en développement, qui recrute pour accompagner sa croissance et renforcer son équipe opérationnelle.
**Contexte du recrutement **
VALORGA recrute un·e chargé·e de mission pour prendre en charge la conduite opérationnelle de projets sur l’utilisation des matières organiques locales dans différentes filières et contribuer activement au développement de l’association.
Le poste s’inscrit dans une dynamique de travail en petite équipe, avec :
•	Une forte autonomie sur les projets confiés
•	Une collaboration étroite au sein de la structure
•	Une participation active à la vie et au développement de l’association, incluant une veille sur les opportunités de financements et la contribution aux réponses à des appels à projet
**Missions principales**
1.	Conduite opérationnelle des projets
Piloter la mise en œuvre des projets confiés :
•	Planifier, coordonner et suivre les essais terrain (grandes cultures, fourrages, maraîchage, substrats)
•	Assurer la liaison avec partenaires et prestataires
•	Analyser et synthétiser les résultats agronomiques, environnementaux et économiques
2.	Animation et transfert technique 
•	Organiser et animer des journées techniques, démonstrations terrain et échanges “bord de champ” 
•	Participer à la production et diffusion de supports de communication et de vulgarisation
3.	Contribution au développement de l’association
•	Contribuer aux projets en cours et aux initiatives de développement (dont extension régionale en structuration) 
•	Participer aux événements et actions de l’association
•	Apporter des idées nouvelles et contribuer à l’évolution des projets
•	Assurer une veille active sur les opportunités de financement et contribuer à l’identification, au montage et au suivi des appels à projets, participant à la pérennisation des actions et des moyens de l’association
**Projets concernés**
•	PRIM’Air : suivi des essais de fertilisation organique et minérale, analyses technico-économiques et environnementales
•	PARASOL : mise en place et suivi des essais terrain, réseau de fermes partenaires, production de références technico-économiques
•	VALOREST : essais de démonstration en revégétalisation minière, chantier de plantation, substrats pour pépinière, production de références technico-économiques
**Profil recherché**
 	Formation et expérience
•	Bac +5 en agronomie, agriculture ou expérience équivalente 
•	Expérience en gestion de projets agricoles ou environnementaux fortement souhaitée 
 	Compétences
•	Conduite de projets techniques et expérimentaux
•	Animation et travail de terrain
•	Analyse et synthèse de résultats
•	Rédaction et vulgarisation
 	Connaissances
•	Connaissance du contexte agricole et déchets en Nouvelle-Calédonie
•	Connaissances en fertilisation, matières organiques et réglementation environnementale appréciées 
 	Qualités
•	Autonomie et esprit d’initiative
•	Goût pour le terrain et le travail collaboratif 
•	Capacité à proposer et faire évoluer les pratiques 
•	Aisance relationnelle
•	Permis B indispensable
**Conditions**
•	CDI Temps plein
•	Poste basé à Nouméa
•	Déplacements réguliers sur l’ensemble du territoire de la Nouvelle-Calédonie
•	Évolutions possibles vers des actions à dimension régionale (en cours de structuration au sein de l’association)
**Candidature**
Les candidat·e·s doivent adresser leur dossier complet avant le 30 avril 2026 à 18h00 par mail à valorga@valorga.nc incluant :
•	Lettre de motivation à l’attention du Président
•	CV actualisé (avec date d’arrivée en NC si applicable)
Les candidats présélectionnés seront convoqués à un entretien.
VALORGA se réserve le droit de ne pas donner suite à cette offre.",,,,,f1dddff2-999a-4d4f-b21c-12028fe0a5eb,1426337001,VALORGA (VALORISATION LOCALE DES MATIÈRES ORGANIQUES),ASSOCIATION LOI 1901 OU ASSIMILE,VALORGA (VALORISATION LOCALE DES MATIÈRES ORGANIQUES),NOUMEA,3 rue Alcide Desmazures Centre Ville C/o Chambre d'agriculture de NC,
202604026a54,Développeur / Développeuse full-stack,1,ACTIVE,M1855,2026-04-16 00:00:00+11:00,NOUMEA,CDI,0,0,0,false,7,false,false,false,2026-04-02 13:47:10+11:00,2026-04-02 13:47:10+11:00,Ingénieur en informatique,"# Développeur Full-Stack (H/F)
📍 Nouméa, Nouvelle-Calédonie  
📅 CDI – Temps plein  
💻 Télétravail partiel possible

## À propos de l’entreprise

**Pacific Digital Solutions** est une entreprise calédonienne spécialisée dans le développement de solutions numériques pour les entreprises locales. Nous accompagnons des acteurs du commerce, de l’industrie et des services dans leur transformation digitale.

Dans le cadre de notre croissance, nous recherchons un(e) **Développeur(se) Full-Stack** pour renforcer notre équipe technique et participer à la création de nouvelles plateformes web destinées au marché local.

## Vos missions

Au sein de l’équipe technique, vous serez amené(e) à :

- Concevoir et développer de nouvelles fonctionnalités pour nos applications web
- Participer à l’architecture technique des projets
- Maintenir et améliorer les applications existantes
- Collaborer avec les équipes produit et design
- Participer aux revues de code et à l’amélioration continue des bonnes pratiques
- Contribuer à la documentation technique des projets

## Stack technique

Nous utilisons principalement les technologies suivantes :

- **Frontend** : React, TypeScript, TailwindCSS
- **Backend** : Node.js, API REST
- **Base de données** : PostgreSQL
- **DevOps** : Docker, Git, CI/CD
- **Cloud / Infra** : VPS Linux

## Profil recherché

- Bac +3 à Bac +5 en informatique ou expérience équivalente
- Minimum **2 ans d’expérience** en développement web
- Bonne maîtrise de **JavaScript / TypeScript**
- Expérience avec un framework moderne (React, Vue ou Angular)
- Connaissance des bonnes pratiques de développement (Git, tests, code review)
- Autonomie et esprit d’équipe

Une expérience avec **Docker ou les architectures cloud** est un plus.

## Pourquoi nous rejoindre ?

- Projets variés pour des entreprises locales
- Équipe technique passionnée et environnement collaboratif
- Possibilité de télétravail partiel
- Matériel de travail moderne
- Opportunités d’évolution

## Rémunération

- Salaire : **selon profil et expérience**
- Primes sur objectifs
- Tickets restaurant
- Participation aux formations techniques

## Candidature

Envoyez votre CV et une courte lettre de motivation à :

📧 recrutement@pacific-digital.nc

Toutes les candidatures seront étudiées avec attention.",,,,,3f19617c-e1a8-4fda-aecf-1a07bd037ec0,1373257001,IKIGAI,SOCIETE D'EXERCICE LIBERAL A RESPONSABILITE LIMITEE (SELARL),IKIGAI,NOUMEA,3 rue Félix Franchette Val Plaisance,
202604028aeb,Graphiste,1,ACTIVE,E1205,2026-04-12 00:00:00+11:00,NOUMEA,CDI,0,0,0,false,5,true,false,false,2026-04-02 13:04:00+11:00,2026-04-02 13:04:00+11:00,Bachelor Designer UX,Contactez-nous par mail en envoyant votre CV et Lettre de motivation à l'adresse suivante : solarcommnc@gmail.com,,,,,08690e08-4edd-4268-b39c-080757a65aaf,1635465001,SOLAR COMMUNICATION,SOCIETE A RESPONSABILITE LIMITEE (SARL),SOLAR COMMUNICATION,DUMBEA,33 rue de la Havraise,
20260401e5af,Responsable technico-commercial / Responsable technico-commerciale,1,ACTIVE,D1420,2026-06-01 00:00:00+11:00,NOUMEA,CDI,0,6,0,false,7,true,true,false,2026-04-02 10:32:18+11:00,2026-04-02 10:32:18+11:00,ingénieur agro,"Responsable Technique et Commercial 
 – Négoce et Projets de Serres

Nous recrutons un(e) responsable pour piloter notre activité de négoce et de construction de serres et équipements sur le territoire, avec une forte dimension prospective et de maitrise d’œuvre pour les projets de serres et de cultures hors-sol sur le territoire.

Missions :
•	Suivi complet des dossiers clients en cours en lien avec l’assistante commerciale.
•	Gestion et suivi des projets de serres & équipements, de l’étude à la réalisation. 
•	Prospection et développement commercial : consolider et développer la base clients, élargir la gamme de produits. 
•	Assurer l’assistance technique et SAV auprès des clients.
•	Mise en place de stratégie commerciale en lien avec la direction.  
•	Gestion des chantiers : assurer la maîtrise d’œuvre, gestion des sous-traitants. 
•	Suivi analytique des budgets et reporting.
•	Logistique : réception des marchandises, gestion des stocks et approvisionnements, livraison, manutention
•	Encadrement de l’assistante commerciale au comptoir en lien avec la direction. 

Profil recherché :
C’est un poste de responsable polyvalent, idéal pour quelqu’un qui combine fibre commerciale, technicité agronomique spécialisé dans le maraichage, la gestion opérationnelle de projets, capacité à gérer des équipes et rigueur dans la logistique. Autonomie, sens de l’organisation, relations clients et expérience dans le maraichage seront essentiels.

Niveau : BAC+5 minimum
Expérience requise : 5 à 10ans
Compétence : 
•	Agronomique : conseil aux cultures maraichères, dimensionnement projet et calcul de rendement
•	Informatique : Office + CRM  
•	Relations clients & techniques de ventes
•	Organisationnelle : suivi, planification, analyse & reporting 

Envoie des candidatures : direction@agrilogic.nc",,,,,eadf29cb-4eb4-41cc-9729-46f11c03f986,0526384002,AGRI LOGIC SYSTEMES,SOCIETE PAR ACTIONS SIMPLIFIEE (SAS),AGRI LOGIC SYSTEMES,NOUMEA,197 rue Georges Lèques Tina,
202604010660,Comptable général / Comptable générale,1,ACTIVE,M1203,2026-04-02 09:19:14+11:00,NOUMEA,CDI,0,0,0,true,5,true,true,true,2026-04-02 09:18:55+11:00,2026-04-02 09:18:55+11:00,,,,,,,8b3fcdd5-0056-46c9-8747-43568a9c6ed9,0316240001,AGENCE DE BUREAUTIQUE  ET D'INFORMATIQUE,SOCIETE A RESPONSABILITE LIMITEE (SARL),AGENCE DE BUREAUTIQUE  ET D'INFORMATIQUE,NOUMEA,4 route de l'Anse-Vata Quartier Latin,
202603314f23,Secrétaire polyvalent / Secrétaire polyvalente,1,ACTIVE,M1607,2026-04-07 00:00:00+11:00,NOUMEA,CDD,0,0,0,true,5,false,false,false,2026-04-01 09:04:28+11:00,2026-04-01 09:04:28+11:00,BAC + 2,## Mon offre d'emploi,,,,,f10962a2-8e3d-430b-81be-dfd69d526a85,0122507001,MUTUELLE DU NICKEL,ORGANISME GERANT UN REGIME DE PROTECTION SOCIALE A ADHESION OBLIGATOIRE,MUTUELLE DU NICKEL,NOUMEA,2 ter rue Berthelot Doniambo,
20260331da94,Employé polyvalent / Employée polyvalente de libre-service,1,ACTIVE,D1507,2026-04-01 00:00:00+11:00,NOUMEA,CDD,0,3,0,false,SANS_DIPLOME,true,false,false,2026-03-31 20:38:27+11:00,2026-03-31 20:38:27+11:00,,,,,,,17148838-326d-44b8-b1bc-9c5aff85fd2f,1524735001,KIM MARCHÉ,SOCIETE A RESPONSABILITE LIMITEE (SARL),KIM MARCHÉ,NOUMEA,1 rue Ulm PK 7,
202603319320,Coiffeur / Coiffeuse mixte,1,ACTIVE,D1202,2026-04-01 00:00:00+11:00,,CDD,0,0,0,false,,false,false,false,2026-03-31 20:11:40+11:00,2026-03-31 20:11:40+11:00,,"## Mon offre d'emploi

Je suis un texte libre.",,,,,e3437211-f027-492f-8cbf-f7ec699cc4fb,1556422001,H&B,SOCIETE A RESPONSABILITE LIMITEE (SARL),H&B,NOUMEA,79 route de l'Anse-Vata Motor-Pool,
20260331492b,Conseiller / Conseillére d'accueil en banque,4,ACTIVE,C1201,2026-04-13 00:00:00+11:00,NOUMEA,CDD,0,2,0,true,5,true,false,false,2026-03-31 16:21:31+11:00,2026-03-31 16:21:31+11:00,NDRC - MCO,,,,,,a576b14a-47be-4979-b3ce-a087dc91c075,0076232001,SOCIETE GENERALE CALEDONIENNE  DE BANQUE,SA A CONSEIL D'ADMINISTRATION (S.A.I.),SOCIETE GENERALE CALEDONIENNE  DE BANQUE,NOUMEA,44 rue de l'Alma Centre Ville,
202603317adc,Commercial / Commerciale auprés des particuliers,1,ACTIVE,D1403,2026-03-31 15:29:30+11:00,NOUMEA,CDD,0,3,0,false,4,true,false,false,2026-03-31 15:26:34+11:00,2026-03-31 15:26:34+11:00,,"Tu es professionnel(le), dynamique, sportif (ve) et avec un goût prononcé(e) pour les challenges.
Tu es doté(e) d'un excellent relationnel client, tu sais faire preuve de diplomatie.
Tu es pragmatique, débrouillard(e), et partir à la conquête du client te stimule.
Le travail en autonomie ne te fait pas peur, alors ton profil nous intéresse !

Mission:

·         Accueillir les clients prospects et commercialiser les abonnements     
·         Recevoir les adhérents et leur donner les conseils sur l’utilisation des   équipements
·         Gérer les dossiers d’abonnements sur le plan informatique et administratif, ainsi que 
          les relances téléphoniques                 
·         Gérer les demandes de renseignements, prendre les rendez vous     
·         Participer à tous les évènements organisés par le club         
·         Participer à toutes actions commerciales menées en dehors du club     
·         S'assurer en permanence de la propreté et du confort du club et prendre toutes les 
          mesures correctives nécessaires             


Conditions de travail :
                          
·         39h par semaine                 
·         Du lundi au dimanche (avec 2 jours de repos)         
·         Créneaux du matin et du soir en alternance             

Envoyez  votre Lettre de motivation + CV + Photo sur : recrutement@fitnesspark.nc

Ou par courrier à Fitness Park 52 Rue Fernand Forest Ducos, 98800 Noumea",,,,,738636d5-1b85-4309-90e2-db8e47168e6d,1203306003,SOCIETE LOW COST GYM (LCG),SOCIETE A RESPONSABILITE LIMITEE (SARL),FITNESS PARK,NOUMEA,52 rue Fernand Forest Zone Industrielle de Ducos,
20260331bb5b,Logisticien / Logisticienne,1,ACTIVE,N1303,,,CDD,0,6,0,true,5,false,false,false,2026-03-31 13:21:30+11:00,2026-03-31 13:21:30+11:00,BTS,,,,,,f10962a2-8e3d-430b-81be-dfd69d526a85,0122507001,MUTUELLE DU NICKEL,ORGANISME GERANT UN REGIME DE PROTECTION SOCIALE A ADHESION OBLIGATOIRE,MUTUELLE DU NICKEL,NOUMEA,2 ter rue Berthelot Doniambo,
202603312b2f,Chef / Cheffe de création artistique communication multimédia,1,ACTIVE,E1129,2026-04-13 00:00:00+11:00,NOUMEA,CDD,0,6,0,false,4,false,false,false,2026-03-31 12:35:42+11:00,2026-03-31 12:35:42+11:00,,,,,,,167f5c0b-f963-4293-b80c-f31693ad99ad,1569664001,NEOTECH,SOCIETE A RESPONSABILITE LIMITEE (SARL),NEOTECH,NOUMEA,14 rue Dimitri Ignatieff Receiving Villa 26,
202603314cfb,Agent / Agente de cuisine,2,ACTIVE,G1602,,MARE,CDI,0,0,0,true,3,false,false,false,2026-03-31 11:16:51+11:00,2026-03-31 11:16:51+11:00,,,,,,,5560b32b-bf15-44e4-90a1-f4e7afe0df70,1022995001,TAKONE,SOCIETE A RESPONSABILITE LIMITEE (SARL),TAKONE,MARE,Lyo District de Guahma,
2026033144b1,Ouvrier / Ouvriére agricole en production équine,1,ACTIVE,A1403,,MARE,CDI,0,0,0,false,3,false,false,false,2026-03-31 11:05:06+11:00,2026-03-31 11:05:06+11:00,,,,,,,5560b32b-bf15-44e4-90a1-f4e7afe0df70,1022995001,TAKONE,SOCIETE A RESPONSABILITE LIMITEE (SARL),TAKONE,MARE,Lyo District de Guahma,
202603303894,Technicien / Technicienne de maintenance en matériel médical,1,ACTIVE,I1327,2026-03-31 09:50:02+11:00,NOUMEA,CDI,0,0,0,true,5,true,false,false,2026-03-31 09:49:52+11:00,2026-03-31 09:49:52+11:00,BTS,"## Mon offre d'emploi

Veuillez adresser votre candidature à : rh@niusystem.nc",,,,,c5249bbf-f468-4f60-8eac-fa495ba975f6,1294156001,NIUSYSTEM NOUVELLE CALEDONIE,SOCIETE PAR ACTIONS SIMPLIFIEE (SAS),NIUSYSTEM NOUVELLE CALEDONIE,NOUMEA,228 rue Georges Lèques Normandie Parc d'entreprises de Yahoué,
202603305cc2,Serveur / Serveuse de café,1,ACTIVE,G1809,2026-04-20 00:00:00+11:00,NOUMEA,CDD,0,6,0,false,,false,false,false,2026-03-31 09:40:59+11:00,2026-03-31 09:40:59+11:00,Hotellerie restauration,"## Mon offre d'emploi

Nous sommes à la recherche d’un ou d’une barista en temps complets.
Si tu aimes le café et que tu as des notions en Latte art, rejoins notre équipe !",,,,,35562604-caca-4c2e-bfc6-bcfe9eae66cb,1491513001,NIMALIJU,SOCIETE A RESPONSABILITE LIMITEE (SARL),NIMALIJU,NOUMEA,2 rue Georges Guynemer Quartier Latin,
202603309253,Aide-soignant / Aide-soignante en gériatrie,1,ACTIVE,J1501,2026-04-01 00:00:00+11:00,DUMBEA,CDI,0,0,0,true,5,false,false,false,2026-03-30 16:01:06+11:00,2026-03-30 16:01:06+11:00,Aide soignant(e),,,,,,77d59f61-4df5-40fe-a885-9b9f43937a9e,0654913001,LA CORDYLINE,SOCIETE EN NOM COLLECTIF (SNC),LA CORDYLINE,DUMBEA,11 avenue du Lagon Nakutakoin,
202603305870,Infirmier coordinateur / Infirmiére coordinatrice en établissement médico-social,1,ACTIVE,J1510,2026-04-10 00:00:00+11:00,DUMBEA,CDI,0,0,0,false,,false,false,false,2026-03-30 15:52:53+11:00,2026-03-30 15:52:53+11:00,CAFERUIS CAFDES diplôme de cadre de santé/IDE/IDEC,,,,,,77d59f61-4df5-40fe-a885-9b9f43937a9e,0654913001,LA CORDYLINE,SOCIETE EN NOM COLLECTIF (SNC),LA CORDYLINE,DUMBEA,11 avenue du Lagon Nakutakoin,
202603309ad6,Coordinateur / Coordinatrice de soudage,1,ACTIVE,H1404,,NOUMEA,CDD,0,0,0,true,4,false,false,false,2026-03-30 15:45:57+11:00,2026-03-30 15:45:57+11:00,IWT,"Descriptif de poste
Sous la Responsabilité du Directeur le Coordinateur Soudage – Gestionnaire documentaires soudage exerce dans les domaines de la production de l’atelier chaudronnerie et usinage ainsi que sur les chantiers réalisés par l’entreprise, en collaboration avec notre Technicien Soudage COFFREND 2.
Le coordinateur soudage a la charge de contrôler la qualité des ouvrages réalisés mais également de définir les méthodes d’assemblage par soudure. Il doit aussi produire les dossiers qualités à remettre sur les affaires le nécessitant.

Missions
•	Coordonner les activités QAQC des ateliers.
•	Maintenir à jour les bases de données documentaires des cahiers de soudage :
o	QMOS
o	Qualifications Soudeurs
o	DMOS
•	Etablir le cahier des charges des activités de soudure.
•	Rédiger DMOS et procédures de soudage
•	Rédiger les ITP
•	Définir les contrôles à réaliser 
•	Intégrer les rapports du contrôle (CND, Inspection)
•	Rédiger et compiler les dossiers qualité à remettre aux clients.
•	Assurer le respect des normes et standards au sein de l’entreprise.
•	Développer les compétences et formations des soudeurs.
•	Assurer une expertise technique dans l’entreprise
•	Apporter des solutions techniques
•	Réaliser un plan qualité
•	Déterminer les évolutions et améliorations d’un démarche qualité
•	Sensibiliser le public à une démarche qualité

Compétences
•	Connaissances avérées en chaudronnerie, soudure et qualité
•	Connaissances avérées en Norme de soudage
•	Lecture de plan 
•	Connaissances avérées des procédés de soudage
•	Gestion documentaire technique
•	Maitrise des outils bureautique et informatique

Aptitudes
•	Aime le travail d’équipe et la polyvalence
•	Rigueur, Organisation Méthode, souci de la qualité du travail produit dans l’exécution des tâches confiées
•	Dynamisme et réactivité
•	Compréhension d’un environnement et adaptation aux évolutions organisationnelles
•	Force de proposition pour amélioration du service
•	Capaciter d’initiative et de rendre des comptes

Profil recherché 
•	Formation : IWT
•	Expérience : 5 ans",,,,,51d98a0b-262d-48c2-aa23-86de487b2710,0746636001,SOCIETE DES ATELIERS DE MECANIQUE ET DE CHAUDRONNERIE,SOCIETE A RESPONSABILITE LIMITEE (SARL),SOCIETE DES ATELIERS DE MECANIQUE ET DE CHAUDRONNERIE,NOUMEA,15-17 rue Auer Zone Industrielle de Ducos Lot 348 zone industrielle de ducos,
20260330326e,Assistant maternel agréé / Assistante maternelle agréée,1,ACTIVE,K1310,2026-04-01 00:00:00+11:00,NOUMEA,CDD,0,9,0,true,,false,false,false,2026-03-30 15:37:02+11:00,2026-03-30 15:37:02+11:00,CAP PETITE ENFANCE,"Assistante maternelle    
Recherche une assistante maternelle pour un temps partiel, durant les temps périscolaire : mercredi après-midi et vacances scolaires. La personne doit être diplomée. Une forte expérience avec les enfants de 2 à 6 ans est exigée, un savoir faire indispensable à la profession, un savoir être au coté des enfants exigé. Un très bon relationnel avec les enfants et les familles est indispensable. Le candidat doit se sentir à l'aise avec l'anglais, de bonnes notions sont attendus.",,,,,8eb0b48f-d79a-4f47-a5c3-b0d6337110dd,1548932001,KINDY SCHOOL,SOCIETE A RESPONSABILITE LIMITEE (SARL),KINDY SCHOOL,NOUMEA,16 rue Charles Péguy Orphelinat,
202603301adc,Superviseur / Superviseuse de centre d'appels,1,ACTIVE,D1435,2026-04-06 00:00:00+11:00,NOUMEA,CDD,0,1,0,false,5,false,false,false,2026-03-30 15:07:32+11:00,2026-03-30 15:07:32+11:00,,,,,,,d63c25cc-8ad3-4033-83c3-2bba05526e09,1441377001,DRING,SOCIETE A RESPONSABILITE LIMITEE (SARL),DRING,NOUMEA,9 rue du Pasteur Maurice Leenhardt Anse Vata,
20260330be59,Infirmier / Infirmiére en gériatrie,1,ACTIVE,J1506,2026-04-01 00:00:00+11:00,DUMBEA,CDI,0,0,0,false,6,true,true,true,2026-03-30 14:53:17+11:00,2026-03-30 14:53:17+11:00,IDE infirmier diplômé d'État,,,,,,77d59f61-4df5-40fe-a885-9b9f43937a9e,0654913001,LA CORDYLINE,SOCIETE EN NOM COLLECTIF (SNC),LA CORDYLINE,DUMBEA,11 avenue du Lagon Nakutakoin,
202603306b76,Assistant administratif / Assistante administrative,1,ACTIVE,M1607,2026-04-01 00:00:00+11:00,NOUMEA,CDD,0,-3,0,false,5,true,false,false,2026-03-30 12:31:42+11:00,2026-03-30 12:31:42+11:00,,"CDD de 3 mois minimum.
Contact : rh@agedornc.nc",,,,,9325ee92-d084-4b08-b092-5bc7752237cc,1452135001,AIDE A DOMICILE NC,SOCIETE A RESPONSABILITE LIMITEE (SARL),AIDE A DOMICILE NC,NOUMEA,13 rue du Docteur Guégan Quartier Latin,
2026033073b4,Employé / Employée de bureau,4,ACTIVE,M1602,2026-04-02 00:00:00+11:00,NOUMEA,CDD,0,0,0,false,,true,false,false,2026-03-30 11:18:45+11:00,2026-03-30 11:18:45+11:00,,Employé(e) de bureau au tribunal de première instance de Nouméa.,,,,,58d4c3b6-7d55-430b-b220-06bb81085819,0131581001,COUR D'APPEL DE NOUMEA,ADMINISTRATION DE L'ETAT,COUR D'APPEL DE NOUMEA,NOUMEA,2 BOULEVARD EXTERIEUR FAUBOURG BLANCHOT,
20260329409a,Ouvrier / Ouvriére agricole,1,ACTIVE,A1419,2026-04-15 00:00:00+11:00,BOULOUPARIS,INTERMITTENT/SAISONNIER,0,6,0,false,,true,false,false,2026-03-30 09:08:26+11:00,2026-03-30 09:08:26+11:00,,"## Ouvrier agricole polyvalent

Recherche sur Boulouparis, 
1 ouvrier agricole polyvalent pour effectuer l'entretien des parcelles et des plantations. 
Attestation Certiphyto NC1 souhaitée avec une expérience professionnelle de 6 mois minimum.
Emploi en TESA, puis CDD et CDI .
Lieu de travail Boulouparis",,,,,477152d5-4207-49a5-a5b3-27adcb1088d7,1011535001,SCEA JUMO,SOCIETE CIVILE D'EXPLOITATION AGRICOLE (SCEA),SCEA JUMO,BOULOUPARIS,Lot 9 Lotissement Jumo Valley,
2026032782b0,Auxiliaire de gériatrie,1,ACTIVE,K1306,,,,0,0,0,false,,false,false,false,2026-03-28 09:23:43+11:00,2026-03-28 09:23:43+11:00,,,,,,,b1f0f3b3-2fb6-4028-b820-a7025f67e09b,,,,,,,
20260327be73,Assistant notarial / Assistante notariale,1,ACTIVE,K1902,2026-04-01 00:00:00+11:00,,ALTERNANCE,0,9,0,false,5,false,false,false,2026-03-27 11:46:44+11:00,2026-03-27 11:46:44+11:00,,,,,,,5c33e138-5d24-4bf7-88b5-5c5e58f1fe25,0569137001,OFFICE NOTARIAL ELISA MOUGEL ET STEPHANIE LAUBREAUX,AUTRE SOCIETE CIVILE PROFESSIONNELLE,OFFICE NOTARIAL ELISA MOUGEL ET STEPHANIE LAUBREAUX,NOUMEA,3 rue Ernest Massoubre Orphelinat Immeuble Le Konéva,
20260327d0b1,Assistant notarial / Assistante notariale,1,ACTIVE,K1902,2026-04-01 00:00:00+11:00,NOUMEA,CDD,0,3,0,false,5,false,false,false,2026-03-27 11:43:07+11:00,2026-03-27 11:43:07+11:00,,,,,,,5c33e138-5d24-4bf7-88b5-5c5e58f1fe25,0569137001,OFFICE NOTARIAL ELISA MOUGEL ET STEPHANIE LAUBREAUX,AUTRE SOCIETE CIVILE PROFESSIONNELLE,OFFICE NOTARIAL ELISA MOUGEL ET STEPHANIE LAUBREAUX,NOUMEA,3 rue Ernest Massoubre Orphelinat Immeuble Le Konéva,
202603274bc1,Employé / Employée de maison,2,ACTIVE,K1304,2026-04-01 00:00:00+11:00,NOUMEA,CDI,0,0,0,true,,true,false,false,2026-03-27 11:42:38+11:00,2026-03-27 11:42:38+11:00,Diplôme Hygiène Propreté Stérilisation,,,,,,7c43a823-e6cb-4768-ada0-58e88dbcaddb,0870337007,ASSOCIATION DE COOPERATION SOCIALE ET MEDICO-SOCIALE DU CENTRE HOSPITALIER SPECIALISE ALBERT BOUSQUET,ASSOCIATION LOI 1901 OU ASSIMILE,MAISON D'ACCUEIL SPECIALISEE HANDICAPS A GRANDE DEPENDANCE,NOUMEA,42 rue Eschembrenner Ile Nou LE PARADOU  MAS HGD ACSMS,
202603272b92,Aide-soignant / Aide-soignante en gériatrie,6,ACTIVE,J1501,2026-04-01 00:00:00+11:00,NOUMEA,CDI,0,0,0,true,,true,false,false,2026-03-27 11:31:27+11:00,2026-03-27 11:31:27+11:00,Aide soignante,,,,,,7c43a823-e6cb-4768-ada0-58e88dbcaddb,0870337007,ASSOCIATION DE COOPERATION SOCIALE ET MEDICO-SOCIALE DU CENTRE HOSPITALIER SPECIALISE ALBERT BOUSQUET,ASSOCIATION LOI 1901 OU ASSIMILE,MAISON D'ACCUEIL SPECIALISEE HANDICAPS A GRANDE DEPENDANCE,NOUMEA,42 rue Eschembrenner Ile Nou LE PARADOU  MAS HGD ACSMS,
20260327391c,Ingénieur / Ingénieure d'installations miniéres,1,ACTIVE,F1203,2026-04-15 00:00:00+11:00,NOUMEA,CDD,0,2,0,false,7,true,false,false,2026-03-27 11:17:52+11:00,2026-03-27 11:17:52+11:00,,"Nous recherchons activement un Chef de Projets Miniers Senior H/F afin d’agrandir nos équipes et travailler sur des projets miniers d’envergure.

Dans ce cadre, vous aurez à :

	Faire respecter les règles de sécurité réglementaires, ainsi que les bonnes pratiques, en matière d’hygiène, de sécurité et d’environnement en vigueur dans le groupe.
	Assurer les différents reporting 
	Assurer la planification et l’organisation des projets en cours dans un esprit de mentorat avec les jeunes ingénieurs projets du site.
	Participer a la formation et au support de l’équipe Projets Mines",,,,,6cdc135e-f505-4aa7-8c74-3463195cbdc4,1327352001,EASY SKILL,SOCIETE PAR ACTIONS SIMPLIFIEE (SAS),EASY SKILL,NOUMEA,24 rue de la République Centre Ville,
202603261d85,Accompagnateur médicosocial / Accompagnatrice médicosociale,4,ACTIVE,K1301,2026-04-01 00:00:00+11:00,NOUMEA,CDI,0,0,0,true,,true,false,false,2026-03-27 09:58:15+11:00,2026-03-27 09:58:15+11:00,Diplôme d'accompagnateur d'automie à la personnne,,,,,,7c43a823-e6cb-4768-ada0-58e88dbcaddb,0870337007,ASSOCIATION DE COOPERATION SOCIALE ET MEDICO-SOCIALE DU CENTRE HOSPITALIER SPECIALISE ALBERT BOUSQUET,ASSOCIATION LOI 1901 OU ASSIMILE,MAISON D'ACCUEIL SPECIALISEE HANDICAPS A GRANDE DEPENDANCE,NOUMEA,42 rue Eschembrenner Ile Nou LE PARADOU  MAS HGD ACSMS,
202603268b46,Vendeur / Vendeuse en produits multimédia,1,ACTIVE,D1212,2026-04-01 00:00:00+11:00,NOUMEA,CDD,0,0,0,false,4,false,false,false,2026-03-27 09:58:02+11:00,2026-03-27 09:58:02+11:00,,"Missions :
•	Accueil et conseil de la clientèle
•	Accueil téléphonique
•	Facturation et gestion des stocks
•	Tenue caisses
•	Réassort magasin

Profil :
•	Bonne présentation
•	Connaissances en informatique
•	Connaissance du logiciel Stock XL
•	Motivé(e), organisé(e), sens des responsabilités
•	Expérience dans la vente en multimédia
•	Permis + véhicule",,,,,4886c642-0bbe-4aec-b871-0b27747a484e,0884551001,MOBILE CITY,SOCIETE A RESPONSABILITE LIMITEE (SARL),MOBILE CITY,NOUMEA,25 bis rue Jean Jaurès Centre Ville,
20260326afca,Gestionnaire compte entreprise en assurances,1,ACTIVE,C1109,2026-03-27 07:09:21+11:00,LA FOA,CDI,0,0,0,false,5,true,false,false,2026-03-27 07:09:01+11:00,2026-03-27 07:09:01+11:00,,"Le Groupe CEA recrute !!!!
Gestionnaire IARD / SINISTRES expérimentés (H/F) pour renforcer ses équipes locales.
👤Profil recherché :
- Formation Bac+2 minimum en assurance, gestion ou équivalent
- Une première expérience dans le domaine
📍Poste basé à Nouméa – Boulari – La Foa

Pour postuler, envoyez directement votre candidature à :
laureen.vincent@cea-assurances.nc",,,,,b1c9de60-fd1a-4ae7-afd6-4222d4e8c405,0546796001,CENTRE D'ETUDES D'ASSURANCES NOUMEA,SOCIETE PAR ACTIONS SIMPLIFIEE (SAS),CENTRE D'ETUDES D'ASSURANCES NOUMEA,NOUMEA,29 avenue de la Victoire Centre Ville,
20260326b1d3,Infirmier / Infirmiére d'entreprise,1,ACTIVE,J1512,2026-04-01 00:00:00+11:00,,CDI,0,0,0,true,,false,false,false,2026-03-26 16:07:47+11:00,2026-03-26 16:07:47+11:00,Diplôme d'Etat d'Infirmier,,,,,,b8da902e-7e9e-4b6e-8207-7aa503de1070,0726232001,CALEDONIE SANTE,SOCIETE PAR ACTIONS SIMPLIFIEE (SAS),CALEDONIE SANTE,DUMBEA,56 boulevard Joseph Wamytan,
20260326467f,Psychologue clinicien / Psychologue clinicienne,1,ACTIVE,K1104,2026-06-25 00:00:00+11:00,,CDD,21,0,0,true,7,true,false,false,2026-03-26 15:48:20+11:00,2026-03-26 15:48:20+11:00,"Master en psychologie, spécialité psychologie clinique","Les candidatures (CV détaillé à jour, lettre de motivation et diplômes) sont à transmettre par mail uniquement à l’adresse suivante : 
📧 rh@cssr.nc",,,,,b8da902e-7e9e-4b6e-8207-7aa503de1070,0726232001,CALEDONIE SANTE,SOCIETE PAR ACTIONS SIMPLIFIEE (SAS),CALEDONIE SANTE,DUMBEA,56 boulevard Joseph Wamytan,
202603265138,Chauffeur-magasinier / Chauffeuse-magasiniére,1,ACTIVE,N4120,2026-04-01 00:00:00+11:00,NOUMEA,CDD,0,2,0,false,,true,false,false,2026-03-26 13:03:21+11:00,2026-03-26 13:03:21+11:00,,"## Mon offre d'emploi

Temps partiel de 20h par semaine",,,,,2ebf0f06-92b7-410d-90df-36b916a97e72,1632546001,ANIMALIA IMPORT,SOCIETE A RESPONSABILITE LIMITEE (SARL),ANIMALIA IMPORT,NOUMEA,2 rue Claude Bernard Zone Industrielle de Ducos LOT 3,
20260326fdca,Administrateur / Administratrice systémes et réseaux,1,ACTIVE,M1801,2026-03-26 11:40:45+11:00,NOUMEA,CDI,0,0,0,true,6,false,false,false,2026-03-26 11:40:38+11:00,2026-03-26 11:40:38+11:00,,,,,,,8b3fcdd5-0056-46c9-8747-43568a9c6ed9,0316240001,AGENCE DE BUREAUTIQUE  ET D'INFORMATIQUE,SOCIETE A RESPONSABILITE LIMITEE (SARL),AGENCE DE BUREAUTIQUE  ET D'INFORMATIQUE,NOUMEA,4 route de l'Anse-Vata Quartier Latin,
2026032688d8,Technicien / Technicienne réseau et maintenance,1,ACTIVE,M1816,2026-03-26 11:38:21+11:00,NOUMEA,CDI,0,0,0,true,5,false,false,false,2026-03-26 11:38:12+11:00,2026-03-26 11:38:12+11:00,,,,,,,8b3fcdd5-0056-46c9-8747-43568a9c6ed9,0316240001,AGENCE DE BUREAUTIQUE  ET D'INFORMATIQUE,SOCIETE A RESPONSABILITE LIMITEE (SARL),AGENCE DE BUREAUTIQUE  ET D'INFORMATIQUE,NOUMEA,4 route de l'Anse-Vata Quartier Latin,
20260326aab6,Technicien / Technicienne informatique,1,ACTIVE,M1810,2026-03-26 11:34:39+11:00,,CDI,0,0,0,false,5,true,true,true,2026-03-26 11:34:32+11:00,2026-03-26 11:34:32+11:00,,,,,,,8b3fcdd5-0056-46c9-8747-43568a9c6ed9,0316240001,AGENCE DE BUREAUTIQUE  ET D'INFORMATIQUE,SOCIETE A RESPONSABILITE LIMITEE (SARL),AGENCE DE BUREAUTIQUE  ET D'INFORMATIQUE,NOUMEA,4 route de l'Anse-Vata Quartier Latin,
20260325c3b4,Développeur / Développeuse full-stack,1,ACTIVE,M1855,2026-03-31 00:00:00+11:00,NOUMEA,CDI,0,0,0,true,7,false,false,false,2026-03-26 10:11:40+11:00,2026-03-26 10:11:40+11:00,Ingénieur informatique,"# Développeur Full-Stack (H/F)
📍 Nouméa, Nouvelle-Calédonie  
📅 CDI – Temps plein  
💻 Télétravail partiel possible

## À propos de l’entreprise

**Pacific Digital Solutions** est une entreprise calédonienne spécialisée dans le développement de solutions numériques pour les entreprises locales. Nous accompagnons des acteurs du commerce, de l’industrie et des services dans leur transformation digitale.

Dans le cadre de notre croissance, nous recherchons un(e) **Développeur(se) Full-Stack** pour renforcer notre équipe technique et participer à la création de nouvelles plateformes web destinées au marché local.

## Vos missions

Au sein de l’équipe technique, vous serez amené(e) à :

- Concevoir et développer de nouvelles fonctionnalités pour nos applications web
- Participer à l’architecture technique des projets
- Maintenir et améliorer les applications existantes
- Collaborer avec les équipes produit et design
- Participer aux revues de code et à l’amélioration continue des bonnes pratiques
- Contribuer à la documentation technique des projets

## Stack technique

Nous utilisons principalement les technologies suivantes :

- **Frontend** : React, TypeScript, TailwindCSS
- **Backend** : Node.js, API REST
- **Base de données** : PostgreSQL
- **DevOps** : Docker, Git, CI/CD
- **Cloud / Infra** : VPS Linux

## Profil recherché

- Bac +3 à Bac +5 en informatique ou expérience équivalente
- Minimum **2 ans d’expérience** en développement web
- Bonne maîtrise de **JavaScript / TypeScript**
- Expérience avec un framework moderne (React, Vue ou Angular)
- Connaissance des bonnes pratiques de développement (Git, tests, code review)
- Autonomie et esprit d’équipe

Une expérience avec **Docker ou les architectures cloud** est un plus.

## Pourquoi nous rejoindre ?

- Projets variés pour des entreprises locales
- Équipe technique passionnée et environnement collaboratif
- Possibilité de télétravail partiel
- Matériel de travail moderne
- Opportunités d’évolution

## Rémunération

- Salaire : **selon profil et expérience**
- Primes sur objectifs
- Tickets restaurant
- Participation aux formations techniques

## Candidature

Envoyez votre CV et une courte lettre de motivation à :

📧 recrutement@pacific-digital.nc

Toutes les candidatures seront étudiées avec attention.",,,,,cdadf64b-8c5f-4c4f-84d2-af33f4a1a12f,1401660001,IKIGAI,SOCIETE A RESPONSABILITE LIMITEE (SARL),IKIGAI,NOUMEA,112 promenade Pierre Vernier N'Géa,
20260325ebf8,Cariste d'entrepét,1,ACTIVE,N1101,2026-03-25 00:00:00+11:00,,CDD,0,3,0,false,,false,false,false,2026-03-25 16:16:30+11:00,2026-03-25 16:16:30+11:00,,Merci d'envoyer vos canditatures à resp.exploitation@frigodom.nc.,,,,,55855c7f-b5e8-4b94-a30e-431b0548e9de,1295484001,FRIGODOM NC,SOCIETE A RESPONSABILITE LIMITEE (SARL),FRIGODOM NC,PAITA,Lots 24 et 513 allée du Palladium ZIPAD Lot Domaine Paddon,
20260325a060,Vendeur / Vendeuse en véhicules industriels,1,ACTIVE,D1421,2026-04-30 00:00:00+11:00,NOUMEA,CDI,0,0,0,false,4,true,true,false,2026-03-25 15:27:50+11:00,2026-03-25 15:27:50+11:00,COMMERCE,,,,,,d0bdad8d-83b6-4d43-8ae2-85cc0e0f2dfd,0560276001,SUPERCAL EQUIPEMENT SARL,SOCIETE A RESPONSABILITE LIMITEE (SARL),SUPERCAL EQUIPEMENT SARL,NOUMEA,190 rue Jacques Iékawé PK 4,
20260325b1f4,Chauffeur / Chauffeuse de bus,4,ACTIVE,N4103,2026-03-25 15:09:05+11:00,MARE,CDD,0,4,0,false,,false,false,false,2026-03-25 15:08:36+11:00,2026-03-25 15:08:36+11:00,,,,,,,14cfe45a-67e1-4b07-850d-708766edefae,0218289001,WATRUARA,SOCIETE A RESPONSABILITE LIMITEE (SARL),WATRUARA,MARE,Bone,
202603255a8e,Responsable technique d'atelier carrosserie,1,ACTIVE,I1610,2026-04-15 00:00:00+11:00,PAITA,CDI,0,0,0,false,,true,false,false,2026-03-25 14:52:24+11:00,2026-03-25 14:52:24+11:00,,"## Mon offre d'emploi

Je suis un texte libre.",,,,,640317b7-22d0-49f2-98fc-8f75bec57b83,1653427001,CRISTAL AUTO,SOCIETE A RESPONSABILITE LIMITEE (SARL),CRISTAL AUTO,PAITA,Lotissement ZIZA  Lot 4,
2026032513a5,Contréleur / Contréleuse de gestion financiére,1,ACTIVE,M1204,2026-06-01 00:00:00+11:00,,CDI,0,0,0,true,6,true,false,false,2026-03-25 13:42:03+11:00,2026-03-25 13:42:03+11:00,,"## Mon offre d'emploi

Je suis un texte libre.",,,,,d2a32077-1d0e-424e-a4e9-1d66f3429dfa,0765917001,K.I. SERVICES SARL,SOCIETE A RESPONSABILITE LIMITEE (SARL),K.I. SERVICES SARL,DUMBEA,Koutio Centre Pascal Picou Kénu In,
202603242d8d,Second / Seconde de cuisine,1,ACTIVE,G1609,2026-04-01 00:00:00+11:00,NOUMEA,CDD,0,0,0,true,4,true,false,false,2026-03-25 10:25:01+11:00,2026-03-25 10:25:01+11:00,Bac pro restauration,"## Mon offre d'emploi

Restaurant sur place et à emporter situé à Ducos, nous recherchons un second de cuisine en capacité de manager une équipe, de maîtriser toutes les compétences et techniques de préparation et de cuisson du froid et de chaud. Une connaissance de la asiatique est désirée mais aussi la parfaite maîtrise de la cuisson des viandes et du poisson. Des connaissances en patisserie seraient un plus. Réponses par mail à surabaya.nc@gmail.com",,,,,64dfd7f0-7160-42c8-ae5f-5a916c3ecba1,1117118001,SURABAYA SARL,SOCIETE A RESPONSABILITE LIMITEE (SARL),SURABAYA SARL,NOUMEA,30 route de la Baie des Dames Rue José Casaroli Lot 721 Imm.Centre Local B13 TerrassB03,
20260324e229,Caissier / Caissiére pompiste,4,ACTIVE,D1505,2026-04-01 00:00:00+11:00,NOUMEA,CDI,0,0,0,false,SANS_DIPLOME,false,false,false,2026-03-25 09:36:10+11:00,2026-03-25 09:36:10+11:00,,,,,,,cc993e36-dc90-4ac3-9282-81dd43b811c7,1184514001,CAP2M,SOCIETE A RESPONSABILITE LIMITEE (SARL),CAP2M,NOUMEA,204 rue Jacques Iékawé PK 4,
2026032438b2,Chargé / Chargée de mission marketing,1,ACTIVE,M1705,2026-04-01 00:00:00+11:00,NOUMEA,CDI,0,0,0,true,6,true,false,false,2026-03-25 08:08:46+11:00,2026-03-25 08:08:46+11:00,​Bac+3/5 en Marketing ou dans un domaine d'études connexe,"Le candidat idéal sera chargé de la création et de la diffusion efficace du contenu marketing.
Vous nous aiderez à établir une présence de l’enseigne et se son réseau grâce à des offres promotionnelles innovantes, des campagnes marketing en ligne et hors ligne, ainsi que des événements promotionnels.
​Vous collaborerez avec l'équipe commerciale pour vous assurer que vos initiatives marketing soutiennent leurs efforts de vente. Enfin, vos capacités d'analyse vous permettront de suivre et de rendre compte du succès de vos actions marketing.

**Responsabilités
- Renforcer les relations avec nos clients et les partenaires de l'entreprise
- Planifier et exécuter les campagnes et les événements
- Suivre, analyser et rapporter les résultats de ces campagnes et événements
- ​Créer du contenu marketing pour les supports numériques (online) et physiques (offline)
- Soutenir l'équipe commerciale en fournissant du contenu et des campagnes marketing qui favorisent la conclusion des ventes

**Compétences techniques requises
Outils de création graphique :** Maîtrise de la suite Adobe (Photoshop, InDesign) ou d'outils de design collaboratif comme  Canva pour la création de visuels et de bannières promotionnelles.
​**Gestion du site marchand :** Mise à jour quotidienne du catalogue, optimisation des fiches produits et animation commerciale du site (ventes flash, bannières, codes promos).
SEO & Rédaction Web : Maîtrise de l'optimisation pour les moteurs de recherche (mots-clés, balises meta, maillage interne) afin d'attirer du trafic organique qualifié.
​**Publicité Digital (SEA & Social Ads) :** Capacité à gérer des campagnes payantes sur Google Ads et Meta Ads (Facebook/Instagram) pour générer des ventes directes.",,,,,d75654db-2eff-4ef6-ba1e-13e7fd005f13,0441998001,SOCIETE D'EXPLOITATION DUCOS QUINCAILLERIE,SOCIETE PAR ACTIONS SIMPLIFIEE (SAS),SOCIETE D'EXPLOITATION DUCOS QUINCAILLERIE,NOUMEA,14 rue Ampère Zone industrielle de Ducos,
202603242f17,Coordonnateur / Coordonnatrice de service social,1,ACTIVE,K1201,2026-06-15 00:00:00+11:00,MONT-DORE,CDI,0,6,0,true,5,true,false,false,2026-03-25 07:41:58+11:00,2026-03-25 07:41:58+11:00,Secteur médico social,"Coordinateur / trice 

Sous l'autorité de la Direction, 

MISSIONS PRINCIPALES

•	Participer aux équipes éducatives et établissement du compte-rendu correspondant ;
•	Assurer le lien entre les équipes des AVS et du bureau à la Direction et faire remonter les éléments ; 
•	Recevoir les familles, analyser leur demande ;
•	Effectuer les visites à domicile auprès des bénéficiaires et établissement du compte-rendu correspondant ;
•	Mettre à jour des tableaux, suivi des bénéficiaires, suivi des accompagnatrices de vie, suivi des réunions ;
•	Participer à l’organisation des réunions et établissement des compte-rendu correspondant ;
•	Echanger et communiquer le fruit de son travail à la hiérarchie ;
•	Gestion des affectations des accompagnateurs de vie auprès du public en situation de handicap ou de dépendance (Enfants et Adultes) ;
•	Vérification des tableaux de suivi mensuels ;
•	Gestion et suivi des recrutements sous couvert de la Direction ;
•	Suivi des nouveaux embauchés ;
•	Gestion des entretiens de régulation sous couvert de la Direction ;
•	Participer à la création d’outils à destination des AVS ;
•	Mise à jour des fiches de poste des AVS après validation de la Direction ;
•	Animation de projets avec les AVS après validation de la Direction ; 
•	Tâches déléguées par la direction.	


MISSIONS ANNEXES
•	Accueil physique et téléphonique du public 

COMPÉTENCES REQUISES
•	Connaissance du milieu du handicap et/ou des structures médico-sociales ;
•	Connaissance des outils de gestion administrative, 
•	Bonne maîtrise du pack office (word, excel, outlook) 
•	Maîtrise du SIRH – So’Horsys serait un plus
•	Bonne connaissance du fonctionnement de l’AVA, des processus internes ; serait un plus  

QUALIFICATIONS
•	Bac +2 dans le domaine médico-social, socio-éducatif ou paramédical 
•	Connaissance du métier d’Accompagnement de Vie serait un plus.

QUALITÉS
•	Rigueur, organisation et méthodologie ;
•	Adaptabilité ;
•	Sens des relations humaines et bienveillance ;
•	Sens de l’accueil et de l’écoute ; 
•	Disponibilité et discrétion ;
•	Esprit d’initiative, esprit d’équipe.

CRITÈRES ABSOLUS
•	Permis B avec véhicule obligatoire.
•	Déplacements fréquents",,,,,678ea017-f99e-42ec-a0d7-a54429f94d70,1092428001,ACCOMPAGNEMENT VERS L'AUTONOMIE (A.V.A.),ASSOCIATION LOI 1901 OU ASSIMILE,ACCOMPAGNEMENT VERS L'AUTONOMIE (A.V.A.),MONT-DORE,42 rue du Cirque Robinson,
2026032404db,Régisseur / Régisseuse de recettes,1,ACTIVE,K1504,2026-04-01 00:00:00+11:00,NOUMEA,CDD,0,3,0,false,SANS_DIPLOME,true,false,false,2026-03-25 07:25:11+11:00,2026-03-25 07:25:11+11:00,,"Entreprise de service d'une quarantaine de personnes, située à Nouméa recrute Agent polyvalent - Régisseur en (H, F), qui seront sous l’autorité du régisseur principal.
CDD de 3 mois à pourvoir à compter du 1er avril 2026 à temps partiel 32h/semaine (remplacement congés maternité)

Missions / activités :
-	Encaisser les recettes journalières ;
-	Accueillir et renseigner le public 
-	Contrôler les entrées ;
-	Mettre à jour les différents supports d’information des usagers ;
-	Procéder aux inscriptions des usagers (cours, réservation…) ;
-	Gérer les moyens d’accès ;
-	Assurer toutes missions susceptibles d’être en lien avec le rôle du régisseur.

Connaissances requises :
-	Logiciel de traitement de texte et tableur souhaité ;
-	Aptitudes au calcul mental ;
-	Rapidité d’exécution ;
-	Connaissance de l’outil informatique de messagerie, site internet…

Qualités requises :
-	Bonne présentation
-	Confidentialité et responsabilité 
-	Sens de la communication et du contact avec le public
-	Dialogue et médiation
-	Assiduité et ponctualité
-	Disponibilité et adaptabilité

Expérience souhaitée en responsabilité accueil et gestion de caisse
Horaires et amplitudes variable (weekend et jours fériés selon horaire ouverture)

Adresser CV + lettre de motivation à l'adresse suivante : 

recrutement.drvgf@gmail.com",,,,,caf32d1f-cb46-4315-9f3f-a5d5eee3b110,1502152001,VIGIFONDS,SOCIETE A RESPONSABILITE LIMITEE (SARL),VIGIFONDS,NOUMEA,9 rue Dame Lechanteur Orphelinat Résidence Roma Nuova,
2026032497f8,Analyste développeur / Analyste développeuse,1,ACTIVE,M1805,2026-07-01 00:00:00+11:00,NOUMEA,CDIC,0,0,5,true,7,true,false,false,2026-03-24 18:11:49+11:00,2026-03-24 18:11:49+11:00,,"## Dev Senior – RPG / Adelia (H/F)
**GIE SINAPSE – Mission en régie au sein des équipes CAFAT**

---

## Contexte

La CAFAT engage une transformation progressive et sécurisée de son système d'information, cadrée par un **SDSI pluriannuel**.

Le **GIE SINAPSE** est l'un des moyens structurants de cette trajectoire, en particulier pour la **refonte du SI recouvrement**, des parcours des Travailleurs Indépendants et des Employeurs, et de certaines briques transverses du SI CAFAT.

Dans ce nouveau contexte, le GIE SINAPSE met à disposition des **ressources en régie** qui viendront travailler au cœur des équipes CAFAT afin d'augmenter sa capacité à faire nécessaire à la réalisation de ses missions et à la transformation du SI.

---

## Mission

En tant que **Dev Senior – RPG/Adelia**, vous intervenez sur le maintien en conditions opérationnelles du SI Legacy (correctif et évolutif) et/ou sur les projets.

Votre rôle est de :

- **Sécuriser et faire évoluer l'existant** Adelia/RPG, au gré des besoins de la CAFAT,
- **Développer les correctifs et évolutions** dans le cadre de la MCO ou des projets,
- Concevoir et réaliser les **adaptations applicatives** nécessaires conformément aux directives d'industrialisation et d'urbanisation,
- Rédiger les spécifications techniques liées à vos développements,
- Assurer la **cohérence, la qualité et la maintenabilité** des solutions livrées,
- Contribuer à la modernisation **sans porter l'architecture cible globale**.

---

## Positionnement

**Rattachement :**
- Hiérarchique : GIE SINAPSE
- Opérationnel : DSI CAFAT *(Service Développement)*

**Période de montée en connaissance :**
- En binômage ou mentorat avec un homologue CAFAT dans son activité projet et MCO.

---

## Responsabilités clés

### Développements et livrables

- Concevoir et développer les modifications nécessaires sur les applications **Adelia/RPG** existantes (interfaces, flux, données)
- Documentation technique à chaque livraison
- Procédure destinée aux équipes de mise en production
- Travailler en **coopération** avec les autres développeurs CAFAT

### Qualité, MCO et capitalisation

- Garantir la **pérennité et la maintenabilité** des solutions développées
- Analyser et traiter les demandes issues du MCO lorsque nécessaire
- Documenter systématiquement et contribuer à la **capitalisation des connaissances**

### Ouverture & modernisation pragmatique

- Exposer et consommer des **API orientées métier**
- Participer à des **POC ciblés** lorsque utiles aux projets
- Être force de proposition pour améliorer les pratiques

---

## Compétences

### Compétences indispensables

- Expertise confirmée en **Adelia / RPG (4GL) / Web Adelia** sur systèmes critiques
- Solide expérience en **intégration applicative** (interfaces, flux, données)
- Capacité à **sécuriser, diagnostiquer et faire évoluer un legacy** dans un contexte contraint
- Sens du collectif et rigueur documentaire

### Compétences appréciées (ou appétences)

- API REST
- Connaissance des bases de données relationnelles et SQL
- Environnements N-tiers, serveurs d'applications
- Méthodes Agile (Scrum / pragmatique)

### Soft-skills

Excellentes capacités relationnelles fondées sur :
- **Vision** : approche non dogmatique, pragmatique et orientée efficience
- **Action** : curiosité technique, créativité et proactivité dans la recherche de solutions
- **Interaction** : diplomatie, ouverture d'esprit et humilité dans la collaboration avec les équipes

---

## Environnement technique *(pour information)*
| Domaine | Technologies |
|---|---|
| Architectures | Legacy monolithe, monolithes de domaine, microservices |
| Langages | RPG, L4g, Java, JBoss, JavaScript / TypeScript, Groovy, SQL |
| Frameworks | Adelia, Spring Boot, Angular |
| CI/CD & outillage | Git/BitBucket, Maven, Jenkins, Sonar, Docker, Nexus |
| Middleware | BPMS (Bonita, Camunda), MOM (ActiveMQ), API |
| Bases de données | DB2, PostgreSQL |
| Méthodes | Agile (Scrum, Kanban), Jira |
| Urbanisation | BPM/BAM, MDM, BI… |

---

## Contrat & conditions

- **Contrat** : GIE SINAPSE (CDI de chantier 5 ans)
- **Localisation** : Nouméa – mission exercée au sein des équipes CAFAT
- **Rémunération** : attractive selon profil, accompagnement à la prise de poste

---

## Référentiel & niveau

- **Positionnement** : proche Cigref 3.4 – Intégrateur d'applications senior
- **Profil** : senior confirmé avec expérience significative legacy
- **Statut** : cadre

---

## Pourquoi rejoindre ce projet

- Poste clef pour la transformation d'une institution gérant la quasi-totalité des aides sociales du Pays
- Impact concret, transformation pragmatique, forte valeur technique
- Environnement exigeant, utile et collaboratif

---

*GIE SINAPSE — BP L5 — 98800 NOUMÉA CEDEX — RIDET 1 637 388.001*
*www.sinapse.nc — contact@sinapse.nc*",,,,,ef083b4a-6c62-4264-8c49-12057ef02575,1637388001,SINAPSE,GROUPEMENT D'INTERET ECONOMIQUE (GIE),SINAPSE,NOUMEA,29 rue Georges Clémenceau Centre Ville IMMEUBLE BOTTICELLI,
20260324d0f8,Conducteur / Conductrice de travaux du BTP,1,ACTIVE,F1201,2026-04-01 00:00:00+11:00,DUMBEA,CDI,0,0,0,true,7,true,true,true,2026-03-24 16:49:17+11:00,2026-03-24 16:49:17+11:00,Ingénieur,"nous recherchons un Conducteur de Travaux confirmé, capable de gérer plusieurs chantiers en autonomie, dans un environnement où polyvalence, sens du terrain et réactivité sont essentiels.

Vous serez responsable de vos chantiers de la préparation à la réception, en lien direct avec la direction, les chefs de chantier, le dépôt et les partenaires externes.

Vos missions 

Préparation & organisation
•	Étudier les dossiers travaux et définir les méthodes d’exécution
•	Proposer des variantes techniques adaptées aux contraintes locales
•	Établir budgets et plannings prévisionnels
•	Préparer le démarrage des chantiers (planning détaillé, ressources, documents)

Pilotage des chantiers
•	Planifier et suivre les travaux (équipes internes et sous-traitants)
•	Commander, réceptionner et contrôler les prestations
•	Vérifier la conformité des ouvrages et des plans
•	Piloter les organismes extérieurs (bureaux de contrôle, prestataires…)

Gestion financière
•	Suivre les budgets, analyser les écarts et ajuster si nécessaire
•	Établir situations et factures
•	Assurer le suivi administratif des pièces contractuelles
•	Contribuer au recouvrement client

Management terrain
•	Encadrer et accompagner les chefs de chantier
•	Faire appliquer les règles de sécurité
•	Gérer les ressources humaines (heures, congés, affectations)
•	Participer aux évaluations et à la montée en compétences des équipes

Relation client
•	Être l’interlocuteur principal du client sur tes chantiers
•	Arbitrer les demandes et trouver des solutions pragmatiques
•	Garantir la qualité, les délais et les coûts

Fin de chantier
•	Organiser les opérations de fin de chantier
•	Demander la réception des travaux et piloter la levée des réserves
•	Évaluer les sous-traitants et fournisseurs

Profil recherché :

	Bac +5 (ESTP ou équivalent) – Minimum 5 ans d’expérience en conduite de travaux
	Expérience solide en TCE bâtiment
	Une expérience en génie civil est un vrai plus
	Autonome, organisé et à l’aise sur le terrain
	Capable de gérer plusieurs chantiers avec peu de structure intermédiaire
	Bon relationnel avec clients, équipes et partenaires locaux
	Très bonne connaissance des outils informatiques

Rattachement : Direction Travaux / Chef de secteur
Interfaces : chefs de chantier, dépôt, atelier, administratif, bureau d’études

Lieu : Siège social Koutio, déplacements sur tout le Territoire


Pourquoi nous rejoindre ?

Rejoindre notre équipe, c’est avoir l’opportunité de travailler sur des chantiers variés, techniques et concrets, avec une autonomie réelle dans la gestion des projets, vous permettant de piloter vos chantiers de A à Z. 

Vous intégrerez une structure à taille humaine, où les décisions sont rapides et où la proximité des équipes favorise la collaboration. 

Votre expérience terrain sera pleinement reconnue et valorisée, et vous contribuerez activement au succès de nos projets.

📩 Envoyer candidature (CV + lettre de motivation) à fasanne.grochain@arbe.nc",,,,,3277b194-e603-4884-b031-55e8c4be2ee9,1302306001,ARBE,SOCIETE A RESPONSABILITE LIMITEE (SARL),ARBE,DUMBEA,37  promenade de Koutio,
202603244c6a,Assistant / Assistante de gestion en comptabilité,1,ACTIVE,M1213,2026-04-01 00:00:00+11:00,NOUMEA,CDI,0,0,0,true,5,true,false,false,2026-03-24 16:08:59+11:00,2026-03-24 16:08:59+11:00,BTS Comptabilité et gestion,,,,,,3ebac56f-54d0-45d3-819c-88a828d0b337,0903286001,GROUPE LA PROMENADE,SOCIETE PAR ACTIONS SIMPLIFIEE (SAS),GROUPE LA PROMENADE,NOUMEA,123 promenade Roger Laroque Anse Vata,
20260324050d,Conducteur / Conductrice de bateau taxi,2,ACTIVE,N3103,2026-04-01 00:00:00+11:00,NOUMEA,CDD,0,6,0,true,,false,false,false,2026-03-24 15:32:29+11:00,2026-03-24 15:32:29+11:00,CAPITAINE 200,"Les postes sont à pourvoir à mi-temps ou à temps plein. Nous recherchons des profils dynamiques et passionnés, titulaires du Capitaine 200, à jour de leur visite médicale ainsi que de l’ensemble des recyclages indispensables à la navigation.",,,,,bf263108-1386-4b89-94cb-4b35e17abe12,1418706001,LE PONTON 2,SOCIETE A RESPONSABILITE LIMITEE (SARL),LE PONTON 2,NOUMEA,Récif Tamanou Sainte Marie,
20260324e348,Ingénieur / Ingénieure d'affaires en efficacité énergétique,2,ACTIVE,F1113,2026-03-23 00:00:00+11:00,NOUMEA,CDI,0,0,0,false,5,true,false,false,2026-03-24 14:23:21+11:00,2026-03-24 14:23:21+11:00,,"Dans le cadre de la création d’un cabinet de conseil en efficacité énergétique en Nouvelle-Calédonie, nous recherchons un·e Ingénieur·e Efficacité Énergétique Senior capable d’intervenir de manière autonome, avec une forte compréhension des enjeux locaux.



Vous jouez un rôle clé dans la structuration des missions, l’accompagnement des clients et la transformation des politiques et dispositifs énergétiques du territoire en projets concrets, financés et mesurables.



Ce poste s’adresse à un profil confirmé, à l’aise dans un environnement entrepreneurial, capable de porter un projet de bout en bout.



Descriptif du poste


Vous intervenez sur des missions de performance énergétique, de réduction des consommations et des coûts, et d’accompagnement à la transition énergétique, dans un contexte insulaire aux spécificités sociales, économiques et institutionnelles fortes.



Le poste combine expertise technique, compréhension fine du climat social local et capacité à structurer des projets là où tout reste à construire.



Vos principales responsabilités


Compréhension du climat social et institutionnel calédonien

Comprendre les équilibres sociaux, économiques et institutionnels propres à la Nouvelle-Calédonie.

Intégrer les réalités locales dans les recommandations techniques et financières.

Adapter les projets aux usages, capacités d’investissement et priorités locales.

Interagir avec des interlocuteurs variés : particuliers, entreprises, collectivités, institutions, financeurs.



Études et diagnostics énergétiques

Réaliser des audits énergétiques (habitation, tertiaire, industriel, équipements collectifs).

Analyser les consommations et identifier les gisements d’économies d’énergie.

Construire des scénarios technico-économiques (CAPEX, OPEX, ROI, temps de retour).

Produire des livrables clairs et décisionnels.



Feuilles de route et plans d’actions énergie

Élaborer des feuilles de route de performance énergétique adaptées au contexte local.

Prioriser les actions selon les contraintes techniques, financières et sociales.

Participer à la définition de schémas directeurs énergie et trajectoires bas-carbone réalistes.



Aides, subventions et montage de dossiers

Assurer une veille active sur les aides et subventions locales.

Identifier les dispositifs mobilisables selon les projets.

Rédiger et instruire les dossiers de financement (techniques, économiques et administratifs).

Assurer le suivi des dossiers jusqu’au versement effectif des aides.

Être l’interlocuteur technique privilégié des institutions et financeurs.



Suivi de projets et relation client

Accompagner les projets de l’étude à la mise en œuvre.

Coordonner les intervenants externes si nécessaire.

Veiller au respect des délais, budgets et engagements.

Construire une relation client durable et de confiance.



Contribution à la structuration du cabinet

Contribuer à la formalisation des méthodes, outils et offres.

Participer à la rédaction de propositions commerciales.

Capitaliser les retours d’expérience terrain.

Être force de proposition sur le développement futur du cabinet.",,,,,ebab917a-cc41-4449-b279-7d9bcbbd8b39,1664150001,ELIO,SOCIETE A RESPONSABILITE LIMITEE (SARL),ELIO,NOUMEA,15 rue François Anewy N'Géa,
20260324af04,Technicien / Technicienne de surface,1,ACTIVE,K2205,2026-04-07 00:00:00+11:00,NOUMEA,CDI,0,0,0,false,4,false,false,false,2026-03-24 14:17:12+11:00,2026-03-24 14:17:12+11:00,,"## Mon offre d'emploi

CDI TEMPS PARTIEL - PERMIS B OBLIGATOIRE - 3 ANS D'EXPERIENCE MINIMUM ET CONTINUE. 
En charge des nettoyages de fin de bail et de fin de chantier. Remplacement pendant les maladies ou les congés payés. Contrôle de chantiers. Gestion des produits. 
Rigueur, disponibilité, discrétion.",,,,,b4cc1031-2f40-4a2b-b9d7-1959c9203e8f,1039312001,LES BIENS FEES,SOCIETE A RESPONSABILITE LIMITEE (SARL),LES BIENS FEES,MONT-DORE,102 rue des Albizias Robinson,
20260324f209,Infirmier / Infirmiére en hémodialyse,1,ACTIVE,J1506,2026-03-25 00:00:00+11:00,MARE,CDD,0,9,0,true,6,false,false,true,2026-03-24 13:30:27+11:00,2026-03-24 13:30:27+11:00,IDE,"## Mon offre d'emploi

Je suis un texte libre.",,,,,f688aa8b-d76d-4266-8091-8120fe40fc5d,0325191001,ASSOCIATION POUR LA PREVENTION ET LE TRAITEMENT DE L'INSUFFISANCE RENALE EN NOUVELLE-CALEDONIE,ASSOCIATION LOI 1901 OU ASSIMILE,ASSOCIATION POUR LA PREVENTION ET LE TRAITEMENT DE L'INSUFFISANCE RENALE EN NOUVELLE-CALEDONIE,DUMBEA,43 boulevard Joseph Wamytan DSM,
2026032446aa,Opticien-optométriste / Opticienne-optométriste,1,ACTIVE,J1405,2026-07-01 00:00:00+11:00,DUMBEA,CDI,0,0,0,true,,true,false,false,2026-03-24 13:19:44+11:00,2026-03-24 13:19:44+11:00,"Opticien(ne), Optométriste","## Mon offre d'emploi

Vous êtes pro,  souriant(e), dynamique, passionné(e) ce poste vous attend.
Dans une galerie très agréable et bien féréquentée.

N'attendez plus on vous attend avec une super équipe .",,,,,790724fd-770f-4a6a-bf0a-e8b104607d0e,1371194001,SARL CHEBIZ,SOCIETE A RESPONSABILITE LIMITEE (SARL),SARL CHEBIZ,DUMBEA,Centre commercial GEANT,
20260324ebcd,Ingénieur-conseil / Ingénieure-conseil en formation,1,ACTIVE,K2119,2026-04-20 00:00:00+11:00,NOUMEA,CDIC,0,0,1,true,7,false,false,false,2026-03-24 11:56:18+11:00,2026-03-24 11:56:18+11:00,,"Nous recherchons activement un Consultant Documentation et Formation H/F afin d’agrandir nos équipes et travailler sur des projets industriels d’envergure.
Contexte :
La Direction des Opérations engage une évolution de son organisation, passant d’un fonctionnement par expertise à une organisation structurée par processus opérationnels.
 
Dans ce cadre, un pôle Méthodes & Formation est créé, composé de :
•	Un Responsable du pôle
•	Deux experts métiers 
 
Ce pôle aura notamment pour missions :
•	La structuration et la simplification des processus opérationnels
•	La refonte de la documentation de la direction (GOM, instructions techniques) en cohérence avec la documentation de référence
•	La modernisation des supports de formation
•	Le développement d’une culture méthodes et amélioration continue
 
La cartographie des processus clés a déjà été réalisée.
Afin d’accompagner la mise en place de ce pôle, un appui méthodologique externe temporaire (≈12 mois) est recherché.
 
Objectif de la mission :
La mission vise à structurer et transmettre les méthodes de travail du pôle afin de lui permettre de fonctionner de manière autonome.
 
Il s’agit notamment de :
•	Définir un cadre méthodologique clair
•	Accompagner les experts métiers dans la formalisation des processus et procédures
•	Structurer la refonte documentaire de la direction
•	Moderniser les supports de formation opérationnelle
•	Accompagner les experts métiers pour dispenser les formations (dans une optique d’amélioration, montée en compétences)
•	Transmettre des méthodes de travail au sein de l’équipe
Le consultant devra intervenir dans une logique opérationnelle, en produisant les premiers livrables avec l’équipe afin de transmettre la méthode.
 
Principaux travaux attendus :
1. Mise en place du cadre méthodologique (en coordination avec le Responsable Excellence Opérationnelle)
•	Définition des standards de rédaction des procédures
•	Structuration de la gestion documentaire
•	Mise en place de templates et standards de travail
•	Méthodes de simplification et de standardisation des pratiques
 
2. Appui à la refonte du GOM (Group & Organisation Management)
•	Structuration du manuel en cohérence avec l’IGOM
•	Simplification et clarification des procédures
•	Amélioration de la lisibilité opérationnelle
•	Accompagnement des experts métiers dans la rédaction
 
3. Formalisation des processus opérationnels
À partir de la cartographie existante :
•	Déclinaison opérationnelle des processus selon standard défini
•	Rédaction des procédures associées
•	Identification des points de standardisation
•	Identification des points d’amélioration et de risques sur les processus détaillés
 
4. Modernisation des supports de formation
•	Définition d’un standard de support de formation
•	Modernisation de supports existants
•	Intégration de formats pédagogiques plus interactifs
•	Accompagnement des experts métiers dans leur rôle de formateurs (montée en compétence)",,,,,6cdc135e-f505-4aa7-8c74-3463195cbdc4,1327352001,EASY SKILL,SOCIETE PAR ACTIONS SIMPLIFIEE (SAS),EASY SKILL,NOUMEA,24 rue de la République Centre Ville,
202603247584,Comptable d'entreprise,1,ACTIVE,M1203,2026-03-24 11:19:02+11:00,NOUMEA,CDI,0,0,0,true,5,false,false,false,2026-03-24 11:19:47+11:00,2026-03-24 11:19:47+11:00,BTS comptabilité,"## Comptable

Groupe leader sur le marché, recherche un ou une comptable pour son bureau administratif.

SAVOIR-FAIRE
Établir, mettre à jour un dossier, une base de données
Utiliser les outils bureautiques
Effectuer le suivi des commandes, la facturation
Gérer la trésorerie, le recouvrement
Structurer, synthétiser des informations
Rédiger un rapport, un compte rendu d'activité
Assurer un accueil téléphonique
Classer des documents
Réaliser des opérations comptables
Accueillir, orienter, informer une personne

SAVOIR-ÊTRE PROFESSIONNELS
Faire preuve de rigueur et de précision
Faire preuve d'autonomie
Organiser son travail selon les priorités et les objectifs

SAVOIRS
Gestion administrative du courrier
Méthode de classement et d'archivage
Comptabilité générale
Modalités d'accueil
Logiciels comptables

SPÉCIFICITÉS
Travail le samedi matin
Travail jours fériés

PROFIL RECHERCHÉ
Niveau de Formation : Bac +2
Diplôme : BTS comptabilité

EXPÉRIENCE PROFESSIONNELLE SOUHAITÉE
Au moins 3 ans

Si vous souhaitez candidater, merci d'envoyer votre CV et votre lettre de motivation à daf@cuenet.nc",,,,,c8575936-19c6-4ea9-9f27-2408195ff166,1224336001,LA COMBE,SOCIETE A RESPONSABILITE LIMITEE (SARL),LA COMBE,NOUMEA,59 promenade Roger Laroque Anse Vata Immeuble Le Commodore,
2026032383ec,Comptable unique,1,ACTIVE,M1203,2026-03-24 10:59:41+11:00,NOUMEA,CDI,0,0,0,true,5,false,false,false,2026-03-24 10:59:24+11:00,2026-03-24 10:59:24+11:00,,,,,,,10946cce-b328-4ab4-971a-bc93a73f02d1,0418582001,ÂBORO CONSULTING,SOCIETE PAR ACTIONS SIMPLIFIEE (SAS),ÂBORO CONSULTING,NOUMEA,24 avenue du Maréchal Foch Centre Ville,
20260323bd76,Monteur / Monteuse en isolation thermique industrielle,1,ACTIVE,F1613,2026-03-24 10:34:58+11:00,NOUMEA,CDI,0,0,0,false,4,false,false,false,2026-03-24 10:34:33+11:00,2026-03-24 10:34:33+11:00,,,,,,,90a275f4-bb74-4085-9bab-4682e69e054b,1010875001,LINC,SOCIETE PAR ACTIONS SIMPLIFIEE (SAS),LINC,NOUMEA,6 rue Isaac Newton Zone Industrielle de Ducos,
20260323dcb4,"Ingénieur / Ingénieure de recherche en Hygiéne, Sécurité et Environnement en industrie",1,ACTIVE,H1302,2026-03-24 10:25:14+11:00,NOUMEA,CDI,0,0,0,false,5,true,false,false,2026-03-24 10:24:39+11:00,2026-03-24 10:24:39+11:00,,"La société LINC ouvre un poste HSE, avec une idée simple : continuer à faire progresser la sécurité et l’environnement de manière concrète, durable et partagée. 

Le rôle consiste à observer le terrain avec attention, accompagner les équipes vers une culture Sécurité solide et proposer les corrections ou améliorations nécessaires pour celles et ceux qui travaillent au quotidien sur nos chantiers. 

Vos missions touchent autant à la prévention des risques qu’à la sensibilisation, au suivi des actions, et à la participation aux démarches d’amélioration continue :  

Terrain & Sensibilisation  

Visite chantiers / Formation & Sensibilisation 

Management du Système HSE  

Application des procédures & Évaluations 

Analyse des incidents et non conformités  

Pilotage du Plan d’actions d’amélioration continue 

Politique HSE 

Reporting & Communication 

 
Nous recherchons en priorité une personne autonome et à l’aise dans l’échange, rigoureuse et méthodique qui sera capable de consolider la culture Sécurité de LINC dans un climat de confiance autour des sujets HSE. 

Des déplacements sur toute la Nouvelle Calédonie sont à prévoir. Permis B essentiel. 

Votre profil : 

Titulaire d'une formation BAC+2 /BAC+3 en QHSE avec une expérience significative dans le domaine industriel. 

Connaissances des sites miniers calédoniens & compétences sur la mise en œuvre des normes ISO 45001, 9001 ou 14001 serait des plus. 

Vous faites preuve de bonnes capacités d’adaptation, êtes force de proposition, avez le sens des responsabilités et savez accompagner les équipes. 

 
Si vous appréciez les environnements industriels et que vous souhaitez contribuer à la performance de LINC => Envoyer CV + lettre de motivation à rh@linc.nc",,,,,90a275f4-bb74-4085-9bab-4682e69e054b,1010875001,LINC,SOCIETE PAR ACTIONS SIMPLIFIEE (SAS),LINC,NOUMEA,6 rue Isaac Newton Zone Industrielle de Ducos,
20260323bfaa,Coursier / Coursiére Véhicule Léger,1,ACTIVE,N4104,2026-03-24 09:53:47+11:00,NOUMEA,CDI,0,0,0,false,SANS_DIPLOME,false,false,false,2026-03-24 09:53:40+11:00,2026-03-24 09:53:40+11:00,,,,,,,e723445c-a7bf-43ca-ad2d-1fbd54769761,0169417002,SAUVAN,SOCIETE EN NOM COLLECTIF (SNC),SAUVAN,NOUMEA,16 rue Fernand Forest Zone Industrielle de Ducos,
202603231ffe,Vendeur / Vendeuse grossiste en équipements professionnels,1,ACTIVE,D1213,2026-03-24 09:49:59+11:00,NOUMEA,CDI,0,0,0,false,,false,false,false,2026-03-24 09:49:42+11:00,2026-03-24 09:49:42+11:00,,"Votre mission :
 
Accueillir, conseiller et accompagner les clients dans leurs projets d’aménagement
Identifier les besoins et proposer des solutions adaptées (carrelage, faïence, revêtements divers)
Réaliser les calculs de surfaces afin d’estimer précisément les quantités nécessaires
Assurer la vente et le suivi des chantiers clients particuliers et professionnels
Participer à la mise en valeur des produits en magasin (merchandising)
Suivre les commandes clients et veiller à leur satisfaction
Contribuer à l’animation de l’espace de vente

Votre profil : 

Expérience souhaitée dans la vente, idéalement dans le secteur du bâtiment ou de l’aménagement intérieur
Bonne connaissance des matériaux (carrelage, revêtements sols et murs) appréciée
Capacité à effectuer des calculs de surfaces avec précision
Sens du service client, aisance relationnelle et capacité d’écoute
Goût pour la décoration et l’aménagement intérieur
Dynamisme, rigueur et esprit d’équipe",,,,,e723445c-a7bf-43ca-ad2d-1fbd54769761,0169417002,SAUVAN,SOCIETE EN NOM COLLECTIF (SNC),SAUVAN,NOUMEA,16 rue Fernand Forest Zone Industrielle de Ducos,
202603236d5f,Chargé / Chargée de projet en environnement,1,ACTIVE,A1313,2026-04-27 00:00:00+11:00,,CDD,0,18,0,true,6,true,true,true,2026-03-23 21:52:40+11:00,2026-03-23 21:52:40+11:00,,"!!! Pour postuler, merci de vous rentre sur le site suivant pour accéder à l'offre complète!!

https://phh.tbe.taleo.net/phh04/ats/careers/v2/viewRequisition?org=CONSERVATION&cws=39&rid=2677

PRÉSENTATION DU PROJET
Conservation International met en place un projet pour améliorer la gestion durable des océans, renforcer la protection des milieux marins et soutenir des activités économiques résilientes face au changement climatique dans le Pacifique Sud.
En Nouvelle Calédonie, le projet vise à restaurer les écosystèmes côtiers en travaillant avec les communautés locales. Il combine la gestion communautaire des pêches avec les pratiques coutumières et des actions de restauration.
Le projet accompagne les communautés à travers :
•	des études de situation de départ (sociales, environnementales et économiques),
•	la co construction de Plans d’Amélioration des Pêches Côtières (CFIP),
•	le développement d’activités économiques durables et positives pour la nature, en particulier pour les femmes.
Un système de suivi, d’évaluation et d’apprentissage (MEL) sera mis en place pour mesurer les effets du projet sur la biodiversité, la résilience climatique, les pêches et l’équité sociale.
________________________________________
OBJECTIF DU POSTE
Conservation International recrute un(e) Chef(fe) de Projet pour coordonner les partenaires et assurer la bonne mise en œuvre du projet dans toutes ses composantes.
Le/la Chef(fe) de Projet travaillera avec les communautés, les partenaires locaux et les autorités coutumières et provinciales afin de :
•	protéger les écosystèmes côtiers,
•	améliorer la sécurité alimentaire,
•	renforcer les revenus et la résilience économique des communautés.
________________________________________
MISSIONS PRINCIPALES
Le/la Chef(fe) de Projet aura pour missions de :
•	Organiser et piloter les études de situation de départ (sociales, environnementales, financières, ELINOR) dans les communautés ciblées.
•	Accompagner la co construction des Plans d’Amélioration des Pêches Côtières, en lien avec la gestion coutumière.
•	Mettre en œuvre et suivre le système de Suivi, Évaluation et Apprentissage (MEL).
•	Réaliser des diagnostics des moyens de subsistance et identifier des activités et produits viables.
•	Mettre en relation les communautés avec des acheteurs partageant des valeurs similaires.
•	Organiser des formations sur : 
o	la transformation et la valeur ajoutée des produits,
o	la qualité,
o	la gestion financière,
o	la gestion d’entreprise.
•	Soutenir le renforcement de la gouvernance locale et le développement de modèles économiques adaptés.
•	Favoriser les échanges d’expériences entre communautés.
•	Assurer une bonne coordination avec les acteurs locaux et régionaux des pêches.
•	Assurer le suivi, le reporting, l’adaptation des actions et la capitalisation des enseignements du projet.
________________________________________
GESTION DU PROJET
Le/la Chef(fe) de Projet est responsable de l’ensemble du cycle du projet :
•	planification,
•	mise en œuvre,
•	suivi,
•	reporting.
Il/elle veille au respect des délais, du budget et des exigences des bailleurs.
Il/elle élabore le plan de travail du projet et supervise jusqu’à trois membres de l’équipe.
________________________________________
RESPONSABILITÉS COMPLÉMENTAIRES
•	Partager les informations du projet avec les partenaires et parties prenantes.
•	Veiller au respect des exigences des partenaires et des bailleurs.
•	Représenter Conservation International en Nouvelle Calédonie sur les questions marines.
•	Suivre l’avancement du projet et proposer des améliorations si nécessaire.
•	Préparer les rapports techniques et narratifs, en lien avec les équipes finances et programmes.
•	Gérer le personnel, y compris les partenaires et sous traitants.
________________________________________
PROFIL RECHERCHÉ
Formation et expérience
•	Diplôme de niveau licence ou équivalent.
•	4 à 6 ans d’expérience en gestion de projet.
•	Expérience en encadrement d’équipe appréciée.
•	Expérience en projets marins en Nouvelle Calédonie fortement souhaitée.
Compétences
•	Bonne connaissance des enjeux marins, environnementaux et sociaux.
•	Capacité à analyser des problèmes et proposer des solutions.
•	Bonnes capacités de rédaction.
•	Maîtrise du français et de l’anglais (oral et écrit).
•	Capacité à travailler sous pression et à gérer plusieurs tâches.
Atouts supplémentaires
•	Connaissance des politiques marines en Nouvelle Calédonie.
•	Expérience en suivi des pêches, biodiversité marine, SIG, analyse de données.
•	Expérience en montage de projets, budgets et propositions.
________________________________________
CONDITIONS DE TRAVAIL
•	Déplacements réguliers sur les sites du projet.
•	Travail fréquent sur le terrain, en extérieur.
•	Disponibilité ponctuelle en dehors des horaires habituels.",,,,,8ad96694-295a-40dc-bd79-7e2657439c6c,0823898001,CONSERVATION INTERNATIONAL FOUNDATION,FONDATION,CONSERVATION INTERNATIONAL FOUNDATION,NOUMEA,49 rue du 5 Mai Haut Magenta Appt 1,
20260323300e,Responsable de la gestion et l'organisation administrative,1,ACTIVE,M1402,2026-03-23 18:16:09+11:00,,CDI,0,0,0,false,,true,true,true,2026-03-23 18:15:54+11:00,2026-03-23 18:15:54+11:00,,"## Mon offre d'emploi

Responsable administratif de la division location de matériel bureautique et informatique.",,,,,8b3fcdd5-0056-46c9-8747-43568a9c6ed9,0316240001,AGENCE DE BUREAUTIQUE  ET D'INFORMATIQUE,SOCIETE A RESPONSABILITE LIMITEE (SARL),AGENCE DE BUREAUTIQUE  ET D'INFORMATIQUE,NOUMEA,4 route de l'Anse-Vata Quartier Latin,
202603237a3a,Employé / Employée de maison,1,ACTIVE,K1304,2026-03-23 17:45:39+11:00,,CDD,0,0,1,false,SANS_DIPLOME,false,false,false,2026-03-23 17:42:46+11:00,2026-03-23 17:42:46+11:00,,"## Mon offre d'emploi

Je recherche une femme ou un homme de ménage pour l'entretien d'une maison F3 à Magenta avec des animaux. 
La personne doit aimer les animaux(chats et chiens), ne pas en avoir peur et ne pas y être allergique. 
Le contrat sera de 7h par semaine et pourra évoluer vers un CDI",,,,,3dac1acf-25f1-42c8-a982-186836176ff6,,,,,,,
20260323106e,Responsable pédagogique,1,ACTIVE,K2102,2026-06-01 00:00:00+11:00,NOUMEA,CDI,0,0,0,true,7,false,false,false,2026-03-23 16:53:05+11:00,2026-03-23 16:53:05+11:00,domaine de la pédagogie et/ou de la formation professionnelle,"## Mon offre d'emploi

Au sein de la CCI-NC qui accompagne les entreprises et contribue au développement économique de la Nouvelle-Calédonie, vous êtes au cœur du dispositif académique et  pilotez, structurez l’activité pédagogique de l’EGC Business School en garantissant l’excellence, la conformité et l’innovation des enseignements.

Sous l'autorité du responsable des écoles, vous aurez notamment pour missions de :

Animer et coordonner l’équipe pédagogique
Vous encadrez l’assistante pédagogique, les formateurs et les professeurs permanents.
•	Participer au recrutement et accompagner la prise de poste des intervenants.
•	Piloter la performance collective et individuelle et développer les compétences pédagogiques.
•	Mobiliser l’équipe autour des projets et des temps forts du réseau EGC.
Garantir la qualité et la conformité des enseignements
•	Élaborer les plannings et organiser la progression pédagogique.
•	Valider les contenus, modalités d’évaluation et répartition des enseignements.
•	Superviser l’organisation des examens dans le respect des exigences académiques.
Assurer le développement pédagogique de l’école
•	Mener une veille sur les référentiels et innovations pédagogiques et déployer les évolutions nécessaires.
•	Proposer et coordonner les projets liés à l’évolution de l’offre de formation.
•	Contribuer à l’obtention et au maintien du Visa et des labels ou agréments.
Contribuer aux dynamiques transverses
•	Développer la transversalité avec le CFA et les autres écoles.
•	Participer aux projets institutionnels.
•	Représenter l’EGC auprès de ses partenaires et favoriser son ancrage territorial.

PROFIL

-	BAC +5 dans le domaine de la pédagogie et/ou de la formation professionnelle, 
-	Expérience réussie de 5 ans dans le management d’équipe
-	Leadership et capacité à fédérer, 
-	Rigueur organisationnelle, 
-	Autonomie, capacité d’analyse et de synthèse
-	Capacité d’innovation pédagogique
-	Vision stratégique et opérationnelle
-	Sens de la qualité et de la conformité
-	Maîtrise des outils pédagogiques, formation de formateur
-	Excellentes qualités relationnelles


Les personnes intéressées sont priées d’adresser leur candidature complète (LM + CV à jour) via le site internet cci.nc/recrutement avant  le jeudi 9 avril 2026 (17 heures) – Offre CCI-NC n°16-26",,,,,7da89d06-d797-434e-855f-062659cb29d1,0115576001,CHAMBRE DE COMMERCE ET D'INDUSTRIE DE NOUVELLE-CALEDONIE,ORGANISME CONSULAIRE,CHAMBRE DE COMMERCE ET D'INDUSTRIE DE NOUVELLE-CALEDONIE,NOUMEA,15 rue de Verdun Centre Ville,
2026032366df,Responsable pédagogique,1,ACTIVE,K2102,2026-08-03 00:00:00+11:00,NOUMEA,CDI,0,0,0,false,7,false,false,false,2026-03-23 16:48:03+11:00,2026-03-23 16:48:03+11:00,domaine pédagogique ou formation professionnelle,"## Mon offre d'emploi

Au sein de la CCI-NC qui accompagne les entreprises et contribue au développement économique de la Nouvelle-Calédonie, vous assurez la qualité, la conformité et le développement de l’offre de formation du Centre de formation par l’alternance, dans une logique d’excellence académique, d’innovation et de performance collective.

Sous l'autorité du responsable des écoles, vous aurez notamment pour missions de :

Piloter des moyens humains et matériels
•	Recruter et accompagner les formateurs dans leur prise de poste
•	Manager l’équipe pédagogique et accompagner le changement
•	Élaborer les plannings en lien avec les objectifs pédagogiques
•	Assurer l’adéquation des moyens matériels aux besoins de formation
Assurer le développement pédagogique du CFA
•	Contribuer à l’inscription et au maintien des certifications auprès des instances référentes
•	Concevoir et déployer de nouvelles formations
•	Faire évoluer les outils et modalités pédagogiques, en intégrant des approches innovantes
•	Participer au développement des solutions technologiques dédiées à la formation
Garantir la qualité et la conformité
•	Valider les contenus, les modalités pédagogiques et la répartition des enseignements
•	Assurer une veille sectorielle et pédagogique
•	Organiser les évaluations : contrôles continus, partiels, examens blancs et certifications finales
Contribuer aux projets stratégiques
•	Piloter ou contribuer aux projets pédagogiques inscrits dans le plan stratégique de la CCI-NC
•	Participer à l’élaboration, au suivi et à l’évaluation du projet d’établissement


PROFIL

-	BAC +5 dans le domaine de la pédagogie et/ou de la formation professionnelle, 
-	Expérience réussie de 5 ans dans le management d’équipe
-	Leadership et capacité à fédérer, 
-	Rigueur organisationnelle, 
-	Autonomie, capacité d’analyse et de synthèse
-	Capacité d’innovation pédagogique
-	Vision stratégique et opérationnelle
-	Sens de la qualité et de la conformité
-	Maîtrise des outils pédagogiques, formation de formateur
-	Excellentes qualités relationnelles

Les personnes intéressées sont priées d’adresser leur candidature complète (LM + CV à jour) via le site internet cci.nc/recrutement avant  le jeudi 9 avril 2026 (17 heures) – Offre CCI-NC n°15-26",,,,,7da89d06-d797-434e-855f-062659cb29d1,0115576001,CHAMBRE DE COMMERCE ET D'INDUSTRIE DE NOUVELLE-CALEDONIE,ORGANISME CONSULAIRE,CHAMBRE DE COMMERCE ET D'INDUSTRIE DE NOUVELLE-CALEDONIE,NOUMEA,15 rue de Verdun Centre Ville,
202603232c3f,Conducteur / Conductrice de travaux,1,ACTIVE,F1201,2026-04-20 00:00:00+11:00,NOUMEA,CDI,0,0,0,true,7,true,true,false,2026-03-23 13:56:15+11:00,2026-03-23 13:56:15+11:00,Ingénieur ESTP ou équivalent,"Préparation & organisation
	Étudier les dossiers travaux et définir les méthodes d’exécution
	Proposer des variantes techniques adaptées aux contraintes locales
	Établir budgets et plannings prévisionnels
	Préparer le démarrage des chantiers (planning détaillé, ressources, documents)
Pilotage des chantiers
	Planifier et suivre les travaux (équipes internes et sous-traitants)
	Commander, réceptionner et contrôler les prestations
	Vérifier la conformité des ouvrages et des plans
	Piloter les organismes extérieurs (bureaux de contrôle, prestataires…)
Gestion financière
	Suivre les budgets, analyser les écarts et ajuster si nécessaire
	Établir situations et factures
	Assurer le suivi administratif des pièces contractuelles
	Contribuer au recouvrement client
Management terrain
	Encadrer et accompagner les chefs de chantier
	Faire appliquer les règles de sécurité
	Gérer les ressources humaines (heures, congés, affectations)
	Participer aux évaluations et à la montée en compétences des équipes
Relation client
	Être l’interlocuteur principal du client sur tes chantiers
	Arbitrer les demandes et trouver des solutions pragmatiques
	Garantir la qualité, les délais et les coûts
Fin de chantier
	Organiser les opérations de fin de chantier
	Demander la réception des travaux et piloter la levée des réserves
	Évaluer les sous-traitants et fournisseurs",,,,,6cdc135e-f505-4aa7-8c74-3463195cbdc4,1327352001,EASY SKILL,SOCIETE PAR ACTIONS SIMPLIFIEE (SAS),EASY SKILL,NOUMEA,24 rue de la République Centre Ville,
2026032346cf,Ingénieur / Ingénieure fiabilité en industrie,1,ACTIVE,H1206,2026-04-13 00:00:00+11:00,NOUMEA,CDIC,0,0,1,true,7,true,true,false,2026-03-23 13:15:08+11:00,2026-03-23 13:15:08+11:00,Ingénieur Maintenance ou équivalent,"Nous recherchons activement un Ingénieur Maintenance Fiabilité afin d’agrandir nos équipes et travailler sur des projets miniers d’envergure.
Dans ce contexte, vous êtes amené(e) à :

 Etablir et revoir la criticité des équipements :
	Responsable de la définition et de la mise à jour des niveaux de criticité des équipements selon les bonnes pratiques et les procédures internes. 
	Responsable de la mise en place des « WorkShop » de revue des criticités. 

Etablir et revoir les stratégies de maintenance des équipements :
	Responsable de la réalisation des AMDEC avec les équipes exécution afin de définir les meilleures stratégies an accord avec le retour d’expérience. 
	Définition et revue des stratégies de maintenance préventives et prédictives. 
	Implémentation et mise à jour des stratégies dans la GMAO. 
	Garant du processus de revue de ces stratégies de maintenance. 
Résolution de problème – RCA :
	Participation active aux groupes de travail de résolution de problèmes. 
	Garant des actions du groupe fiabilité. 
	Garant et propriétaire du processus RCA pour la partie Maintenance. 

Calendrier de maintenance :
	• Responsable de l’établissement du calendrier de maintenance en collaboration avec les équipes opérations et exécutions. 
	• Garant de la tenue et la mise à jour régulière de ce calendrier en fonction des plans de production, des arrêts d’unités et des objectifs de production. 
	• Garant de la tenue et de la mise à jour du plan annuel et à 5 ans. 
Fiabilisation des équipements et diagnostic :
	• Support technique aux équipes d’inspection sensitive et prédictives. 
	• En charge de mener des groupes de travail afin de fiabiliser et de diagnostiquer les pannes ou défaillances récurrents sur nos équipements critiques. 
	Coordonne avec les équipes et internes et les fournisseurs les inspections techniques spécifiques nécessitant une attention particulière. 
Méthode et KPI : 
	Responsable de la tenue des KPI maintenance et fiabilité 
	Garant du suivi, des processus et du fonctionnement des outils fiabilités : GMAO, EDS, SIPOC …. 

Toutes autres taches connexes attribuées",,,,,6cdc135e-f505-4aa7-8c74-3463195cbdc4,1327352001,EASY SKILL,SOCIETE PAR ACTIONS SIMPLIFIEE (SAS),EASY SKILL,NOUMEA,24 rue de la République Centre Ville,
20260323f62c,Directeur / Directrice responsable de secteur commercial,1,ACTIVE,D1510,,NOUMEA,CDI,0,0,0,false,7,false,false,false,2026-03-23 11:41:08+11:00,2026-03-23 11:41:08+11:00,Marketing-commercial,"Poste de directeur(trice) commercial(e). Sous la responsabilité de la Direction générale, il(elle) est en charge du développement du CA. Premier commercial de son équipe, il(elle) anime son équipe, recrute, et met en place et améliore les outils de vente à sa disposition.
Dynamique, curieux, positif, connaissant le métier de la communication et des medias, il(elle) participe activement au dévéloppement du groupe.
Doté(e) d'une expérience commerciale terrain réussie de plusieurs années, connaissant la Nouvelle-Calédonie, il(elle) s'inscrit dans la durée et la fidélisation.
Poste basé à Nouméa, à pourvoir rapidement, rémunération motivante et évolutive.
Envoyer lettre + CV + photo à rezomedias@gmail.com
Discrétion assurée",,,,,f5f300f9-a06e-407f-81f3-647ed1f26a97,1039908001,SARL REZO,SOCIETE A RESPONSABILITE LIMITEE (SARL),SARL REZO,NOUMEA,27 bis avenue du Maréchal Foch Centre Ville Immeuble FEILLET,
202603226a41,Vétérinaire mixte,1,ACTIVE,A1504,2026-06-01 00:00:00+11:00,MONT-DORE,CDD,0,1,0,true,8,true,false,false,2026-03-23 10:47:25+11:00,2026-03-23 10:47:25+11:00,Doctorat en Médecine Vétérinaire,"Nous recherchons un(e) vétérinaire remplaçant(e) pour rejoindre notre équipe en Nouvelle-Calédonie pour une durée d’un mois, en juin ou juillet (dates flexibles à définir ensemble).

📅 Durée : 1 mois (juin ou juillet)

🔹 Profil recherché :

Vétérinaire diplômé(e), autonome et motivé(e)
À l’aise en médecine générale et consultations courantes
Bon esprit d’équipe et sens du relationnel

🔹 Conditions :

Activité variée (à adapter selon votre profil)
Équipe conviviale et cadre de travail agréable
Véhicule mis à disposition

🌴 Venez vivre une expérience professionnelle enrichissante dans un cadre exceptionnel !

📩 Pour plus d’informations ou pour postuler, merci de nous contacter par email.",,,,,f9c4046a-0478-4cab-b6a3-969abc646ff3,0834622001,SELARL VETERINAIRE DE LA COULEE,SOCIETE D'EXERCICE LIBERAL A RESPONSABILITE LIMITEE (SELARL),SELARL VETERINAIRE DE LA COULEE,MONT-DORE,2062 route de la coulee La Coulée Centre commercial La Coulée,
2026032207bc,Agent / Agente de transit import,1,ACTIVE,N1202,2026-04-01 00:00:00+11:00,NOUMEA,CDD,0,3,0,true,5,false,false,false,2026-03-23 09:32:53+11:00,2026-03-23 09:32:53+11:00,BTS Commerce International / Logistique internationale,"## Mon offre d'emploi

Recherche un agent de transit principalement import (maritime / aérien) pour intégrer et renforcer une équipe déjà existante pendant une phase de surcroit d'activité liée à un client unique.",,,,,ef8715b7-c0a2-4cf9-870b-d4da99eeb7a1,0046706001,GEODIS FF NOUVELLE-CALEDONIE,SOCIETE PAR ACTIONS SIMPLIFIEE (SAS),GEODIS FF NOUVELLE-CALEDONIE,NOUMEA,12 rue des Transitaires Zone Portuaire Hall des Transitaires,
20260322566f,Responsable de centre de profit,1,ACTIVE,M1302,2026-08-01 00:00:00+11:00,NOUMEA,CDI,0,0,0,false,6,true,true,true,2026-03-23 07:06:51+11:00,2026-03-23 07:06:51+11:00,Ecole de commerce ou équivalent,"## Mon offre d'emploi
Véritable Bras droit du Directeur Après vente, vous pilotez la performance globale de la structure : développement commercial, rentablitié, supply chain, gestion des stocks et négociations fournisseurs. Une expérience significative dans l'importation et la commercialisation de pièces détachées automobiles (AFTER MARKET) est indispensable
Je suis un texte libre.",,,,,48ad9a09-115f-4387-bd1a-be267878ca77,1344514001,GLOBAL PARTS NEW CALEDONIA,SOCIETE A RESPONSABILITE LIMITEE (SARL),GLOBAL PARTS NEW CALEDONIA,NOUMEA,30 RUE LUCIEN HERVOUET Ducos,
202603229f72,Vendeur / Vendeuse en prét-é-porter enfant,1,ACTIVE,D1214,2026-04-01 00:00:00+11:00,NOUMEA,CDD,0,1,0,false,3,true,false,false,2026-03-22 22:33:47+11:00,2026-03-22 22:33:47+11:00,,**Recherche : Vendeur / Vendeuse en prêt-à-porter enfant**,,,,,35cfe540-e377-4c01-9eca-c41d56f6fecf,1549351001,LA TROUVAILLE,SOCIETE A RESPONSABILITE LIMITEE (SARL),LA TROUVAILLE,NOUMEA,1 rue Anatole France Centre Ville,
20260320dafa,Concepteur aménageur / Conceptrice aménageuse d'espaces intérieurs,1,ACTIVE,F1102,2026-03-20 16:27:19+11:00,NOUMEA,CDD,0,3,0,false,6,true,false,false,2026-03-20 16:26:58+11:00,2026-03-20 16:26:58+11:00,Bachelor Design d'espace intérieur / extérieur,"## Mon offre d'emploi

Merci d'envoyer votre candidature à l'adresse suivante : ltimonnier@glt.nc",,,,,4cf3e801-3412-4ede-ac16-2ec774dc62aa,1443092001,LA TIMONERIE,SOCIETE A RESPONSABILITE LIMITEE (SARL),LA TIMONERIE,NOUMEA,10 rue Claude Bernard Zone Industrielle de Ducos,
202603205eae,Chef de partie tournant / Cheffe de partie tournante,1,ACTIVE,G1609,2026-04-13 00:00:00+11:00,NOUMEA,CDI,0,0,0,false,,false,false,false,2026-03-20 16:14:26+11:00,2026-03-20 16:14:26+11:00,,,,,,,27eef793-9051-4362-a09c-8cd517e5cf4a,0828004001,SOCIETE DE RESTAURATION DE LA BAIE,SOCIETE A RESPONSABILITE LIMITEE (SARL),SOCIETE DE RESTAURATION DE LA BAIE,NOUMEA,5 rue Jules Garnier Orphelinat,
202603207e55,Responsable de salle,1,ACTIVE,G1802,2026-04-20 00:00:00+11:00,NOUMEA,CDI,0,0,0,false,4,false,false,false,2026-03-20 16:01:44+11:00,2026-03-20 16:01:44+11:00,,,,,,,53774d54-3aec-4df2-b0d9-81b5f72abe29,1562289001,TINA RESTAURATION,SOCIETE A RESPONSABILITE LIMITEE (SARL),TINA RESTAURATION,NOUMEA,5 rue des Accords de Matignon PK 6 Golf Tina,
20260320a902,Commis de cuisine tournant / Commise de cuisine tournante,2,ACTIVE,G1602,2026-04-20 00:00:00+11:00,NOUMEA,CDI,0,0,0,false,,true,false,false,2026-03-20 15:57:51+11:00,2026-03-20 15:57:51+11:00,,"## Mon offre d'emploi

Je suis un texte libre.",,,,,53774d54-3aec-4df2-b0d9-81b5f72abe29,1562289001,TINA RESTAURATION,SOCIETE A RESPONSABILITE LIMITEE (SARL),TINA RESTAURATION,NOUMEA,5 rue des Accords de Matignon PK 6 Golf Tina,
202603204f49,"Technicien / Technicienne en environnement, sécurité et conditions de travail",1,ACTIVE,H1303,2026-03-20 12:33:01+11:00,,CDI,0,0,0,false,,true,true,true,2026-03-20 12:32:59+11:00,2026-03-20 12:32:59+11:00,,"Au sein de Néodyme Nouvelle-Calédonie basé à Nouméa et en lien direct avec Jonathan HERNANDO, Directeur Général de Néodyme Nouvelle-Calédonie vos missions seront :
 - Supervision HSE sur projets de construction et/ou de grands arrêts de maintenance industrielle ;
 - Accompagnement HSE clients divers ;
 - Formation HSE ;
 - EvRP ;
- Inspections ATEX.

**Profil recherché :**
Titulaire d’un BTS/DUT ou disposant d'une expérience significative de 2 ans en HSE, vous souhaitez continuer votre carrière avec une entreprise dynamique à taille humaine à l’ambiance conviviale.
Rigueur, autonomie et organisation sont vos maîtres-mots et vous disposez de qualités relationnelles. Nous venons de vous décrire ? Alors n’hésitez plus, rejoignez-nous !",,,,,7890d5f1-499b-46e2-b23d-386838d97290,1045913001,NEODYME NOUVELLE-CALEDONIE,SOCIETE PAR ACTIONS SIMPLIFIEE (SAS),NEODYME NOUVELLE-CALEDONIE,NOUMEA,15-17 route Provinciale du Sud Normandie Immeuble Cap Normandie,
20260320d792,Ingénieur / Ingénieure environnement-hygiéne-sécurité en industrie,1,ACTIVE,H1302,,,CDI,0,0,0,false,7,true,true,true,2026-03-20 12:23:17+11:00,2026-03-20 12:23:17+11:00,,"Au sein de Néodyme Nouvelle-Calédonie basé à Nouméa et en lien direct avec Jonathan HERNANDO, Directeur Général de Néodyme Nouvelle-Calédonie vos missions seront :
 - Coordination / Supervision HSE sur projets de construction et/ou de grands arrêts de maintenance industrielle ;
 - Accompagnement HSE clients divers ;
 - Formation HSE ;
 - EvRP ;
- Audits HSE ; 
- Inspections ATEX.

**Profil recherché :**
Titulaire d’un diplôme d’ingénieur (universitaire ou école d’ingénieur) ou technicien expérimenté vous souhaitez continuer votre carrière avec une entreprise dynamique à taille humaine à l’ambiance conviviale.
Vous possédez une expérience d’au moins 2 ans en HSE et vous avez déjà exercé sur des missions de coordination en environnement industriel (construction et/ou grands arrêts).
Rigueur, autonomie et organisation sont vos maîtres-mots et vous disposez de qualités relationnelles. Nous venons de vous décrire ? Alors n’hésitez plus, rejoignez-nous !",,,,,7890d5f1-499b-46e2-b23d-386838d97290,1045913001,NEODYME NOUVELLE-CALEDONIE,SOCIETE PAR ACTIONS SIMPLIFIEE (SAS),NEODYME NOUVELLE-CALEDONIE,NOUMEA,15-17 route Provinciale du Sud Normandie Immeuble Cap Normandie,
20260319df47,Commis de cuisine tournant / Commise de cuisine tournante,1,ACTIVE,G1602,2026-04-13 00:00:00+11:00,NOUMEA,CDI,0,0,0,false,,true,false,false,2026-03-20 10:50:28+11:00,2026-03-20 10:50:28+11:00,,"RESTAURANT CAFE CocoDeck
pour renforcer l'équipe et soutenir l'activité
Recrute en cuisine
un(e) COMMIS DE CUISINE en CDI
Sérieux(se) et expérimenté(e)",,,,,36f190c4-525c-45a8-9142-b1664c6f48e2,1646835001,SARL KANOA NC,SOCIETE A RESPONSABILITE LIMITEE (SARL),SARL KANOA NC,NOUMEA,9 rue Anatole France Centre Ville PLACE DE LA PAIX,
20260319017d,Chef / Cheffe de chantier du BTP,1,ACTIVE,F1202,2026-03-20 10:11:02+11:00,NOUMEA,CDI,0,0,0,false,,false,false,false,2026-03-20 10:10:54+11:00,2026-03-20 10:10:54+11:00,,"1. Intitulé de poste
Intitulé : Chef de chantier Gros Œuvre
Localisation : Nouméa (interventions possibles sur l’ensemble de la Nouvelle-Calédonie)
Rattachement hiérarchique : Conducteur de travaux / Directeur de travaux
Statut : Cadre / Agent de maîtrise (selon expérience)
Disponibilité : immédiate
Type de contrat : CDI
Rémunération : fonction de l'expérience
Envoi de la candidature par mail : **m.leruyet@kern.nc**

    2. Mission principale

Le chef de chantier en gros œuvre est responsable de la bonne exécution des travaux sur le chantier, depuis la préparation jusqu’à la livraison, dans le respect des délais, des coûts, de la qualité et des règles de sécurité.

    3. Responsabilités et activités principales
        a) Préparation du chantier
Analyser les plans d’exécution et les dossiers techniques
Participer à l’élaboration du planning d’exécution
Identifier les besoins en matériel, matériaux et main-d’œuvre
Organiser l’installation de chantier (base vie, accès, zones de stockage)
Anticiper les contraintes techniques et logistiques

        b) Organisation et gestion des travaux
Planifier et coordonner les équipes internes et les sous-traitants
Répartir les tâches et définir les priorités quotidiennes
Suivre l’avancement des travaux (terrassement, fondations, élévation, dallage, coffrage, ferraillage, bétonnage…)
Veiller à l’approvisionnement en matériaux
Contrôler la conformité des travaux réalisés

        c) Management des équipes
Encadrer les chefs d’équipe et les ouvriers
Assurer l’intégration et la formation des nouveaux arrivants
Maintenir un bon climat social sur le chantier
Faire respecter les consignes de sécurité et les procédures internes

        d) Suivi administratif et reporting
Renseigner les rapports journaliers de chantier
Suivre les heures travaillées et les rendements
Remonter les informations au conducteur de travaux (avancement, aléas, besoins)
Participer aux réunions de chantier

        e) Qualité, sécurité et environnement
Appliquer et faire respecter les règles QHSE
Identifier les risques et mettre en place les mesures de prévention
Veiller à la propreté et à l’organisation du chantier
Assurer la conformité aux normes locales et réglementations en vigueur

    4. Compétences requises
Techniques
Maîtrise des techniques de gros œuvre (coffrage, ferraillage, béton armé)
Lecture de plans et documents techniques
Connaissance des normes de construction et de sécurité
Gestion des plannings et des priorités
Managériales
Leadership et capacité à fédérer une équipe
Sens de l’organisation et rigueur
Réactivité face aux imprévus
Capacité à prendre des décisions rapidement
Relationnelles
Bon relationnel avec les équipes, clients et partenaires
Communication claire et efficace
Esprit d’équipe

    5. Profil recherché
Formation : Bac Pro / BTS Bâtiment, Génie Civil ou équivalent
Expérience : Minimum 5 ans en gros œuvre, dont une expérience en encadrement de chantier
Permis B indispensable
Connaissance du contexte local (Nouvelle-Calédonie) appréciée",,,,,7862b294-7b75-492c-9db0-c8fdeaf7952e,1496389001,KERN,SOCIETE A RESPONSABILITE LIMITEE (SARL),KERN,NOUMEA,2 rue de Maubeuge Faubourg Blanchot,
20260319fa2f,Cariste d'entrepét,1,ACTIVE,N1101,2026-03-20 09:08:46+11:00,,CDD,0,3,0,false,,false,false,false,2026-03-20 09:08:39+11:00,2026-03-20 09:08:39+11:00,,,,,,,55855c7f-b5e8-4b94-a30e-431b0548e9de,1295484001,FRIGODOM NC,SOCIETE A RESPONSABILITE LIMITEE (SARL),FRIGODOM NC,PAITA,Lots 24 et 513 allée du Palladium ZIPAD Lot Domaine Paddon,
20260319d3dd,Téléopérateur / Téléopératrice,1,ACTIVE,D1408,2026-04-01 00:00:00+11:00,NOUMEA,CDD,0,3,0,false,4,true,false,false,2026-03-20 08:45:52+11:00,2026-03-20 08:45:52+11:00,,,,,,,eac450a5-66a0-4057-bde3-0300f875c2ec,0822015001,GROUPE ATOLL ASSISTANCE,SOCIETE PAR ACTIONS SIMPLIFIEE (SAS),GROUPE ATOLL ASSISTANCE,NOUMEA,23 rue d'Austerlitz Centre Ville Immeuble Le Verdun,
202603197a01,Conducteur / Conductrice de travaux,1,ACTIVE,F1201,2026-05-01 00:00:00+11:00,NOUMEA,CDI,0,0,0,false,6,true,false,false,2026-03-20 07:46:00+11:00,2026-03-20 07:46:00+11:00,CONSTRUCTION,"RECHERCHONS UN CONDUCTEUR DE TRAVAUX (F1201)

VOTRE MISSION : 
Assurer la coordination opérationnelle de plusieurs chantiers. Etudier les dossiers, diriger les travaux, encadrer les équipes de pose et veiller au respect des délais, de la sécurité et de la qualité.

Principales activités :
	Participer aux études de prix, devis, appels d’offres, dans le respect des délais
	Valider les solutions techniques pour les chantiers
	Réaliser les études des métrés sur plans et sur sites
	Veiller à la mise en route des chantiers et renseigner les documents administratifs internes correspondant
	Programmer et coordonner les interventions des équipes sur sites
	Contrôler la mise en fabrication
	S’assurer de l’avancement des commandes de matériaux
	Effectuer un suivi de l’activité des chantiers et de l’avancement des différents lots (déplacements à prévoir sur sites)
	Encadrer les équipes de pose sous sa responsabilité
	Assurer le suivi de la gestion administrative et financière des chantiers 
	Assurer l’interface avec les différentes parties prenantes du projet (client, cabinet d’architecte, organismes de contrôle,…)
	S’assurer de la réalisation et de la finalisation des chantiers dans les délais prévus
	Veiller au strict respect des consignes de sécurité sur les chantiers 

VOTRE PROFIL : 
Idéalement formation supérieure de niveau Bac +3 à dominante construction, expérience professionnelle valorisée 
Expérience minimale de 5 ans dans le secteur de la Menuiserie aluminium et la conduite de chantiers exigée.
Maîtrise des techniques de métrés

Aptitudes personnelles :
-	Sens de l’organisation, méthode et rigueur
-	Capacités à anticiper et gérer les priorités
-	Capacité d’analyse
-	Forte réactivité
-	Adaptabilité et sens de la négociation
-	Autorité
-	Disponibilité

Aptitudes techniques :
-	Bonnes connaissances techniques en menuiserie aluminium
-	Capacités à analyser des dossiers techniques
-	Maîtrise des métrés et des spécificités de pose
-	Maîtrise du Pack Office
-	Solides connaissances en gestion

Le candidat doit être titulaire du permis B.
Poste en CDI basé à Nouméa, à pourvoir dans les plus brefs délais.
Adressez votre lettre de motivation, CV et prétention salariale au service RH par mail : recrutement250702@gmail.com",,,,,36eecadb-bb79-495f-af65-81c97b7a2678,0277640001,ER TRAVAUX,SOCIETE A RESPONSABILITE LIMITEE (SARL),ER TRAVAUX,NOUMEA,17 rue Georges Champion Zone Industrielle de Ducos,
20260319c366,Ingénieur / Ingénieure systéme informatique,1,ACTIVE,M1822,2026-04-13 09:00:00+11:00,NOUMEA,CDI,0,0,0,false,7,true,true,true,2026-03-20 01:16:11+11:00,2026-03-20 01:16:11+11:00,,"Depuis 30 ans, Claranet accompagne ses clients dans la modernisation, la sécurisation ainsi que l’optimisation de leurs écosystèmes numériques. Cloud, Data, IA, Cybersécurité et Applications : nous combinons expertise et innovation pour relever les défis technologiques d’aujourd’hui et préparer ceux de demain.

**Pourquoi tu vas aimer Claranet ?**

• Parce que chez nous, nous valorisons chaque voix, chaque contribution. Respect, autonomie, bienveillance, inclusion et diversité ne sont pas que des mots : ce sont des principes vécus au quotidien.

• Parce que nous encourageons l’initiative, le partage d’idées et l’apprentissage continu, grâce à des formations régulières et à l’accompagnement de nos experts, pour faire évoluer ta carrière autant que tes compétences.

• Parce que tu évolueras dans un environnement collaboratif, exigeant et innovant, où l’expertise technique va de pair avec l’esprit d’équipe.

Envie d’un job épanouissant qui te challenge ? Claranet est ton prochain terrain de jeu.

Le poste est basé en full remote depuis la Nouvelle Calédonie

Tu seras responsable de la surveillance et du support des environnements clients critiques ainsi que du traitement des demandes clients.

**Voici un aperçu de tes missions au quotidien :**

• Administrationsystème, réseau et applications : appliquer les changements planifiés et veiller au bon fonctionnement des infrastructures.

• Industrialisation du run : automatiser et optimiser les processus via scripting et Infrastructure as Code pour gagner en efficacité et réduire les erreurs.

• Troubleshooting et gestion des incidents : analyser, qualifier et résoudre les incidents clients ou escalader vers les équipes spécialisées lorsque nécessaire.

• Exploitation et monitoring des flux de données : surveiller les systèmes et les flux pour détecter toute anomalie ou risque d’interruption de service.

• Communication et restitution : fournir des informations claires et précises aux clients et aux équipes internes et assurer la documentation des actions réalisées.

• Contribution à l’amélioration continue : identifier les anomalies récurrentes, proposer des optimisations et participer à l’évolution des procédures.

• Respect des standards de sécurité et de confidentialité : garantir la sécurité des données et le respect des politiques internes et engagements clients.

**Univers technique :**

• Systèmes d’exploitation : Windows, Linux
• Virtualisation et Cloud : VMware, AHV, AWS, Azure, Kubernetes
• Automatisation & configuration : Puppet, Ansible, Terraform, scripting
• Web & applications : Nginx, Apache2, IIS, PHP, .NET et autres applications métiers critiques
• Bases de données et data : PostgreSQL, MariaDB, MSSQL, AWS RDS, pipelines et flux de données modernes
• Supervision et monitoring : Datadog, Signalfx, Zabbix, dashboards et alerting avancés

**Ton profil**

Curieux·se et passionné·e de tech, tu aimes comprendre comment tout fonctionne et cherches toujours à t’améliorer. Tu communiques facilement avec les autres, que ce soit pour partager une info, résoudre un problème ou simplement faire avancer les choses en équipe — même à distance ou en mode asynchrone.

Tu es quelqu’un d’autonome, rigoureux·se et qui sait garder son calme. Tu gardes la tête froide quand les choses s’accélèrent, tout en restant efficace et organisé·e pour que la qualité du service ne soit jamais compromise.

Tu as un vrai sens de l’analyse et sais prendre du recul quand un incident se produit. Réactivité et précision font partie de ton ADN. Tu es aussi quelqu’un de fiable, avec une éthique solide : confidentialité, sécurité des données et respect des engagements ne sont pas que des mots pour toi.

**Poste à pourvoir en full remote depuis la Nouvelle Calédonie**",,,,,4c93dbf5-8244-46e0-9a45-59fcbf153c2f,1655927001,CLARANET PACIFIQUE,SOCIETE ACTIONS SIMPLIFIEE A ASSOCIE UNIQUE OU UNIPERSONNELLE,CLARANET PACIFIQUE,NOUMEA,30 route de la Baie des Dames Zone Industrielle de Ducos LE FORUM DU CENTRE,
202603195df3,Ingénieur / Ingénieure travaux,1,ACTIVE,F1137,2026-03-09 00:00:00+11:00,DUMBEA,CDI,0,0,0,true,7,false,false,false,2026-03-19 15:53:50+11:00,2026-03-19 15:53:50+11:00,,,,,,,3e0b972f-19e8-4605-9c69-ad6277dd4f86,0035204001,SOCIETE D'EQUIPEMENT DE LA NOUVELLE-CALEDONIE,SOCIETE ANONYME D'ECONOMIE MIXTE (SAEM),SOCIETE D'EQUIPEMENT DE LA NOUVELLE-CALEDONIE,DUMBEA,40 rue Félix Trombe Koutio,
2026031938a0,Responsable administratif et financier / Responsable administrative et financiére,1,ACTIVE,M1223,2026-03-09 00:00:00+11:00,DUMBEA,CDI,0,0,0,true,7,false,false,false,2026-03-19 15:50:28+11:00,2026-03-19 15:50:28+11:00,,,,,,,3e0b972f-19e8-4605-9c69-ad6277dd4f86,0035204001,SOCIETE D'EQUIPEMENT DE LA NOUVELLE-CALEDONIE,SOCIETE ANONYME D'ECONOMIE MIXTE (SAEM),SOCIETE D'EQUIPEMENT DE LA NOUVELLE-CALEDONIE,DUMBEA,40 rue Félix Trombe Koutio,
202603191ed7,Agent commercial / Agente commerciale en immobilier,1,ACTIVE,C1504,,NOUMEA,CDI,0,0,0,false,4,true,false,false,2026-03-19 14:17:56+11:00,2026-03-19 14:17:56+11:00,,,,,,,2187fb06-3e4f-461b-8ce1-457dcb496f7b,1389790001,IMMOBILIERE DU FAUBOURG,SOCIETE A RESPONSABILITE LIMITEE (SARL),IMMOBILIERE DU FAUBOURG,NOUMEA,38 route de l'Anse-Vata Trianon,
202603191e45,Conseiller / Conseillére d'accueil en banque,1,ACTIVE,C1201,,NOUMEA,CDD,0,1,0,false,5,true,false,false,2026-03-19 12:01:36+11:00,2026-03-19 12:01:36+11:00,,Test,,,,,a576b14a-47be-4979-b3ce-a087dc91c075,0076232001,SOCIETE GENERALE CALEDONIENNE  DE BANQUE,SA A CONSEIL D'ADMINISTRATION (S.A.I.),SOCIETE GENERALE CALEDONIENNE  DE BANQUE,NOUMEA,44 rue de l'Alma Centre Ville,
202603197f10,Chargé / Chargée de support technique,1,ACTIVE,H1108,2026-05-04 00:00:00+11:00,NOUMEA,CDI,0,0,0,true,5,true,false,false,2026-03-19 11:22:24+11:00,2026-03-19 11:22:24+11:00,"BTS Maintenance industrielle, électrotechnique ou équivalent.","PRINCIPALES RESPONSABILITES : (liste non exhaustive)

Appui au pilotage de l’outil de production :
Participer à la supervision des équipes opérationnelles intervenant sur la collecte, la réception, la préparation, le reconditionnement et l’incinération des déchets.
Veiller au bon déroulement des opérations quotidiennes de traitement des déchets.
Appliquer le planning opérationnel défini par le superviseur.
Contrôler la conformité des opérations de préparation et d’incinération.
Participer au suivi des indicateurs de production (quantités incinérées, délais de traitement, anomalies).
Signaler au superviseur tout écart ou dysfonctionnement observé et proposer des actions correctives.
Veiller au respect des procédures de traçabilité des déchets.
Participer à la validation des préparations et à la vérification de la destruction des déchets.
Réaliser ou contrôler la saisie des opérations dans l’ERP (réceptions, préparations, certificats de destruction).

Suivi opérationnel de la maintenance :
Assister le superviseur dans le suivi des opérations de maintenance préventive et corrective des équipements.
Participer à la surveillance du bon fonctionnement de l’incinérateur et des équipements associés.
Identifier les anomalies techniques ou les signes de dysfonctionnement et en informer le superviseur.
Participer au suivi des interventions de maintenance réalisées par les techniciens ou les prestataires.
Veiller à la bonne tenue des fiches d’intervention et à la traçabilité des opérations de maintenance.
Résoudre les problèmes de performance des équipements.
S’assurer que les équipements du site sont fonctionnels, via la maintenance préventive mise en place et selon la cadence définie.

Encadrement opérationnel des équipes 
Relayer les consignes du superviseur auprès des équipes.
Veiller au respect des procédures de travail, des règles de sécurité et du port des EPI.
Contrôler la bonne exécution des tâches confiées aux opérateurs.
Participer à la coordination des activités entre les différentes zones d’exploitation.
Signaler tout incident, anomalie ou situation à risque.
Participer à la transmission des informations entre les équipes et la hiérarchie.

Tâches périphériques :
Participer au suivi du stock de pièces détachées et de consommables nécessaires aux opérations.
Signaler les besoins d’approvisionnement au superviseur.

Identifier les non-conformités dans les différents processus et en informer le superviseur ou le responsable QHSE.
Participer à la mise en œuvre d’actions correctives en cas d’écart constaté.
Contribuer à l’amélioration continue des opérations et à l’optimisation des performances de l’installation.
Remplacer ponctuellement le superviseur lors de ses absences pour assurer la continuité des opérations. 

 Pour postuler, envoyer votre candidature à l'adresse suivante: charlotte.daubercies@geda.nc",,,,,9289fcbc-a00d-4ffe-b9f4-9244ddf87189,0672832001,PROPRETE MEDICALE,SA A CONSEIL D'ADMINISTRATION (S.A.I.),PROPRETE MEDICALE,NOUMEA,27 bis rue des Frères Terrasson Ducos,
2026031842c0,Employé polyvalent / Employée polyvalente de libre-service,1,ACTIVE,D1507,2026-03-20 00:00:00+11:00,NOUMEA,CDD,0,0,0,false,,false,false,false,2026-03-19 09:02:09+11:00,2026-03-19 09:02:09+11:00,,,,,,,221465c7-3450-4af4-9210-19c55eeff427,1505445001,GROUPEMENT D'EMPLOYEURS DE LA ZONE VKPP,ASSOCIATION LOI 1901 OU ASSIMILE,GROUPEMENT D'EMPLOYEURS DE LA ZONE VKPP,KONE,21 Résidence Hameau du Récif,
202603187604,Agent / Agente d'entretien des installations d'infrastructures,1,ACTIVE,I1203,,PAITA,CDI,0,0,0,false,4,false,false,false,2026-03-19 08:56:30+11:00,2026-03-19 08:56:30+11:00,"BTP, maintenance bâtiment, travaux publics, maintenant industrielle ou équivalent","CALTRAC recrute **un(e) technicien(ne) maintenance infrastructures** pour un poste clé, au cœur de l’entretien et de la conformité des infrastructures, équipements et services généraux de l’entreprise.

**Mission principale :**

Assurer le suivi, l’entretien et la conformité opérationnelle des infrastructures, équipements et services généraux de Caltrac, afin de garantir la sécurité, la disponibilité des installations et le bon fonctionnement des activités, dans le respect des exigences de qualité, de sécurité, de coûts et de délais.

**Détails des missions :**

>	Suivi des infrastructures et des équipements
•	Réaliser les inspections périodiques des bâtiments et installations (bureaux, ateliers, racks de stockage, voiries, aires extérieures, systèmes de sécurité incendie, accès, sanitaires)
•	Réaliser des check-lists d’inspection et rédiger des rapports de suivi (photos, croquis, synthèse)
•	Tenir à jour le registre des infrastructures et le suivi des interventions
•	Identifier les besoins d’entretien ou de réparation et préparer les demandes d’intervention
•	Planifier et suivre les travaux d’entretien ou d’amélioration
•	Vérifier la conformité des prestataires (habilitations, plans de prévention, assurances, documents obligatoires)
•	Assurer la coordination des sous-traitants sur site (accès, sécurité, contrôle et validation des tâches)
•	Contrôler la qualité des prestations réalisées et formaliser les réceptions de travaux
•	Assurer l’archivage de la documentation technique.
>	Consultation des prestataires
•	Consulter les prestataires pour les travaux ou prestations nécessaires à l’entretien des infrastructures
•	Analyser et comparer les devis reçus
•	Présenter à son responsable une synthèse comparative des offres et proposer des recommandations (qualité, sécurité, coût, délai)
•	Participer au suivi des interventions et des prestations réalisées
>	Interventions techniques simples
•	Réaliser certains travaux d’entretien courant lorsque cela est possible (petites réparations, peinture, interventions simples)
•	Participer au maintien en bon état des infrastructures et équipements
>	Reporting et coordination
•	Produire un reporting régulier auprès du responsable hiérarchique
•	Maintenir un dialogue régulier avec les chefs de site et les managers concernés par l’évolution des dossiers liés aux infrastructures
•	Veiller au respect du planning d’inspections, d’opérations de maintenance et d’interventions externes
>	Appui au gestionnaire des achats
•	Participer au suivi des approvisionnements liés aux infrastructures (délais, conformité, réception, contrôle qualité)
•	Contribuer à la gestion des stocks de fournitures et consommables internes (implantation, mouvements, inventaires)
•	Participer à la préparation et à l’expédition des commandes internes vers les sites selon les besoins identifiés

*Liste non exhaustive*

**Conditions de travail**

Lieu de travail : Païta
Déplacements : fréquents 
Contraintes du poste (horaires – conditions de travail, etc.) : Déplacements ponctuels sur sites miniers
Horaires : 07H30 – 11H30 – 12H00 – 16H00 (15h00 le vendredi)
Les heures supplémentaires doivent être justifiées et validées au préalable par le supérieur hiérarchique.
Rythme de travail : 5/2
Disponibilité : N/A

**Définition du profil - formation initiale et continue**

A partir d’un bac professionnel (BTP, maintenance bâtiment, travaux publics, maintenance industrielle ou équivalent)
Expérience confirmée dans le domaine des infrastructures, du bâtiment, des travaux ou des services généraux
Autonomie, rigueur, sens des priorités et bon relationnel
À l’aise avec les outils bureautiques (Excel) et un ERP
Permis B exigé

 La fiche de poste détaillée est disponible sur notre site : https://caltrac-recrutement.nc/ 

**Comment postuler :**

Candidature (CV + lettre de motivation) à envoyer à caltrac.recrutement@caltrac.nc 
*Tout dossier incomplet ne sera pas pris en compte*",,,,,c2b43b96-5c2b-47aa-b199-a5ef717b0c90,0030551002,SOCIETE CALEDONIENNE DES TRACTEURS,SOCIETE PAR ACTIONS SIMPLIFIEE (SAS),CALTRAC,PAITA,ZICO II,
202603186f53,Aide dentaire,1,ACTIVE,J1312,2026-03-24 00:00:00+11:00,NOUMEA,CDD,0,3,0,true,4,false,false,false,2026-03-19 07:43:34+11:00,2026-03-19 07:43:34+11:00,VAE Assistant(e) dentaire,,,,,,3eb198d0-9c74-4326-a3d3-aa9c48182d30,1444660001,CABINET DENTAIRE DU DR DUVAL,SOCIETE D'EXERCICE LIBERAL A RESPONSABILITE LIMITEE (SELARL),CABINET DENTAIRE DU DR DUVAL,NOUMEA,144 RT 3 Magenta,
202603185de5,Conseiller / Conseillére en séjour touristique,1,ACTIVE,G1101,2026-03-23 00:00:00+11:00,NOUMEA,CDD,0,6,0,false,5,true,false,false,2026-03-18 17:15:09+11:00,2026-03-18 17:15:09+11:00,secteur tourisme,"## Mon offre d'emploi

Intitulé du poste : Conseiller(e) en séjour touristique (H/F)
Rattachement hiérarchique : Responsable des Offices de Tourisme
Lieu d’affectation : Office de Tourisme Nouméa

Le/la conseiller(e) en séjour accueille les visiteurs locaux et internationaux, que ce soit au téléphone, par
courriel, sur les réseaux sociaux ou physiquement au sein de l'Office de Tourisme.
Son objectif : apporter une réponse immédiate et sur mesure aux visiteurs, tout en valorisant le patrimoine
naturel et multiculturel, et par là-même participer au développement de l'économie touristique.
Il/elle met également en lumière les producteurs locaux, leurs histoires, leurs produits et leurs démarches
éco-responsables.

Principales missions :
● Accueillir et renseigner la clientèle touristique locale et internationale
● Participer aux actions de promotion sur des lieux d'événements touristiques en province sud
● Promouvoir l'offre touristique du territoire de manière personnalisée afin de répondre aux besoins
et attentes des visiteurs
● Contribuer à la mise à jour de l’information touristique
● Gérer l'espace d'information et assurer la gestion des stocks
● Assurer les ventes d’objets souvenirs et prestations
Compétences professionnelles :
● Maîtrise de l’anglais impératif
● De formation BAC +2 minimum, si possible dans les domaines du tourisme
● Expérience dans le conseil en séjour souhaité
● Connaissance du tissu économique local
● Permis B
Comportement professionnel :
● Travail en équipe
● Appétence pour l’innovation
● Sens de la communication
● Rigueur et ponctualité
● Force de proposition
● Curiosité
● Réactivité
● Bienveillance

Spécificités du poste :
CDD de 6 mois, à pourvoir immédiatement.
Travail les week-ends et jours fériés.

Contact : direction@sudtourisme.nc",,,,,a51a6f00-b852-4afc-a757-783c64432805,1528389001,SPL AGENCE D'ATTRACTIVITE SUD TOURISME,SA D'ECONOMIE MIXTE A CONSEIL D'ADMINISTRATION,SPL AGENCE D'ATTRACTIVITE SUD TOURISME,NOUMEA,33 rue de Sébastopol Centre Ville,
202603189e31,Administrateur / Administratrice systémes et réseaux,1,ACTIVE,M1801,2026-03-18 15:23:52+11:00,NOUMEA,CDD,0,6,0,false,5,false,false,false,2026-03-18 15:22:37+11:00,2026-03-18 15:22:37+11:00,,Connaissance de Windows et Linux,,,,,7bf11619-d26d-42a4-84bc-f254866791e3,1652890001,SF2I,SOCIETE A RESPONSABILITE LIMITEE (SARL),SF2I,NOUMEA,112 promenade Pierre Vernier N'Géa,
20260318ffe4,Commercial / Commerciale,1,ACTIVE,D1410,2026-04-13 00:00:00+11:00,NOUMEA,CDD,0,6,0,true,5,false,false,false,2026-03-18 14:49:55+11:00,2026-03-18 14:49:55+11:00,,,,,,,e0464a47-d962-4483-88b9-abb6093ca0f1,0838375001,CENTRE DE REMISE EN FORME DE L'ANSE-VATA,SOCIETE A RESPONSABILITE LIMITEE (SARL),CENTRE DE REMISE EN FORME DE L'ANSE-VATA,NOUMEA,Promenade Roger Laroque Anse Vata Résidence La Promenade,
20260318aa96,Animateur / Animatrice de parc de loisirs,1,ACTIVE,G1223,2026-03-21 00:00:00+11:00,DUMBEA,CDD,0,2,0,false,,true,false,false,2026-03-18 12:01:35+11:00,2026-03-18 12:01:35+11:00,,"## Mon offre d'emploi

Nous recherchons un(e) animateur(trice) polyvalent(e) pour renforcer notre équipe et faire vivre des moments inoubliables à nos clients !

🎮 TES MISSIONS :

Accueillir et encadrer les groupes avec énergie et bonne humeur

Animer les différentes activités : paintball, lasertag, gelblaster, bubble-foot…

Assurer la sécurité des participants (priorité n°1 !)

Installer et préparer les terrains / équipements

Participer à la bonne ambiance du parc 🔥

👥 TU SERAS EN CONTACT AVEC :

Anniversaires enfants 🎂

Familles 👨‍👩‍👧‍👦

Groupes d’amis 😎

EVG / EVJF 🎉

Entreprises & team building 💼

✅ PROFIL RECHERCHÉ :

Dynamique, souriant(e) et à l’aise avec le public

Sens des responsabilités et esprit d’équipe

À l’aise avec les enfants comme avec les adultes

Disponible les week-ends, jours fériés et vacances scolaires

Étudiants bienvenus ! 🎓

⭐ CE QU’ON T’OFFRE :

Une ambiance fun et conviviale 💛

Un job actif en plein air

Une expérience enrichissante au contact de publics variés

Intégrer une équipe motivée et passionnée.

Envoie ton CV et lettre de motivation à adrenaline2.nc@gmail.com",,,,,73164dc1-e794-489e-8bed-3cf8332b63cf,1460781001,MANAMANO,SOCIETE A RESPONSABILITE LIMITEE (SARL),MANAMANO,DUMBEA,Tranche 3 de la ZAC PANDA,
20260318d916,Agent / Agente d'accueil,1,ACTIVE,M1601,2026-05-04 00:00:00+11:00,NOUMEA,CDD,0,6,0,false,4,true,false,false,2026-03-18 11:17:12+11:00,2026-03-18 11:17:12+11:00,,"SERVICE CIVIQUE - 1 AGENT D’ACCUEIL
	   6 mois	  Mai à Octobre 2026 	

OBJECTIF DU SERVICE CIVIQUE
Au sein du CCAS, sous l’autorité hiérarchique du chef de service famille et coéducation, l'agent est chargé d’accueillir, informer et orienter les administrés sur le dispositif d’aides (accueil physique et téléphonique). 

ACTIVITÉS PRINCIPALES
Accueillir et orienter le public,
Accompagner les administrés dans les démarches,
Etre à l’écoute des attentes des administrés, informer et assurer le lien avec les agents du CCAS 
concernés,
Proposer des orientations en fonction de la demande,
Faire le lien avec les agents du CCAS en charge du Dispositif de Solidarité Républicaine.

PROFIL RECHERCHE
Etre âgé de 18 à 25 ans, 
Capacité à aller au-devant du public, à communiquer,
Capacité à travailler en équipe,
Ponctualité, assiduité, disponibilité, discrétion, sens de l'écoute. 

CONDITIONS D’EMPLOI
Période : du 4 mai au 31 octobre 2026
Temps de travail : 32h par semaine
Lieu de la mission : CCAS de Nouméa, 20 rue Galliéni - 98800 Nouméa
Indemnités mensuelles : 13 705 XPF + 66 610 XPF

VOUS ÊTES INTÉRESSÉ ?
Engagez-vous en envoyant votre lettre de motivation et votre CV à mairie.ccas@ville-noumea.nc
Pour plus d’informations contacter Monsieur Alexis MARSAN au 27.07.86",,,,,7315bf57-5162-4a4e-a337-5d39e75a681e,0424697001,CENTRE COMMUNAL D'ACTION SOCIALE VILLE  DE NOUMEA,CENTRE COMMUNAL D'ACTION SOCIALE (CCAS),CENTRE COMMUNAL D'ACTION SOCIALE VILLE  DE NOUMEA,NOUMEA,20 rue du Général Galliéni Centre Ville Mairie Annexe,
202603171ab8,Comptable général / Comptable générale,1,ACTIVE,M1203,2026-03-18 09:44:44+11:00,NOUMEA,CDI,0,0,0,true,5,true,false,false,2026-03-18 09:43:52+11:00,2026-03-18 09:43:52+11:00,"Diplôme en comptabilité, finance ou gestion","**votre mission** :
Sous la responsabilité directe de la responsable administrative et financière, vous êtes en charge des tâches suivantes :

MISSIONS PRINCIPALES 

1 - Trésorerie

* Saisir quotidiennement la trésorerie
* Etablir les rapprochements bancaires
* Contrôler les caisses

2 - Comptabilité générale et fournisseurs

* Assurer la saisie et le suivi des opérations comptables (comptabilité générale et analytique)
* Lettrer les comptes
* Reporting mensuel
* Participer à l’élaboration des bilans (constitution des dossiers, provisions, …)


3 - Comptabilité clients

* Contrôler la facturation client
* Suivre les encaissements et effectuer les lettrages
* En collaboration avec le Commercial, suivre les contrats clients (grands comptes et marchés)
* Mettre en œuvre la politique de recouvrement
* Constituer des dossiers contentieux

4 - Paie

* Collecter et préparer les éléments constitutifs de la paie

5 - Administratif

* Participer à la mise à jour de process et autres procédures internes

**Votre profil **: 

COMPETENCES REQUISES

* Maîtrise des logiciels de comptabilité SAGE, d’Excel et Word
* Connaissance des normes comptables et fiscales en NC
* Anglais intermédiaire

QUALITES PERSONNELLES

* Rigueur et précision dans le travail
* Sens de l’organisation et capacité à respecter les délais
* Bonnes capacités d’analyse et de synthèse
* Sens de la communication et du relationnel
* Autonomie et esprit d’équipe

CANDIDATURE 

Pour postuler, merci d’envoyer votre CV et une lettre de motivation à l’adresse suivante : recrutmdpmdr@gmail.com",,,,,8ce405bb-00f3-4e7a-8ab4-5c196b2954a3,0136119001,MAISON DU RECHAPAGE,SOCIETE A RESPONSABILITE LIMITEE (SARL),MAISON DU RECHAPAGE,NOUMEA,33 RUE AMPERE ZONE IND. DUCOS LOT 151 LOTISSEMENT INDUSTRIEL,
20260317d7b5,Assistant / Assistante au contréle de gestion,1,ACTIVE,M1222,2026-04-01 00:00:00+11:00,NOUMEA,CDI,0,0,0,true,6,true,false,false,2026-03-18 07:29:00+11:00,2026-03-18 07:29:00+11:00,DCG,"ASSISTANT FINANCE/CONTROLE DE GESTION JUNIOR / ASSISTANT COMPTABLE

L’assistant Finance et contrôle de gestion a pour mission principale d’assurer la bonne tenue du contrôle du revenu du groupe. Il assure en collaboration avec le Directeur Administratif et Financier le bon suivi des procédures financières opérationnelles et non opérationnelles en vigueur et participe aux clôtures mensuelles et aux différentes analyses de coûts nécessaires.",,,,,3ebac56f-54d0-45d3-819c-88a828d0b337,0903286001,GROUPE LA PROMENADE,SOCIETE PAR ACTIONS SIMPLIFIEE (SAS),GROUPE LA PROMENADE,NOUMEA,123 promenade Roger Laroque Anse Vata,
202603175b82,Consultant / Consultante IT,1,ACTIVE,M1806,2026-03-23 10:00:00+11:00,NOUMEA,CDD,0,0,1,false,6,true,false,false,2026-03-17 20:51:18+11:00,2026-03-17 20:51:18+11:00,,"Pour accompagner le développement de l'entreprise, nous recherchons un consultant support de niveau 2.
Il devra accompagner les clients dans l'utilisations de l'application et la résolution d'incidents.
Il devra également mettre en place une véritable stratégie de gestion de la relation clients en industrialisant les processus de support et de suivi.",,,,,71d7a540-d609-4585-84c3-9fa31aad5e9d,1437714001,DIGIBARRE,SOCIETE PAR ACTIONS SIMPLIFIEE (SAS),DIGIBARRE,NOUMEA,10 rue Franz Liszt Vallée des Colons,
20260317dbc5,Commercial / Commerciale,1,ACTIVE,D1410,2026-04-07 00:00:00+11:00,NOUMEA,CDD,0,3,0,true,6,true,false,false,2026-03-17 18:08:07+11:00,2026-03-17 18:08:07+11:00,"commerce, marketing",Commercial(e) en charge du développement des abonnements et des opération spéciales,,,,,5b9e72c6-b974-43d3-871b-db0d9f09551d,1585819001,INTERMEDIAS,SOCIETE PAR ACTIONS SIMPLIFIEE (SAS),INTERMEDIAS,NOUMEA,29 avenue du Maréchal Foch Centre Ville,
202603172157,Professeur / Professeure de matiéres scientifiques,1,ACTIVE,K2107,2026-03-23 00:00:00+11:00,KAALA-GOMEN,CDD,15,0,0,false,6,false,false,false,2026-03-17 17:34:54+11:00,2026-03-17 17:34:54+11:00,Licence de physiques-chimie ou diplôme d'ingénieur (Bac+5),"## Mon offre d'emploi

POSTE DE PROFESSEUR DE PHYSIQUES-CHIMIE ET TECHNOLOGIE
Contact : 47.67.52 / 99.58.76  Mail : secretariat.baganda@asee.nc",,,,,6b5d0890-7968-482f-b406-e8c86a5305e6,1599513002,COMMUNAUTE DES ALLIANCES SCOLAIRES ET EDUCATIVES DE BWAKADRA,ASSOCIATION LOI 1901 OU ASSIMILE,COLLÈGE DE BAGANDA,KAALA-GOMEN,Tribu de Baganda,
20260317a241,Commercial / Commerciale,2,ACTIVE,D1410,2026-03-18 00:00:00+11:00,,CDI,0,0,0,true,5,false,false,false,2026-03-17 17:03:43+11:00,2026-03-17 17:03:43+11:00,,"‼  𝗣𝗼𝘀𝘁𝗲 𝗮̀ 𝗽𝗼𝘂𝗿𝘃𝗼𝗶𝗿 𝗮𝘂 𝘀𝗲𝗶𝗻 𝗱'𝗔𝗱𝗽𝘂𝗹𝘀𝗲 ‼ 
💡 Recherche un(e) commercial(e) terrain B to B. 
💥 Profil ""hunter"" pour compléter notre équipe dynamique. 
🌐 Entreprise innovante dans le secteur d'internet (Facebook, Sites internet, Google etc.), nous vous offrirons les moyens de vous épanouir. 
𝐏𝐎𝐒𝐓𝐄 𝐄𝐍 𝐂𝐃𝐈 : 
📌 Basé à Nouméa (Faubourg Blanchot) à pourvoir dès que possible. 
💰 Rémunération fixe + variable missions. 
📈 En charge du développement commercial de la société vous : 
🔰 Informez et conseillez sur l'ensemble des capacités de la société, 
🔰 Développez un portefeuille clients, 
🔰 Proposez des devis rapides en adéquation avec les attentes des clients, 
🔰 Développez rapidement votre CA grâce à vos capacités commerciales. 
𝐏𝐑𝐎𝐅𝐈𝐋 : 
📚 De formation commerciale (Bac +2 minimum) : 
🔰 3 ans d'expérience terrain minimum. 
🔰 Votre capacité d'adaptation, 
🔰 Votre ténacité, 
🔰 Votre autonomie, 
🔰 Votre culture du résultat, 
🔰 Votre rigueur, 
🔰 Votre capacité de prospection téléphonique, 
🎯 Sont les qualités indispensables pour réussir ce challenge et atteindre vos objectifs. 
✅ Nous recherchons un(e) commercial(e) polyvalent(e) : 
▪ Aisance téléphonique ▪ Chasseur(se) ▪ Conseiller(e) 
✅ Votre intérêt pour la communication digitale et les médias est un plus. 🤝 
Rejoignez l'aventure 𝗔𝗱𝗽𝘂𝗹𝘀𝗲 ! 👇 
Déposez vos candidatures à l'adresse ci-dessous : 
📧 recrutement@adpulse.me",,,,,4e92c601-9323-4463-acac-45b51e98795c,1305960001,ADPULSE,SOCIETE A RESPONSABILITE LIMITEE (SARL),ADPULSE,NOUMEA,52 route du Port Despointes Faubourg Blanchot,
2026031721b8,Employé / Employée de gestion de copropriété,1,ACTIVE,C1502,2026-06-01 00:00:00+11:00,NOUMEA,CDI,0,0,0,false,5,false,false,false,2026-03-17 16:09:44+11:00,2026-03-17 16:09:44+11:00,,"NOUMÉA IMMOBILIER SYNDIC recherche un(e) gestionnaire de copropriétés ET un(e) gestionnaire junior en CDI.

Profil :
De formation minimum Bac +2 (dans le domaine de l'immobilier)
Expérience d’au minimum  2 ans sur poste un similaire,
Sens rédactionnel développé,
Réactivité et disponibilité,
Esprit d'équipe indispensable,

Missions :
Gestion quotidienne des copropriétés ( Suivi technique et administratif des résidences...)
Gestion des travaux (demande de devis, suivi des travaux …)
Gestion des dossiers sinistres.
Préparation, tenue et rédaction de procès-verbaux des assemblées générales, dans le respect des règles en vigueur.
Suivi des décisions et applications des résolutions votées.
Déplacements sur site (résidences)

La connaissance du logiciel CRYPTO  serait un plus. 

Envoyer CV, lettre de motivation par mail à l'attention de M. SALIVET à l'adresse @  :  y.salivet@noumea-immobilier.nc",,,,,34c9af0d-ab34-41c2-a3e6-81fdd97155c7,0419093001,SOCIETE CIVILE IMMOBILIERE NOUMEA IMMOBILIER SYNDIC,SOCIETE CIVILE IMMOBILIERE (SCI),SOCIETE CIVILE IMMOBILIERE NOUMEA IMMOBILIER SYNDIC,NOUMEA,19 rue Jules Ferry Centre Ville,
202603176bbd,Employé administratif / Employée administrative (accueil),1,ACTIVE,M1602,2026-03-17 00:00:00+11:00,NOUMEA,CDI,0,0,0,false,4,false,false,false,2026-03-17 16:06:01+11:00,2026-03-17 16:06:01+11:00,,"L’agence NOUMÉA IMMOBILIER SYNDIC recherche pour son département syndic, une Assistante Administrative en Front Office.
Poste à pourvoir de suite pour un CDI.
Ses missions :
•	Accueil de la clientèle
•	Réception et saisie des encaissements et relances impayées
•	Envoi des convocations et PV d'Assemblées Générales

Son Profil :
•	Bonne présentation
•	Dynamisme organisé
•	Maîtrise parfaite de l’outil informatique

Une expérience dans le domaine  immobilier serait un atout.
Merci d'adresser vos CV et lettre de motivation uniquement par mail à l’adresse suivante : s.robbe@noumea-immobilier.nc",,,,,34c9af0d-ab34-41c2-a3e6-81fdd97155c7,0419093001,SOCIETE CIVILE IMMOBILIERE NOUMEA IMMOBILIER SYNDIC,SOCIETE CIVILE IMMOBILIERE (SCI),SOCIETE CIVILE IMMOBILIERE NOUMEA IMMOBILIER SYNDIC,NOUMEA,19 rue Jules Ferry Centre Ville,
202603175b06,Assistant / Assistante des ventes,1,ACTIVE,D1409,2026-03-23 00:00:00+11:00,NOUMEA,CDD,0,3,0,false,5,false,false,false,2026-03-17 16:00:07+11:00,2026-03-17 16:00:07+11:00,,"Les missions générales de la fonction regroupent les tâches suivantes :

Administration & facturation
•	Créer/élaborer, mettre à jour et archiver les dossiers patients.
•	Créer/élaborer devis, constituer et soumettre les demandes d’accords préalables. 
•	Suivi et relance médico prescripteurs, organismes payeur et patients.
•	Suivi et relance des dossiers redondants
•	Collaboration étroite avec le service facturation - Contrôler la conformité documentaire avant facturation pour réduire le taux de rejet – Facturation directe selon protocole
•	Répondre aux sollicitations du service recouvrement.

Vente magasin & extérieure
•	Accueillir, conseiller, réaliser des ventes additionnelles à destination des particuliers et des professionnels (production d'offres et de devis)
•	Maintenir l’espace de vente conforme aux guidelines. 
•	Organiser et animer actions terrain.

E-commerce & numérique
•	Administrer la boutique en ligne : intégration fiches produit, suivi prix et stocks. 
•	Gérer le service après-vente en ligne : chat, emails, avis. 
•	Produire du contenu numérique : posts / semaine (Meta…)…

Optimisation marge produits
•	Suivre les taux de marge produits cibles. 
•	Proposer des bundles ou promotions à marge préservée.
•	Remonter au Responsable Achats toute anomalie d’achat (prix, délai)

Logistique & planning livreur
•	Construire un planning tournées optimisé 
•	Communiquer les priorités patients au livreur et suivre les preuves de livraisons.

Reporting & tableaux de bord
•	Analyser les indicateurs kilométriques et taux de service
•	Mettre à jour les tableau KPI
•	Présenter un flash report

Polyvalence & organisation. 
•	Roulement selon acticité (administratif - commercial/digital).

Les missions secondaires regroupent les tâches suivantes :

•	Participer à la définition, l’élaboration, la rédaction et l’harmonisation des procédures (logigrammes processus procédure mode opératoire…) de suivis (dossiers patients, facturation et traitement des rejets/ retours)
•	Participer à l’évolution des systèmes informatiques et des flux de gestion. 
•	Participer à l’amélioration les échanges d’informations et de données entre les différents services ou sites de l’entreprise.
•	Mettre à jour les bases de données pour suivre l'activité 
•	Participer au suivi de tableaux de bord hebdomadaires et mensuels de suivi de l’activité.",,,,,c68398ce-1504-4ff9-827e-dc6996fcb7df,1043728003,PACIFIC CARE,SOCIETE A RESPONSABILITE LIMITEE (SARL),PACIFIC CARE,DUMBEA,43 boulevard Joseph Wamytan,
20260317b725,Responsable de back-office,1,ACTIVE,C1302,2026-05-04 00:00:00+11:00,DUMBEA,CDI,0,0,0,false,5,false,false,false,2026-03-17 15:35:31+11:00,2026-03-17 15:35:31+11:00,,"## Responsable back office liquidation et référent formation prestations

Missions
Sous la responsabilité du directeur adjoint en charge du pôle assurance maladie, le titulaire du poste pilote l’activité du back office liquidation et de l’équipe de contrôle associée et de la chargée des relations externes. Il garantit la qualité, la conformité réglementaire et les délais de traitement du processus de remboursement des prestations, de la réception des flux à leur paiement. Expert métier, il contribue à la professionnalisation des équipes en concevant et en animant les dispositifs de formation nécessaires à l’évolution des compétences.

**Pilotage de l'activité** :

- Organiser et répartir les flux de traitement (documents, dossiers, flux numériques et physiques).
- Planifier et superviser la charge de travail des équipes.
- Garantir le respect des délais et de la qualité de traitement.
- Mettre en place des outils de suivi et de pilotage de l’activité.

**Supervision du processus de liquidation :**

- Superviser l’ensemble de la chaîne de liquidation, de la réception des feuilles de soins au paiement des prestations.
- Garantir l’application des règles de liquidation (CAFAT, mutuelle, nomenclatures).
- Contrôler la conformité des dossiers et valider les rejets si nécessaire.
- Gestion des indus et recouvrement.
- Assurer une veille tarifaire et réglementaire.
- Contrôle et qualité
- Superviser les opérations de contrôle des prestations
- Identifier les anomalies, analyser les causes et proposer des actions correctives.
- Contribuer à l’amélioration continue des procédures et des outils.

**Relations et interfaces :**

- Assurer l’interface avec les services internes et partenaires externes.
- Coordonner les besoins techniques et logistiques du service.
- Supervision des demandes adhérents :
- Superviser le traitement des demandes des adhérents liées aux prestations.
- Garantir la qualité et la cohérence des réponses apportées.

**Supervision des relations avec les partenaires de santé :**

- Superviser la relation avec les partenaires de santé, de leur conventionnement au règlement de prestations.
- Superviser le traitement des demandes des professionnels de santé liées aux prestations.
- Garantir la qualité et la cohérence des réponses apportées.

**Supervision de l’archivage physique des dossiers :**

- Coordonner l’archivage des dossiers en format papier remboursés ainsi que les demandes de sorties d’archive émanant des services internes et externes (CAFAT).
- Superviser le transfert physique d’archives vers le prestataire, superviser le transfert de propriété des dossiers vers la CAFAT.

**Référent formation prestations :**

- Identifier les besoins en compétences des équipes.
- Concevoir et déployer les dispositifs de formation (supports, parcours, évaluations).
- Animer les formations et accompagner la montée en compétences. Évaluer les acquis et mesurer l’efficacité des actions de formation.
- Harmoniser les pratiques professionnelles et diffuser les bonnes pratiques.
- Assurer une veille réglementaire et technique pour adapter les contenus.

Profil
Le candidat devra être titulaire d'un bac +2 minimum dans le domaine tertiaire ou assurance, complété par une expérience significative en liquidation des prestations et en management d’équipe. Une expérience en formation professionnelle ou accompagnement des compétences est fortement souhaitée.

**Compétences clés :**

- Pilotage d’activité et reporting.
- Management d’équipe et développement des compétences.
- Analyse de données et suivi d’indicateurs.
- Conduite du changement et amélioration continue.
- Maîtrise des outils informatiques, des logiciels métiers et de la dématérialisation.
- Excellente communication écrite et orale.


POUR POSTULER : Merci de déposer votre candidature sur notre site internet : https://www.mdf.nc/la-mdf-recrute/",,,,,c97c2751-1752-457f-a9d5-c7248467a401,0141523001,SOCIETE MUTUALISTE DES FONCTIONNAIRES ET AGENTS DES SERVICES PUBLICS,MUTUELLE,SOCIETE MUTUALISTE DES FONCTIONNAIRES ET AGENTS DES SERVICES PUBLICS,NOUMEA,28 rue Olry Vallée du Génie,
20260317370b,Commercial / Commerciale,1,ACTIVE,D1410,2026-03-17 15:14:20+11:00,PAITA,CDI,0,0,0,false,5,true,false,false,2026-03-17 15:14:08+11:00,2026-03-17 15:14:08+11:00,,"Assurer la vente et le conseil de pièces de rechange, accessoires et équipements automobiles et divers produits auprès d'une clientèle de particuliers et de professionnels (garages, carrossiers, mécaniciens), tout en garantissant la satisfaction client et l'atteinte des objectifs commerciaux du magasin.",,,,,15f31547-70ec-4a53-ba2f-d34d377f4c1e,1627447001,@ROBASE NC,SOCIETE A RESPONSABILITE LIMITEE (SARL),@ROBASE NC,PAITA,1546 route de la ZIZA,
20260317c96c,Comptable principal / Comptable principale,1,ACTIVE,M1203,2026-04-01 00:00:00+11:00,NOUMEA,CDI,0,0,0,false,5,false,false,false,2026-03-17 14:26:43+11:00,2026-03-17 14:26:43+11:00,Comptabilité gestion,,,,,,693151e9-ab94-466a-9c9a-667708442db9,1311299001,PROSELECT,SOCIETE A RESPONSABILITE LIMITEE (SARL),PROSELECT,NOUMEA,224 rue Jacques Iékawé PK 6 Complexe Belle Vie,
20260317f894,Ingénieur / Ingénieure des travaux publics,1,ACTIVE,F1106,2026-03-09 00:00:00+11:00,DUMBEA,CDI,0,0,0,true,7,false,false,false,2026-03-17 14:13:23+11:00,2026-03-17 14:13:23+11:00,,,,,,,3e0b972f-19e8-4605-9c69-ad6277dd4f86,0035204001,SOCIETE D'EQUIPEMENT DE LA NOUVELLE-CALEDONIE,SOCIETE ANONYME D'ECONOMIE MIXTE (SAEM),SOCIETE D'EQUIPEMENT DE LA NOUVELLE-CALEDONIE,DUMBEA,40 rue Félix Trombe Koutio,
202603174223,Secrétaire administratif / Secrétaire administrative,1,ACTIVE,M1607,2026-03-17 13:53:56+11:00,DUMBEA,CDD,0,0,0,false,4,false,false,false,2026-03-17 13:53:32+11:00,2026-03-17 13:53:32+11:00,,"## Sécrétaire administrative polyvalente

La société TSJ Import recherche pour ses filiales une secrétaire administrative polyvalente. Le poste est basé sur Dumbéa, à pouvoir à temps complet en CDD de 3 mois renouvelable. Pour postuler, envoyez CV, lettre de motivation et prétentions salariales à compta@tsjimport.nc",,,,,719cbf1b-86ac-4d76-aee2-35d50c8f3ec6,0778480001,TSJ IMPORT,SOCIETE A RESPONSABILITE LIMITEE (SARL),TSJ IMPORT,NOUMEA,22 rue Auer Zone Industrielle de Ducos,
202603177045,Technicien / Technicienne helpdesk,1,ACTIVE,I1404,2026-03-17 11:43:27+11:00,NOUMEA,CDD,0,6,0,false,5,false,false,false,2026-03-17 13:48:00+11:00,2026-03-17 13:48:00+11:00,,,,,,,7bf11619-d26d-42a4-84bc-f254866791e3,1652890001,SF2I,SOCIETE A RESPONSABILITE LIMITEE (SARL),SF2I,NOUMEA,112 promenade Pierre Vernier N'Géa,
20260317d1a3,Technicien / Technicienne frigoriste,1,ACTIVE,I1306,2026-03-23 00:00:00+11:00,DUMBEA,CDD,0,0,0,true,4,false,false,false,2026-03-17 13:44:51+11:00,2026-03-17 13:44:51+11:00,Installateur dépanneur en froid et conditionnement d'air,,,,,,b7f34138-3de1-4529-b2e5-1259d0fb29fc,1566876001,G'FROID SERVICES,SOCIETE A RESPONSABILITE LIMITEE (SARL),G'FROID SERVICES,DUMBEA,21 RUE DES ARPENTEURS  LOT 105,
20260317a336,Chef cuisinier / Cheffe cuisiniére,1,ACTIVE,G1601,2026-05-01 00:00:00+11:00,NOUMEA,CDI,0,0,0,true,,true,false,false,2026-03-17 12:19:07+11:00,2026-03-17 12:19:07+11:00,,,,,,,8751d0a5-c80a-454a-aeff-613be5175b73,1093418001,SARL ART' TERRASSE,SOCIETE A RESPONSABILITE LIMITEE (SARL),SARL ART' TERRASSE,NOUMEA,22 rue Jules Garnier Baie des Citrons,
2026031778b3,Agent / Agente d'exploitation informatique,1,ACTIVE,M1810,2026-03-17 12:02:26+11:00,YATE,CDD,0,6,0,false,5,false,false,false,2026-03-17 12:02:18+11:00,2026-03-17 12:02:18+11:00,,,,,,,7bf11619-d26d-42a4-84bc-f254866791e3,1652890001,SF2I,SOCIETE A RESPONSABILITE LIMITEE (SARL),SF2I,NOUMEA,112 promenade Pierre Vernier N'Géa,
2026031747ec,Technicien / Technicienne helpdesk,1,ACTIVE,I1404,2026-03-17 11:43:27+11:00,NOUMEA,CDI,0,0,0,false,5,false,false,false,2026-03-17 11:43:23+11:00,2026-03-17 11:43:23+11:00,,,,,,,7bf11619-d26d-42a4-84bc-f254866791e3,1652890001,SF2I,SOCIETE A RESPONSABILITE LIMITEE (SARL),SF2I,NOUMEA,112 promenade Pierre Vernier N'Géa,
20260317a6c1,Conducteur / Conductrice de travaux en électricité,1,ACTIVE,F1201,2026-03-17 11:15:07+11:00,NOUMEA,CDD,0,6,0,true,5,false,false,false,2026-03-17 11:14:55+11:00,2026-03-17 11:14:55+11:00,,Des déplacements sont à prévoir sur l'ensemble du territoire.,,,,,10946cce-b328-4ab4-971a-bc93a73f02d1,0418582001,ÂBORO CONSULTING,SOCIETE PAR ACTIONS SIMPLIFIEE (SAS),ÂBORO CONSULTING,NOUMEA,24 avenue du Maréchal Foch Centre Ville,
202603175be3,Acheteur approvisionneur / Acheteuse approvisionneuse,1,ACTIVE,M1101,2026-04-01 00:00:00+11:00,PAITA,CDD,0,6,0,true,5,false,false,false,2026-03-17 11:07:56+11:00,2026-03-17 11:07:56+11:00,,,,,,,10946cce-b328-4ab4-971a-bc93a73f02d1,0418582001,ÂBORO CONSULTING,SOCIETE PAR ACTIONS SIMPLIFIEE (SAS),ÂBORO CONSULTING,NOUMEA,24 avenue du Maréchal Foch Centre Ville,
202603167272,Représentant commercial / Représentante commerciale,1,ACTIVE,D1410,2026-03-17 10:41:01+11:00,NOUMEA,CDI,0,0,0,false,5,true,false,false,2026-03-17 10:40:44+11:00,2026-03-17 10:40:44+11:00,commerce,Des déplacements sont à prévoir dans l’ensemble du territoire.,,,,,10946cce-b328-4ab4-971a-bc93a73f02d1,0418582001,ÂBORO CONSULTING,SOCIETE PAR ACTIONS SIMPLIFIEE (SAS),ÂBORO CONSULTING,NOUMEA,24 avenue du Maréchal Foch Centre Ville,
202603160b08,Infirmier conseiller / Infirmiére conseillére de santé,1,ACTIVE,J1506,2026-03-30 00:00:00+11:00,NOUMEA,CDD,0,10,0,false,,false,false,false,2026-03-17 08:52:14+11:00,2026-03-17 08:52:14+11:00,,,,,,,f5f91956-e0b1-45d8-ba38-946a705c55f4,0906560001,EMERGENCY MEDICAL CARE PACIFIC,SOCIETE A RESPONSABILITE LIMITEE (SARL),EMERGENCY MEDICAL CARE PACIFIC,NOUMEA,15 rue Édouard Glasser Motor-Pool,
2026031605ab,Huissier (menuisier) / Huissiére (menuisiére),1,ACTIVE,H2206,2026-04-01 00:00:00+11:00,NOUMEA,CDD,0,3,0,false,3,true,false,false,2026-03-17 06:35:02+11:00,2026-03-17 06:35:02+11:00,,"Expérience en fabrication (menuiserie bois et agencement) de minimum de 5ans obligatoire (hors périodes de stages)
Travail soigné exigé
CDD de 3 mois suivi d'un CDI si conclusions satisfaisantes
Salaire suivant compétences 
Merci d'envoyer votre CV à amb.sarl.nc@gmail.com",,,,,ba444efb-4334-42c8-b19c-d826c7969714,1274158001,AGENCEMENT MENUISERIE BOIS,SOCIETE A RESPONSABILITE LIMITEE (SARL),AGENCEMENT MENUISERIE BOIS,PAITA,Allée de Gommier Les 3 Vallées Lot 269,
20260316603a,Ingénieur / Ingénieure d'exploitation de gisements,1,ACTIVE,F1203,2026-03-16 19:52:32+11:00,POYA,CDI,0,0,0,true,7,true,true,false,2026-03-16 19:52:24+11:00,2026-03-16 19:52:24+11:00,Ingénieur,"## RESPONSABLE DES OPERATIONS MINIERES (F/H)
Titulaire d’un BAC+5 de formation Ingénieur ou équivalent : mineur, géologue, génie civil avec 8 à 10 ans d’expérience professionnelle en exploitation minière et management. Et :
• Capacités managériales avérées ;
• Sens de l’organisation et de la rigueur ;
• Charisme et aptitudes à la communication ;
• Connaissance des outils et méthodes de management de la performance ;
• Aptitude forte au dialogue social et à la négociation ;
• Connaissance approfondie de l’exploitation minière et de l’entretien des engins miniers ;
• Maitrise des outils informatiques dont principalement la suite Office (Teams, Outlook, Excel, Word,…)",,,,,33c0d8e7-2a2e-444a-840f-265f74ab55ec,0050054002,STE LE NICKEL - SLN SA,SA A CONSEIL D'ADMINISTRATION (S.A.I.),STE LE NICKEL - SLN,NOUMEA,2 rue Philogène Laland Desjardin Doniambo,
2026031674f7,Chargé / Chargée de clientéle en assurances,1,ACTIVE,C1102,2026-03-20 00:00:00+11:00,NOUMEA,CDD,0,0,0,true,6,true,false,false,2026-03-16 18:01:15+11:00,2026-03-16 18:01:15+11:00,,"Adresser lettre de motivation, CV et prétentions salariales à 
cdegaillande@groupama-gan.nc",,,,,47b43fe3-e6f1-4147-b44a-88426a063554,,,,,,,
20260316eb55,Responsable du développement commercial,1,ACTIVE,M1707,,NOUMEA,CDI,0,0,0,true,7,false,false,false,2026-03-16 15:26:37+11:00,2026-03-16 15:26:37+11:00,"Formation marketing, communication et commerciale","En relation avec la direction générale, le(la) candidat(e) est en charge du développement de la régie publicitaire des supports que nous gérons. Goût du terrain, sens de l'écoute, force de négociation et de persuasion, goût pour les challenges, le candidat(e) participe à la croissance et aux développements de la société. Connaissance du métier nécessaire, connaissance de la Calédonie, expérience dasn le même type de poste indispensable. Rémunération motivante et évolutive, possibilités de développement personnel",,,,,f5f300f9-a06e-407f-81f3-647ed1f26a97,1039908001,SARL REZO,SOCIETE A RESPONSABILITE LIMITEE (SARL),SARL REZO,NOUMEA,27 bis avenue du Maréchal Foch Centre Ville Immeuble FEILLET,
202603162d9d,Distributeur / Distributrice de journaux,2,ACTIVE,M1615,2026-03-16 00:00:00+11:00,NOUMEA,CDD,0,3,0,false,,true,false,false,2026-03-16 15:20:36+11:00,2026-03-16 15:20:36+11:00,,"Recherche distributeur de journaux, travail en soirée, 6 jours par semaine, permis et véhicule obligatoire",,,,,f5f300f9-a06e-407f-81f3-647ed1f26a97,1039908001,SARL REZO,SOCIETE A RESPONSABILITE LIMITEE (SARL),SARL REZO,NOUMEA,27 bis avenue du Maréchal Foch Centre Ville Immeuble FEILLET,
2026031632b3,Conducteur / Conductrice de travaux,1,ACTIVE,F1201,2026-04-01 00:00:00+11:00,YATE,CDD,0,3,5,true,,false,false,false,2026-03-16 15:07:15+11:00,2026-03-16 15:07:15+11:00,BTS Génie civil,"Conductaur de travaux

Conducteur de travaux (H/F) pour coordonner l'ordonnancement de travaux de terrassement VRD et civil BTP, participer aux lancements quotidiens des chantiers et des équipes, participer aux réunions, établir les plannings d'activité journalier et les méthodes de travail, s'assurer que les objectifs soient maintenus, s'informer et oeuvrer selon les plans d'exécution et prérequis qualités ; Titulaire d'un BTS dans le BTP avec 5 à 10 ans d'expérience professionnelle ; Permis B exigé ; Maîtrise d'Excel, Word, sens du relationnel, esprit d'initiative, rigoureux et responsable ; CDD de 3 mois à temps complet (en quart 4/4, 12hrs/jrs, condition base vie: nourrit, logé)",,,,,090a0ea6-8ea5-4bde-83d8-52bcb60fab1e,1652478001,ACTP.NC,SOCIETE A RESPONSABILITE LIMITEE (SARL),ACTP.NC,PAITA,350 Lotissement Savannah,
202603168819,Infirmier préleveur / Infirmiére préleveuse,1,ACTIVE,J1506,2026-03-16 00:00:00+11:00,NOUMEA,CDD,0,3,0,false,6,false,false,false,2026-03-16 14:56:29+11:00,2026-03-16 14:56:29+11:00,Dipôme d'Etat d'Infirmier,"CDD de 3 mois évolutif
A pourvoir dès que possible
Lieu de travail : Laboratoire Calédobio du Quartier Latin, NOUMEA
Hoaires : Temps plein. Travail 1 samedi sur 2",,,,,7adfd0de-db38-4aa9-9631-0f1ad83c7760,0770768001,CALEDO BIO,SOCIETE DE PARTICIPATIONS FINANCIERES DE PROFESSION LIBERALE SOCIETE A RESPONSABILITE LIMITEE (SPFPL SARL),CALEDO BIO,NOUMEA,31 rue Eugène Porcheron Quartier Latin,
202603161a10,Assistant administratif et commercial / Assistante administrative et commerciale,1,ACTIVE,D1401,2026-03-16 14:43:35+11:00,NOUMEA,CDI,0,0,0,false,5,false,false,false,2026-03-16 14:43:26+11:00,2026-03-16 14:43:26+11:00,,,,,,,def399d4-a44b-4a5e-8b81-8ec10f13fb0f,0803585001,INTER INVEST OUTRE MER,SOCIETE A RESPONSABILITE LIMITEE (SARL),INTER INVEST OUTRE MER,NOUMEA,7 rue Fulton Zone Industrielle de Ducos IMMEUBLE LE FULTON,
2026031672ee,Chargé / Chargée de clientéle entreprises de banque,1,ACTIVE,C1206,2026-03-16 14:34:47+11:00,NOUMEA,CDI,0,0,0,false,5,false,false,false,2026-03-16 14:34:35+11:00,2026-03-16 14:34:35+11:00,,"Societe dans le financement qui ne travaille qu'avec des professionnels. Le futur chargé d'affaires ne doit pas forcément être issu du milieu bancaire, la formation financière pourra s'aquerir au fur et à mesure. Le poste nécessite des déplacements (voiture de service à disposition).",,,,,def399d4-a44b-4a5e-8b81-8ec10f13fb0f,0803585001,INTER INVEST OUTRE MER,SOCIETE A RESPONSABILITE LIMITEE (SARL),INTER INVEST OUTRE MER,NOUMEA,7 rue Fulton Zone Industrielle de Ducos IMMEUBLE LE FULTON,
20260316c083,Agent / Agente de sécurité,4,ACTIVE,K2503,2026-04-01 00:00:00+11:00,YATE,CDI,0,0,0,true,,true,false,false,2026-03-16 14:16:07+11:00,2026-03-16 14:16:07+11:00,CARTE PROFESSIONNELLE ASPQ,"Envoi des candidatures par mail.
d.binet@erysgroup.com",,,,,fe31a48c-5c50-4b9f-a27b-0ba7f6dcf591,1508209001,ERYS SECURITE NC,SOCIETE ACTIONS SIMPLIFIEE A ASSOCIE UNIQUE OU UNIPERSONNELLE,ERYS SECURITE NC,NOUMEA,85 avenue du Général de Gaulle Quartier Latin Immeuble Carcopino 3000  C/o CJF,
20260316fde8,Ouvrier / Ouvriére d'entretien propreté,1,ACTIVE,K2307,2026-03-16 14:04:09+11:00,PAITA,CDD,0,3,0,true,4,true,false,false,2026-03-16 14:01:24+11:00,2026-03-16 14:01:24+11:00,,"Dépôt des candidatures
Votre candidature (CV+ Lettre de motivation OBLIGATOIRE) est à déposer à l’adresse : recrutement@csp.nc

La date de clôture est fixée au : Vendredi 27 mars 2026 à 14h00",,,,,482e275c-6d7d-4698-b3ff-ea15f4cc2c52,0202499001,SOCIETE CALEDONIENNE DE SERVICES PUBLICS,SOCIETE EN NOM COLLECTIF (SNC),SOCIETE CALEDONIENNE DE SERVICES PUBLICS,NOUMEA,11 rue Louis Pélatan Zone Industrielle de Ducos,
20260316f82b,Infirmier / Infirmiére en gériatrie,1,ACTIVE,J1506,2026-03-30 00:00:00+11:00,,,0,0,0,false,6,false,false,false,2026-03-16 11:54:31+11:00,2026-03-16 11:54:31+11:00,Diplôme Infirmier,"LES PETITES SŒURS DES PAUVRES « MA MAISON » situé au Faubourg Blanchot recherche un(e ) INFIRMIER(E)  H/F :


Vous aurez pour mission :

	Recueil des données cliniques, des besoins et des attentes de la personne et de son entourage
	Établissement du projet de soins et de la planification des activités infirmières pour le résident
	Réalisation, contrôle des soins infirmiers et accompagnement de la personne et de son entourage
	Surveillance de l’évolution de l’état de santé des résidents
	Assistance technique lors de soins réalisés par le médecin
	Information et éducation de la personne et de son entourage
	Rédaction et mise à jour du dossier du résident
	Coordination et organisation des activités et des soins concernant un résident
	Gestion et contrôle des produits, des matériels et des dispositifs médicaux


 Titulaire du diplôme d’INFIRMIER

Assiduité, sérieux, motivation et ponctualité seront les qualités qui feront la différence sur votre candidature.
N’hésitez plus, envoyer votre cv et votre lettre de motivation : rh.noumea@psdp.nc 
Pour plus de renseignement vous pouvez contacter le service RH au 27 30 14",,,,,3011d30b-ae17-4fd7-88f2-f1c1cb4a7464,0138404001,PETITES SOEURS DES PAUVRES,CONGREGATION,PETITES SOEURS DES PAUVRES,NOUMEA,18 rue du Frère Marmoiton Faubourg Blanchot Ma Maison,
20260316b758,Commercial / Commerciale,1,ACTIVE,D1410,2026-04-01 00:00:00+11:00,NOUMEA,CDI,0,0,0,false,SANS_DIPLOME,true,true,true,2026-03-16 11:22:19+11:00,2026-03-16 11:22:19+11:00,,## Nous recrutons et nous formons des commerciaux pour du demarchage sur l ensemble du territoire de la Nouvelle Caledoinie.,,,,,dbf4a57f-2181-462f-af14-2e3d6c68fc2c,0832147001,NICOLAS SAUGER SARL,SOCIETE A RESPONSABILITE LIMITEE (SARL),NICOLAS SAUGER SARL,NOUMEA,29 avenue du Maréchal Foch Centre Ville Galerie Le Feillet,
20260316ce75,Responsable financier / Responsable financiére,1,ACTIVE,M1205,2026-05-25 00:00:00+11:00,NOUMEA,CDI,0,0,0,false,6,false,false,false,2026-03-16 11:21:39+11:00,2026-03-16 11:21:39+11:00,,"RESPONSABLE DU CENTRE DE GESTION - CEGESMET 
Le service Cegesmet assure auprès des ressortissants de la Chambre de Métiers et de l’Artisanat des services en matière de :
-    Comptabilité ;
-    Etablissement des documents de synthèse ;
-    Etablissement des déclarations fiscales ;
-    Information juridique et fiscale ;
-  Employeurs : réalisation de fiche de paye, rédaction de contrat de travail, déclaration préalable à l’embauche, déclaration nominative des salaires.
Missions :
Assurer la mise en œuvre des activités de comptabilité, d’établissement des documents de synthèse, déclarations sociales et fiscales ainsi que la gestion de la paie auprès des ressortissants.
Garantir la qualité, la fiabilité et la conformité des productions du service.
Animer, coordonner et encadrer les activités comptables auprès des ressortissants
-	Superviser les activités de tenue et de saisie comptable : saisie, numérotation et classement des pièces comptables, travaux d’inventaire, clôture des comptes annuels et établissement des états financiers ;
-	Assurer et contrôler la clôture des comptes annuels, l’établissement des bilans comptables, rapports de gestion et la certification des états financiers ;
-	Établir les documents juridiques afférents à l’activité comptable (PV d’AGO, documents réglementaires, etc.) ;
-	Assurer l’établissement et le dépôt des déclarations fiscales et comptables des ressortissants ;
-	Garantir l’application des procédures comptables et fiscales, le respect des obligations légales et réglementaires ainsi que des délais de clôture ;
-	Accompagner les ressortissants dans leur gestion comptable et financière.

Animer, coordonner et encadrer les activités RH auprès des ressortissants
-	Superviser les activités de gestion des ressources humaines, notamment l’établissement des bulletins de paie ;
-	Assurer l’établissement et le dépôt des déclarations sociales des ressortissants ;
-	Assurer la rédaction et le suivi des documents RH (contrats de travail, courriers, procédures disciplinaires, etc.) ;
-	Accompagner les ressortissants dans leur gestion des ressources humaines et l’application du droit social.
Animation, Management et développement du service 
-	Assurer le suivi, le contrôle et le reporting de l’ensemble des activités du service ;
-	Assurer les relations avec les ressortissants ainsi qu’avec les partenaires institutionnels, financiers, fiscaux et sociaux ;
-	Encadrer, coordonner et animer les équipes, veiller au développement des compétences et à l’atteinte des objectifs collectifs et individuels ;
-	Organiser et piloter les moyens humains, techniques et financiers du service ;
-	Élaborer et suivre le budget prévisionnel du service ;
-	Contribuer activement au développement du service, à la fidélisation du portefeuille de ressortissants et à l’amélioration continue de la qualité de service ;
-	Être force de proposition auprès de la hiérarchie en matière d’organisation, d’optimisation des processus et de développement des activités.
Qualification et expérience :
-	Être titulaire d’un diplôme de niveau 6 dans le domaine de la comptabilité, de la finance ou de la gestion ;
-	Justifier d’une expérience d’au moins 3 ans (en cabinet comptable serait un plus) ;
-	Être titulaire du permis de conduire.
Profil et compétences :
-	Capacité à encadrer une équipe et à conduire des projets ;
-	Maîtrise du droit social et fiscal ;
-	Excellentes capacités d’analyse, de synthèse et de conseil ;
-	Sens de l’organisation, méthode et disponibilité ;
-	Rigueur, discrétion et sens des responsabilités ;
-	Maîtrise des outils informatiques et des logiciels métiers, notamment XL Compta, XL Paie et Sage.",,,,,bbab46f8-bd9f-47cf-b95f-be24e884f3d1,0111559002,CHAMBRE DE METIERS ET DE L'ARTISANAT,ORGANISME CONSULAIRE,,NOUMEA,30 route de la Baie des Dames Zone Industrielle de Ducos,
202603156e9c,Contréleur / Contréleuse de gestion de groupe,1,ACTIVE,M1204,2026-03-16 10:27:06+11:00,NOUMEA,INTERIM,0,-3,0,false,7,true,false,false,2026-03-16 10:26:43+11:00,2026-03-16 10:26:43+11:00,Bac + 3/4/5 contrôle de gestion,"## Mon offre d'emploi

Je suis un texte libre.",,,,,693151e9-ab94-466a-9c9a-667708442db9,1311299001,PROSELECT,SOCIETE A RESPONSABILITE LIMITEE (SARL),PROSELECT,NOUMEA,224 rue Jacques Iékawé PK 6 Complexe Belle Vie,
20260315eb76,Chauffeur-livreur / Chauffeuse-livreuse,1,ACTIVE,N4105,,NOUMEA,CDD,0,1,0,false,3,true,false,false,2026-03-16 10:18:54+11:00,2026-03-16 10:18:54+11:00,,,,,,,79b27109-f310-4996-a002-93972ac0d377,0046953002,STE CALEDONIENNE D'EXPLOITATION BOULANGERE,SOCIETE PAR ACTIONS SIMPLIFIEE (SAS),S.C.E.B.,NOUMEA,16 rue Jean Chalier PK 4,
202603155346,Agent / Agente de collecte de déchets,1,ACTIVE,K2303,2026-03-16 09:45:57+11:00,NOUMEA,CDI,0,3,0,true,4,false,false,false,2026-03-16 09:45:06+11:00,2026-03-16 09:45:06+11:00,,"Dépôt des candidatures :

Votre candidature (CV+ lettre de motivation exigés) est à déposer uniquement à l’adresse : recrutement@csp.nc avec l'objet : Candidature_Agent de déchétterie.

**La date de clôture est fixée au : Vendredi 27 mars 2026 – 14h00**",,,,,482e275c-6d7d-4698-b3ff-ea15f4cc2c52,0202499001,SOCIETE CALEDONIENNE DE SERVICES PUBLICS,SOCIETE EN NOM COLLECTIF (SNC),SOCIETE CALEDONIENNE DE SERVICES PUBLICS,NOUMEA,11 rue Louis Pélatan Zone Industrielle de Ducos,
202603157df5,Secrétaire commercial / Secrétaire commerciale,1,ACTIVE,D1401,2026-04-06 00:00:00+11:00,NOUMEA,CDI,0,0,0,false,5,true,true,true,2026-03-16 09:42:15+11:00,2026-03-16 09:42:15+11:00,,,,,,,8b3fcdd5-0056-46c9-8747-43568a9c6ed9,0316240001,AGENCE DE BUREAUTIQUE  ET D'INFORMATIQUE,SOCIETE A RESPONSABILITE LIMITEE (SARL),AGENCE DE BUREAUTIQUE  ET D'INFORMATIQUE,NOUMEA,4 route de l'Anse-Vata Quartier Latin,
2026031553e8,Assistant / Assistante de gestion d'entreprise,1,ACTIVE,M1621,2026-04-06 00:00:00+11:00,DUMBEA,CDI,0,0,0,false,4,true,false,false,2026-03-16 09:32:55+11:00,2026-03-16 09:32:55+11:00,,"Missions :
Placé(e) sous l’autorité du Responsable du Service Alternance, l’Assistant de gestion contribue au bon fonctionnement administratif du service Alternance et Pédagogique tout en participant activement à l’encadrement, au suivi et à l’accompagnement des alternants au sein du CFA.

Gestion administrative du service alternance et pédagogique
-	Assurer la gestion administrative des activités du service ;
-	Assurer un appui administratif de niveau 1 aux activités pédagogiques et aux examens ;
-	Renseigner et conseiller le public en lien avec les activités du service ;
-	Constituer les documents administratifs afférents (saisie, contrôle, suivi), assurer leur validation et procéder à leur envoi ainsi que leur classement ;
-	Traiter et résoudre les sollicitations administratives ;
-	Tenir à jour les tableaux de suivis nécessaires au bon fonctionnement du service ;
-	Être en relation avec les différents organes extérieurs en vue d’une bonne exécution des domaines d’activité ;
-	Participer à l’organisation et à l’optimisation des outils de gestion du service ;

Travaux de secrétariat
-	Planifier et organiser les rendez-vous du service ;
-	Produire des documents et courriers, et les mettre en forme ;
-	Garantir la bonne tenue des locaux afférents aux activités ;

Appui à la vie scolaire des apprenants (mission transversale)
-	Veiller à l’application du règlement intérieur et des consignes de sécurité ;
-	Contribuer à la surveillance des apprenants pendant et hors temps de cours, selon les besoins du service ;
-	Assurer ponctuellement la surveillance de groupes en salle ou lors d’événements ;
-	Collaborer avec les formateurs pour le contrôle des effectifs et de l’assiduité ;
-	Réaliser les tâches administratives liées au suivi des absences ;
-	Accompagner les apprenants lors de sorties pédagogiques à la demande du pôle pédagogique ;
-	Participer à l’organisation et à l’animation des actions de promotion du CFA (Journée Portes Ouvertes, salons, remises de diplômes, événements) ;",,,,,bbab46f8-bd9f-47cf-b95f-be24e884f3d1,0111559002,CHAMBRE DE METIERS ET DE L'ARTISANAT,ORGANISME CONSULAIRE,,NOUMEA,30 route de la Baie des Dames Zone Industrielle de Ducos,
20260315f71d,Assistant fonctionnel / Assistante fonctionnelle des systémes d'information,1,ACTIVE,M1806,2026-03-16 08:54:41+11:00,NOUMEA,CDI,0,0,0,false,5,false,false,false,2026-03-16 08:54:36+11:00,2026-03-16 08:54:36+11:00,,"Assistant fonctionnel MOA H/F - CDI

Gan Outre-mer, filiale du groupe Groupama, recherche un Assistant fonctionnel MOA (H/F). 
Forte de ses 30 ans de présence sur le territoire calédonien et de ses implantations à Wallis et Futuna et en Polynésie Française, l’entreprise développe et propose une offre complète d’assurances et de prévoyance à ses clients. 
Rattaché au Responsable MOA, vous assurez la gestion, l’optimisation et le paramétrage fonctionnel des systèmes d’informations métier (CLEVA, GRC, CRM…). 
Vous contribuez à la performance de l’entreprise en assurant la conduite de projets Outils et Métiers visant à optimiser l’ensemble des processus de Gan Outre-Mer.

Vos missions sont les suivantes :
	Analyser les besoins des utilisateurs en collaboration avec les équipes métiers 
	Assurer le support applicatif
	Contribuer au pilotage des études et aux projets d’évolutions applicatives
	Paramétrer les applications en 1er niveau
	Accompagner les utilisateurs au quotidien en assurant une assistance, la formation des utilisateurs et la maintenance des outils


Vous êtes titulaire d’une formation de type Bac+2/3 en informatique et vous justifiez d’une expérience réussie d’au moins 2 ans dans le domaine informatique. Vous avez idéalement une 1ère expérience en gestion de projet.
Vous maîtrisez obligatoirement les outils SI et les base de données relationnelles + SQL + JAVA – Angular

Vous faites preuve d’une excellente capacité de communication et d’un très bon sens du relationnel.
Vous travaillez avec rigueur, organisation et disposez de solides qualités rédactionnelles.
Vous possédez une réelle aptitude à analyser les situations et à en synthétiser les éléments essentiels.
Votre curiosité et votre esprit d’initiative constituent de véritables atouts pour évoluer dans ce poste.

Les candidatures (CV + lettre de motivation) sont à adresser 
à recrutement@groupama-gan.nc",,,,,a2a038b7-f9ea-4827-97d4-eb596f0051c0,0415513001,GAN OUTRE MER IARD SA,SOCIETE ANONYME (SA),GAN OUTRE MER IARD SA,NOUMEA,30 route de la Baie des Dames Zone industrielle de Ducos Immeuble Le Centre,
20260315f79b,Consultant / Consultante en organisation,1,ACTIVE,M1402,2026-03-16 00:00:00+11:00,NOUMEA,CDI,0,0,0,true,7,false,false,false,2026-03-16 08:26:12+11:00,2026-03-16 08:26:12+11:00,"finance, gestion, informatique, organisation, logistique, ingénieurie",,,,,,ff9696ae-5848-4061-bf83-24ce53004a12,0112615001,CAISSE COMPENSATION PRESTATION FAMILIALES,ORGANISME MUTUALISTE,CAISSE COMPENSATION PRESTATION FAMILIALES,NOUMEA,4 rue du Général Mangin Centre Ville,
20260315fbf4,Attaché commercial / Attachée commerciale tourisme,1,ACTIVE,D1402,2026-04-01 00:00:00+11:00,NOUMEA,CDI,0,0,0,false,5,false,false,false,2026-03-16 08:16:01+11:00,2026-03-16 08:16:01+11:00,,,,,,,3ebac56f-54d0-45d3-819c-88a828d0b337,0903286001,GROUPE LA PROMENADE,SOCIETE PAR ACTIONS SIMPLIFIEE (SAS),GROUPE LA PROMENADE,NOUMEA,123 promenade Roger Laroque Anse Vata,
202603157387,Responsable de bar,1,ACTIVE,G1805,2026-04-01 00:00:00+11:00,NOUMEA,CDI,0,0,0,false,4,true,false,false,2026-03-16 08:09:04+11:00,2026-03-16 08:09:04+11:00,,,,,,,3ebac56f-54d0-45d3-819c-88a828d0b337,0903286001,GROUPE LA PROMENADE,SOCIETE PAR ACTIONS SIMPLIFIEE (SAS),GROUPE LA PROMENADE,NOUMEA,123 promenade Roger Laroque Anse Vata,
20260315ad73,Technicien / Technicienne SAV,1,ACTIVE,I1402,2026-03-15 17:23:07+11:00,NOUMEA,CDI,0,0,0,true,6,false,false,false,2026-03-15 17:22:45+11:00,2026-03-15 17:22:45+11:00,BTS-Licence électrotechnique,"Tech SAV/Commercial Biomedical
Nous sommes une société à taille humaine basée à Nouméa en Nouvelle-Calédonie, distribuant les produits de grands groupes et distributeurs, de réactifs,de matériels et de consommables médicaux.
Fort de notre progression et afin de faire face à notre développement et ambitions ;
nous recherchons 1 technicien SAV biomédical avec aptitudes commerciales, le poste est basé à Nouméa.

De formation Bac+2 électrotechnique vous aurez la responsabilité de la maintenance et du développement commercial d'une de nos gammes de produit médicaux.
Ce poste nécessite, une connaissance du secteur d'activité et une expérience
similaire réussie.

Autonomie, rigueur, esprit technique et volonté de réussir vous caractérisent.
Salaire motivant.

Mail : contact@biomed.nc
Je suis un texte libre.",,,,,8dce70b0-3697-4198-b15e-4194caf51111,1028638001,EURL PMC,ENTREPRISE UNIPERSONNELLE A RESPONSABILITE LIMITEE (EURL),EURL PMC,NOUMEA,253 rue Armand Ohlen Portes de Fer,
20260314125d,Vendeur / Vendeuse en prét-é-porter féminin,1,ACTIVE,D1214,2026-04-01 00:00:00+11:00,,CDD,0,3,0,false,,false,false,false,2026-03-14 16:18:32+11:00,2026-03-14 16:18:32+11:00,,,,,,,9f3197fd-9092-4073-98ee-52c2b2c8f2b7,1340645001,SUN CITY,SOCIETE A RESPONSABILITE LIMITEE (SARL),SUN CITY,NOUMEA,10 rue Jules Garnier Baie des Citrons Galerie Port Plaisance,
202603148a42,Second / Seconde de cuisine,1,ACTIVE,G1609,2026-04-01 00:00:00+11:00,NOUMEA,CDD,0,3,0,true,,false,false,false,2026-03-14 15:50:21+11:00,2026-03-14 15:50:21+11:00,,,,,,,bf263108-1386-4b89-94cb-4b35e17abe12,1418706001,LE PONTON 2,SOCIETE A RESPONSABILITE LIMITEE (SARL),LE PONTON 2,NOUMEA,Récif Tamanou Sainte Marie,
202603143ad6,Caissier / Caissiére,1,ACTIVE,D1505,2026-03-18 00:00:00+11:00,BOURAIL,CDD,0,3,0,false,SANS_DIPLOME,false,false,false,2026-03-14 15:24:29+11:00,2026-03-14 15:24:29+11:00,,,,,,,5c720f7c-61fe-4c8a-957d-4c2ad537aa54,1537109002,"DRISS Joey, Kadder",PERSONNE PHYSIQUE,O TIP TOP PIZZA,BOURAIL,52 rue Simone Drémon,
20260314a0dd,Mécanicien / Mécanicienne d'entretien et de maintenance d'engins de chantier et de travaux publics,2,ACTIVE,I1616,,PAITA,CDI,0,0,0,false,,true,false,false,2026-03-14 12:06:13+11:00,2026-03-14 12:06:13+11:00,"Maintenance mécanique, mécanique automobile, électricité automobile, moteurs thermiques, engins TP","CALTRAC recrute **2 mécanicien(ne)s engins gros travaux**

**Mission générale :**
Le Mécanicien engins Gros Travaux réalise les opérations de maintenance lourde, de rénovation et de remplacement d’organes majeurs sur les équipements afin de garantir leur fiabilité, leur sécurité et leur performance opérationnelle.
Il applique strictement les standards techniques du constructeur et contribue à la satisfaction des clients en garantissant la qualité et la fiabilité des réparations réalisées dans les délais impartis.

**Principales missions :**

> Garantir la sécurité des biens et des personnes :
•	Appliquer rigoureusement les consignes de sécurité internes et celles des sites clients
•	Identifier et analyser les risques liés à chaque intervention
•	Respecter les procédures HSE et les standards sécurité 
•	Maintenir un environnement de travail propre et sécurisé
•	Appliquer la méthode 5S pour organiser efficacement l’espace de travail

> Exécuter les opérations de maintenance lourde & de réfection d’organes :
•	Réaliser les diagnostics approfondis de pannes complexes
•	Démonter et remonter les organes majeurs (moteurs, transmissions, ponts, vérins, groupes hydrauliques, etc.)
•	Rénover ou remplacer les composants majeurs conformément aux standards Caterpillar
•	Effectuer les opérations de maintenance préventive et corrective selon les plans de maintenance constructeur
•	Réaliser les tests et essais machines après intervention

> Renforce les équipes terrain et contribuer au soutien technique :
•	Participer aux arrêts techniques planifiés sur sites miniers
•	Intervenir lors d’opérations critiques ou imprévues nécessitant un renfort technique
•	Réaliser les opérations de maintenance préventive et les grandes visites
•	Effectuer les essais dynamiques et contrôles fonctionnels avant remise en service
•	Informer le responsable hiérarchique des anomalies techniques détectées

> Coordonner la gestion des pièces et la logistique technique :
•	Anticiper les besoins en pièces et outillage nécessaires aux interventions
•	Réceptionner, trier et ranger les pièces par segment d’intervention
•	Identifier et signaler les pièces défectueuses ou non conformes
•	Conditionner et retourner les pièces REMAN ou non utilisées
•	Collaborer étroitement avec le magasin et la planification

> Appliquer les exigences qualité et organisation :
•	Compléter les rapports techniques et assurer la traçabilité des interventions
•	Appliquer les procédures de diagnostic, montage et essais issues de SIS / CAT ET
•	Respecter les standards de qualité et de sécurité du constructeur
•	Respecter les temps standards de réparation et les plannings d’intervention

> Appliquer les procédures de contrôle contamination
•	Appliquer les procédures de contrôle contamination lors des interventions sur les systèmes hydrauliques et moteurs
•	Garantir la propreté des composants et des circuits lors des opérations de maintenance
•	Respecter les standards constructeurs visant à prolonger la durée de vie des équipements

*Liste non exhaustive*

**Conditions de travail**

Lieu de travail : poste basé à Païta
Déplacements : très fréquents sur l’ensemble du territoire de la Nouvelle-Calédonie. Contraintes du poste (horaires – conditions de travail, etc.) : Déplacements Horaires : 39 heures par semaine
Rythme de travail : 5/2
Disponibilité : flexible selon les besoins du service

**Définition du profil - formation initiale et continue**

Niveau d’études : A partir d’un CAP/BEP
Diplôme / Domaine d’études : maintenance mécanique, mécanique automobile, électricité automobile, moteurs thermiques – Engins TP
Formation(s) complémentaire(s) : N/A
Expérience professionnelle dans le domaine : une expérience significative (minimum 5 ans) en maintenance d’engins miniers ou travaux publics est requise.
Permis B exigé

La fiche de poste détaillée est disponible sur notre site : https://caltrac-recrutement.nc/

 **Comment postuler :**
Candidature (CV + lettre de motivation) à envoyer à caltrac.recrutement@caltrac.nc 
*Tout dossier incomplet ne sera pas pris en compte*",,,,,c2b43b96-5c2b-47aa-b199-a5ef717b0c90,0030551002,SOCIETE CALEDONIENNE DES TRACTEURS,SOCIETE PAR ACTIONS SIMPLIFIEE (SAS),CALTRAC,PAITA,ZICO II,
202603131b25,Agent / Agente d'accueil,1,ACTIVE,M1601,2026-03-16 00:00:00+11:00,NOUMEA,CDI,0,0,0,true,5,false,false,false,2026-03-13 18:16:08+11:00,2026-03-13 18:16:08+11:00,"BTS PROFESSIONS IMMOBILIERES, PME PMI, GESTION COMPTABILITE","## Mon offre d'emploi

Agence immobilière sur Nouméa recherche son agent(e) d'accueil en CDI 

Taches principales :
* Accueil téléphonique et physique
* Orientation des demandes
* Traitement des mails et estion du courrier entrant et sortant
* Suivi administratif des consommables de l'agence
* Gestion des plannings et prise des RDV
* Encaissement des loyers et charges de copropriété
* Préparation et dépôt des remises en banque
* Classemnt et archivage

Profil recherché :
* BTS Professions Immobilières, BTS PME pPMI ou BTS gestion comptabilité
* Minimum 3 ans d'expérience
* Maîtrise de l'outil informatique et du logiciel CRYPTO

Qualités exigées : 
* Qualités rédactionnelles
* Capacité en petite comptabilité
* Sens du travail en équipe
* Rigueur et organisation
* Doté d'un bon sens relationnel
* Gestion du stress",,,,,b20871e5-0aa3-4d9a-9775-19d5a04a262a,1169234001,ISIS GESTION,SOCIETE A RESPONSABILITE LIMITEE (SARL),ISIS GESTION,NOUMEA,24 bis rue Dame Lechanteur Orphelinat,
20260313bc1e,Assistant administratif / Assistante administrative,1,ACTIVE,M1607,2026-03-13 00:00:00+11:00,NOUMEA,CDI,0,0,0,false,5,false,false,false,2026-03-13 13:24:38+11:00,2026-03-13 13:24:38+11:00,,"Dans le cadre de son développement, notre cabinet spécialisé en défiscalisation et financement de projets recharche un(e) : assistant(e) de gestion des opérations Middle et Back office (H/F)

Missions : 
- Support opérationnel et quotidien des projets en développement
- Préparation et suivi des contrats et documents
- Suivi des opérations financières
- Contrôle des flux et vérifications des données
- Gestion administrative des dossiers clients
- Mise à jour des de données et reportings
- Interface avec nos partenaires (banques, comptables, réseaux de placement)

Profil recherché :
- Bac +2 / Bac +3 en gestion, finances ou équivalent,
- Minimum 5 ans d'expérience dans un environnement exigeant (cabinet financier, banque, gestion de projets, assurance, maîtrise d'ouvrage ...)
- Rigueur, organisation et sens du détail
- Très bonne maîtrise des outils bureautique (Excel indispensable)
- Sens de la confidentialité et professionnalisme
- Capacité à gérer plusieurs dossiers simultanément

Nous offrons : 
- CDI - Temps plein
- Formation et accompagnement à la prise de poste
- Un environnement de travail structuré et bienveillant
- Un poste clé au coeur des opérations du cabinet
- Un poste évolutif

Basé sur Nouméa.
Prise de poste souhaitée au plus tard mi-avril 2026.
Candidature (CV, lettre de motivation, prétentions salariales à communiquer) à l'adresse : accueil@i2f.nc",,,,,634bc564-a041-414e-8d52-0eb5e0686dbd,0658435001,INGENIERIE FINANCIERE ET FISCALE NOUVELLE CALEDONIE,SOCIETE PAR ACTIONS SIMPLIFIEE (SAS),INGENIERIE FINANCIERE ET FISCALE NOUVELLE CALEDONIE,NOUMEA,10 rue Jean Jaurès Centre Ville Immeuble Le Grand Théâtre,
202603138b2b,Professeur / Professeure de mathématiques,1,ACTIVE,K2107,2026-03-16 00:00:00+11:00,KAALA-GOMEN,CDD,0,0,1,true,,true,true,true,2026-03-13 12:17:37+11:00,2026-03-13 12:17:37+11:00,LICENCE DES MATHEMATIQUES,"## Mon offre d'emploi


CONTACTS : Directeur :  Boaema Régis (99.58.76), secrétariat (47.67.52)
Mail : secretariat.baganda@asee.nc / direction.baganda@asee.nc",,,,,6b5d0890-7968-482f-b406-e8c86a5305e6,1599513002,COMMUNAUTE DES ALLIANCES SCOLAIRES ET EDUCATIVES DE BWAKADRA,ASSOCIATION LOI 1901 OU ASSIMILE,COLLÈGE DE BAGANDA,KAALA-GOMEN,Tribu de Baganda,
202603129cfb,Formateur / Formatrice technique,11,ACTIVE,K2111,2026-04-07 00:00:00+11:00,NOUMEA,CDD,0,10,0,false,6,false,false,false,2026-03-12 16:21:01+11:00,2026-03-12 16:21:01+11:00,BAC +3 à BAC +5 SELON DOMAINE,,,,,,7da89d06-d797-434e-855f-062659cb29d1,0115576001,CHAMBRE DE COMMERCE ET D'INDUSTRIE DE NOUVELLE-CALEDONIE,ORGANISME CONSULAIRE,CHAMBRE DE COMMERCE ET D'INDUSTRIE DE NOUVELLE-CALEDONIE,NOUMEA,15 rue de Verdun Centre Ville,
202603128390,Laborantin / Laborantine d'analyses médicales,1,ACTIVE,J1302,2026-03-16 00:00:00+11:00,NOUMEA,CDI,0,0,0,true,5,true,true,true,2026-03-12 16:14:27+11:00,2026-03-12 16:14:27+11:00,BTS Analyses biologiques ou équivalent & Certificat de prélèvement exigé,"## Mon offre d'emploi

A pourvoir : Dès que possible
Poste à Temps plein + Astreinte selon roulement + Nuit
Lieu de travail : Laboratoire de INM (Ile-Nou-Magnin) à Nouville, NOUMEA

Les candidatures (CV + Lettre de motivation) sont à adresser :
- Par mail : recrutement@caledobio.nc",,,,,7adfd0de-db38-4aa9-9631-0f1ad83c7760,0770768001,CALEDO BIO,SOCIETE DE PARTICIPATIONS FINANCIERES DE PROFESSION LIBERALE SOCIETE A RESPONSABILITE LIMITEE (SPFPL SARL),CALEDO BIO,NOUMEA,31 rue Eugène Porcheron Quartier Latin,
20260312ee3d,Formateur / Formatrice ressources humaines,1,ACTIVE,K2111,2026-04-01 00:00:00+11:00,,INTERMITTENT/SAISONNIER,0,10,0,false,7,true,false,false,2026-03-12 16:05:52+11:00,2026-03-12 16:05:52+11:00,RH,,,,,,7da89d06-d797-434e-855f-062659cb29d1,0115576001,CHAMBRE DE COMMERCE ET D'INDUSTRIE DE NOUVELLE-CALEDONIE,ORGANISME CONSULAIRE,CHAMBRE DE COMMERCE ET D'INDUSTRIE DE NOUVELLE-CALEDONIE,NOUMEA,15 rue de Verdun Centre Ville,
20260312d25b,Manéuvre de chantier,1,ACTIVE,F1704,2026-03-12 15:19:29+11:00,DUMBEA,CDD,0,3,0,false,,true,false,false,2026-03-12 15:19:12+11:00,2026-03-12 15:19:12+11:00,,,,,,,b91ab9fa-de06-40b0-9b4a-70c7df1db959,1330968001,TURQUOISE CONCEPT,SOCIETE A RESPONSABILITE LIMITEE (SARL),TURQUOISE CONCEPT,DUMBEA,Rue Antoine Becquerel ZAC PANDA Lot 341-358,
20260312ae31,Ouvrier polyvalent / Ouvriére polyvalente d'entretien des bétiments,1,ACTIVE,I1203,2026-03-12 14:08:39+11:00,NOUMEA,CDD,0,3,0,false,,true,false,false,2026-03-12 14:08:19+11:00,2026-03-12 14:08:19+11:00,,"## Mon offre d'emploi

Veuillez adresser votre candidature à l'adresse mail suivante : secretariat@probatiservice.nc",,,,,71263818-f3e4-484e-a2b4-19999e087c33,0777771001,PRO BATI SERVICE,SOCIETE A RESPONSABILITE LIMITEE (SARL),PRO BATI SERVICE,NOUMEA,22 rue Duquesne Artillerie,
20260312aaf9,Pharmacien / Pharmacienne en officine,1,ACTIVE,J1202,2026-06-29 00:00:00+11:00,NOUMEA,CDD,0,0,1,false,8,true,false,false,2026-03-12 13:59:54+11:00,2026-03-12 13:59:54+11:00,DOCTORAT EN PHARMACIE,,,,,,b8d5d264-971c-4629-b446-c53f097525fa,0209312001,PHARMACIE CALEDONIENNE,SOCIETE D'EXERCICE LIBERAL A RESPONSABILITE LIMITEE (SELARL),PHARMACIE CALEDONIENNE,NOUMEA,18 rue Duquesne Artillerie,
2026031189c4,Comptable général / Comptable générale,1,ACTIVE,M1203,,NOUMEA,CDI,0,0,0,true,6,false,false,false,2026-03-12 10:38:54+11:00,2026-03-12 10:38:54+11:00,DCG ou DSCG,,,,,,b728deaa-c50f-4ec1-bd72-032a42bb33c4,1030493001,PGA,SOCIETE A RESPONSABILITE LIMITEE (SARL),PGA,NOUMEA,59 promenade Roger Laroque Anse Vata Immeuble Le Commodore,
20260311185f,Comptable général / Comptable générale,1,ACTIVE,M1203,,NOUMEA,CDI,0,0,0,false,7,false,false,false,2026-03-12 10:22:36+11:00,2026-03-12 10:22:36+11:00,DCG ou DSCG,,,,,,b728deaa-c50f-4ec1-bd72-032a42bb33c4,1030493001,PGA,SOCIETE A RESPONSABILITE LIMITEE (SARL),PGA,NOUMEA,59 promenade Roger Laroque Anse Vata Immeuble Le Commodore,
20260311579a,Animateur / Animatrice d'activités culturelles et de loisirs,1,ACTIVE,G1202,2026-03-12 10:30:32+11:00,NOUMEA,CDI,0,0,0,false,4,true,true,true,2026-03-12 10:00:42+11:00,2026-03-12 10:00:42+11:00,,"ANIMATEUR(TRICE) / EDUCATEUR (TRICE) ENVIRONNEMENT
REFERENT COMMUNICATION

La fiche de poste précise les missions et les activités usuelles du ou de la Salarié(e). Toutefois il peut lui être demandé de prendre en charge occasionnellement d’autres missions.

GENERALITES

•	Lieu de travail : CIE.NC (PS, occasionnellement en PN et PIL), avec déplacements fréquents.
•	Temps de travail : Plein temps
•	Rattachement hiérarchique : Direction 
•	Classification : Convention collective Commerce et Divers – Employé N3, 2ème échelon - Coeff 238 
•	189 924 f brut (salaire conventionnel).

MISSIONS :
Mise en œuvre d’activités de sensibilisation et d’éducation à l’environnement ;
Conception d’activités et d’outils pédagogiques ;
Animation du réseau de bénévoles et organisation des réunions mensuelles ;
Gestion des pages Facebook et Instagram de l’Association ;
Gestion et mise à jour du site Internet du CIE.NC.

ACTIVITES :
Sensibilisation et éducation à l’environnement
•	Préparation et réalisation d’animations, de sorties-nature, de tenue de stand… conformément au    planning établi en collaboration avec les autres animateurs/animatrices et la direction ; 
•	Aide, soutien et suivi de projets liés à l’environnement.

Outils pédagogiques
•	Participation à la création et/ou à l’adaptation d’outils pédagogiques ;
•	Participation à la constitution du fonds documentaire et de la photothèque du CIE.NC ; 
•	Création et/ou mise à jour de déroulés pédagogiques
•	Valorisation et diffusion des outils pédagogiques.

Communication
•	Alimentation et gestion des moyens de communication numériques du CIE.NC (site web, FB, Instagram, YouTube) ;
•	Centralisation des informations issues du CIE.NC pour alimenter ses supports de communication.

Animation de la vie associative
•	Animation de temps de mobilisation des bénévoles (événements grand-public, projets, réunions mensuelles…) ;
•	Mise en œuvre de temps d’échanges et de qualification des bénévoles.

Gestion administrative
•	Mise à jour du tableau horaires par partenaires et activités ;
•	Mettre à jour quotidiennement l’agenda Google ;
•	Mise à jour du planning prévisionnel ;
•	Rédaction de bilans de projet, bilans pour les partenaires ;
•	Mises au point régulières avec la direction selon les dossiers.


PROFIL REQUIS :
Qualifications
•	Connaissance des milieux naturels de Nouvelle-Calédonie et des problématiques environnementales ;
•	Formation : niveau bac minimum requis en animation ou en gestion/protection de la nature ou équivalent ;
•	Permis de conduire ;
•	Maîtrise de l'outil informatique (Word, Excel, Power Point, Canva, pack Adobe, IA, réseaux sociaux…)

Expérience requise
•	Expérience en animation et/ou en éducation.

Compétences clefs
•	Connaissance des techniques d’animation de groupe, des techniques d’interprétation de la nature, des règles de sécurité pour l’accompagnement du public ;
•	Aptitudes relationnelles avec tout public (mairies, écoles, tribus, provinces, associations, etc.) ;
•	Pédagogie de projet ;
•	Bonne qualité rédactionnelle ;
•	Maîtrise des techniques de communication, animation de réseau de bénévoles, création d’outils pédagogiques…

Divers
•	Grande disponibilité (déplacements fréquents, parfois sur plusieurs jours et travail le week-end occasionnel).",,,,,cde65b99-f441-47c0-85b7-b3d58597a552,0477968001,CENTRE D'INITIATION A L'ENVIRONNEMENT DE NOUVELLE-CALEDONIE,ASSOCIATION LOI 1901 OU ASSIMILE,CENTRE D'INITIATION A L'ENVIRONNEMENT DE NOUVELLE-CALEDONIE,NOUMEA,61 rue Fernand Forest Zone Industrielle de Ducos Ducos Factory Bât. O 3ème étage,
202603116b3c,Coordonnateur / Coordonnatrice de service social,1,ACTIVE,K1201,2026-06-15 00:00:00+11:00,MONT-DORE,CDD,0,6,0,true,5,true,false,false,2026-03-12 07:39:40+11:00,2026-03-12 07:39:40+11:00,Secteur médico social,"Coordinateur / trice 

Sous l'autorité de la Direction, 

MISSIONS PRINCIPALES

•	Participer aux équipes éducatives et établissement du compte-rendu correspondant ;
•	Assurer le lien entre les équipes des AVS et du bureau à la Direction et faire remonter les éléments ; 
•	Recevoir les familles, analyser leur demande ;
•	Effectuer les visites à domicile auprès des bénéficiaires et établissement du compte-rendu correspondant ;
•	Mettre à jour des tableaux, suivi des bénéficiaires, suivi des accompagnatrices de vie, suivi des réunions ;
•	Participer à l’organisation des réunions et établissement des compte-rendu correspondant ;
•	Echanger et communiquer le fruit de son travail à la hiérarchie ;
•	Gestion des affectations des accompagnateurs de vie auprès du public en situation de handicap ou de dépendance (Enfants et Adultes) ;
•	Vérification des tableaux de suivi mensuels ;
•	Gestion et suivi des recrutements sous couvert de la Direction ;
•	Suivi des nouveaux embauchés ;
•	Gestion des entretiens de régulation sous couvert de la Direction ;
•	Participer à la création d’outils à destination des AVS ;
•	Mise à jour des fiches de poste des AVS après validation de la Direction ;
•	Animation de projets avec les AVS après validation de la Direction ; 
•	Tâches déléguées par la direction.	


MISSIONS ANNEXES
•	Accueil physique et téléphonique du public 

COMPÉTENCES REQUISES
•	Connaissance du milieu du handicap et/ou des structures médico-sociales ;
•	Connaissance des outils de gestion administrative, 
•	Bonne maîtrise du pack office (word, excel, outlook) 
•	Maîtrise du SIRH – So’Horsys serait un plus
•	Bonne connaissance du fonctionnement de l’AVA, des processus internes ; serait un plus  

QUALIFICATIONS
•	Bac +2 dans le domaine médico-social, socio-éducatif ou paramédical 
•	Connaissance du métier d’Accompagnement de Vie serait un plus.

QUALITÉS
•	Rigueur, organisation et méthodologie ;
•	Adaptabilité ;
•	Sens des relations humaines et bienveillance ;
•	Sens de l’accueil et de l’écoute ; 
•	Disponibilité et discrétion ;
•	Esprit d’initiative, esprit d’équipe.

CRITÈRES ABSOLUS
•	Permis B avec véhicule obligatoire.
•	Déplacements fréquents",,,,,678ea017-f99e-42ec-a0d7-a54429f94d70,1092428001,ACCOMPAGNEMENT VERS L'AUTONOMIE (A.V.A.),ASSOCIATION LOI 1901 OU ASSIMILE,ACCOMPAGNEMENT VERS L'AUTONOMIE (A.V.A.),MONT-DORE,42 rue du Cirque Robinson,
20260311dd91,Soudeur / Soudeuse de l'industrie des métaux,3,ACTIVE,H2913,2026-04-01 00:00:00+11:00,NOUMEA,CDD,0,0,0,false,,false,false,false,2026-03-12 07:31:02+11:00,2026-03-12 07:31:02+11:00,,"La Société AMC recrute soudeurs (euse) / Monteurs (euse)

Caractéristiques de l’entreprise AMC :
-	Secteur industriel,
-	Spécialité : Atelier d’usinage, chaudronnerie, tuyauterie
-	Localisation : Nouvelle Calédonie, Noumea, Ducos

Missions principales confiées au poste : 
-	Savoir préparer son environnement de travail, réglage du poste à souder …
-	Identifier et différencier les matériaux et technique de soudage
-	Assembler des pièces de métal par divers procédés de soudure en respectant les consignes de sécurités
-	Vérifier et contrôler la conformité des soudures réalisées
-	Savoir lire Descriptif Mode opératoire soudage, un plan et / ou un schéma technique 
-	Respecter les règles de métrologie
-	Effectuer la maintenance préventive et corrective de 1er niveau sur les équipements

Votre profil :
-	BEP / BAC PRO Soudage
-	Maîtrise des procédés ARC et TIG et MIG-MAG avec Qualifications
-	Expériences d’au moins 5 ans minimum souhaité
-	Être rigoureux autonome et organisé


Poste à pourvoir en CDD, les candidatures ( CV et lettre de motivations) sont à envoyer à comptabilite@amcsud.nc",,,,,51d98a0b-262d-48c2-aa23-86de487b2710,0746636001,SOCIETE DES ATELIERS DE MECANIQUE ET DE CHAUDRONNERIE,SOCIETE A RESPONSABILITE LIMITEE (SARL),SOCIETE DES ATELIERS DE MECANIQUE ET DE CHAUDRONNERIE,NOUMEA,15-17 rue Auer Zone Industrielle de Ducos Lot 348 zone industrielle de ducos,
2026031189af,Chef mécanicien / Cheffe mécanicienne marine,1,ACTIVE,I1605,2026-04-07 00:00:00+11:00,NOUMEA,CDI,0,0,0,true,7,false,false,false,2026-03-11 15:54:49+11:00,2026-03-11 15:54:49+11:00,capitaine polyvalent ou chef mecanicien marine marchande,"Fleet Manager / Superintendant Marine – Nouméa 
Dans le cadre de l’excellence du suivi de leur flotte et de leurs missions maritimes, dont certaines à l’international, SORA et SORECAL, filiales de COMPAGNIE MARITIME CHAMBON, recrutent un Fleet Manager / Superintendant Marine basé à Nouméa.

Rattaché à la direction, vous pilotez la performance opérationnelle et technique de la flotte, encadrez un Responsable Armement et un Responsable Technique, et coordonnez les relations avec équipages, chantiers et sociétés de classification.

Le poste inclut des embarquements ponctuels comme capitaine ou pour des missions internationales.
Profil : capitaine polyvalent (capitaine et chef mécanicien) avec expérience en gestion de flotte / superintendance maritime. Anglais professionnel requis.

Nouméa – Nouvelle-Calédonie
Candidatures : direction@sorasorecal.nc 
Contact : Laurent RAFFET",,,,,1327ca7b-abe0-404f-abed-cba089fd6975,0030866001,STE OCEANIENNE DE REMORQUAGE  ET D'ASSISTANCE,SOCIETE A RESPONSABILITE LIMITEE (SARL),STE OCEANIENNE DE REMORQUAGE  ET D'ASSISTANCE,NOUMEA,62 bis avenue James Cook Île Nou,
202603116648,Chaudronnier / Chaudronniére sur métaux,3,ACTIVE,H2902,2026-04-01 00:00:00+11:00,NOUMEA,CDD,0,0,0,false,,true,false,false,2026-03-11 15:18:29+11:00,2026-03-11 15:18:29+11:00,,"La société AMC SUD recrute en CDD, pour renforcer son équipe Chaudronnerie des Chaudronniers - Monteurs:

Sous la Responsabilité du Responsable Atelier Chaudronnerie, le chaudronnier-monteur réalise des ouvrages, structures chaudronnées par la mise en forme et l’assemblage de tôles, tubes, profilés de différentes dimensions, selon les règles de sécurités.
Le chaudronnier-monteur intervient selon les règles de sécurité et les impératifs de réalisation (délais, qualité …)

Principales Missions : 
•	Savoir préparer son environnement de travail, 
•	Déterminer la ou les techniques de réalisation / fabrication et préparer les matériaux
•	Savoir lire un plan / schéma
•	Réaliser des structures métalliques à partir de plans
•	Tracer les développés et reporter les cotes sur les matériaux 
•	Couper les éléments et les mettre à dimensions et en forme par pliage, cintrage, oxycoupage
•	Effectuer les assemblages d’éléments d’un sous ensemble chaudronné
•	Vérifier et Contrôler la conformité / qualité du produit fini (meulage, ébavurage, redressage)
•	Effectuer la maintenance préventive et corrective de 1er niveau sur les équipements, machines, outils
•	Savoir utiliser des outillages électroportatifs (scie, ponceuse, chanfreineuse…) 
•	Garder une zone de travail propre, rangée et dégagée
•	Respecter et appliquer les règles de sécurités

Profil du candidat :
•	Aime le travail en équipe et la polyvalence
•	Rigoureux, Organisé et méthodique,
•	Soucieux de la qualité du travail produit et de l’exécution des tâches confiées
•	Dynamique et réactif
•	Disponible et titulaire du permis B

Formation :
Titulaire d'un BEP/CAP ou BAC Professionnel dans la métallerie
Une expérience dans le domaine d'activité serais un plus

 Les CV et lettre de motivation sont à envoyer par mail à comptabilite@amcsud.nc",,,,,51d98a0b-262d-48c2-aa23-86de487b2710,0746636001,SOCIETE DES ATELIERS DE MECANIQUE ET DE CHAUDRONNERIE,SOCIETE A RESPONSABILITE LIMITEE (SARL),SOCIETE DES ATELIERS DE MECANIQUE ET DE CHAUDRONNERIE,NOUMEA,15-17 rue Auer Zone Industrielle de Ducos Lot 348 zone industrielle de ducos,
2026031179c6,Assistant commercial / Assistante commerciale sédentaire,1,ACTIVE,D1401,2026-03-11 15:01:08+11:00,NOUMEA,CDI,0,0,0,true,5,false,false,false,2026-03-11 15:00:56+11:00,2026-03-11 15:00:56+11:00,"Gestion commerciale, vente",,,,,,3c67d658-32b4-4336-94d8-6bc686272d3e,0668806001,GROUPE INTERMED,GROUPEMENT D'INTERET ECONOMIQUE (GIE),GROUPE INTERMED,NOUMEA,17 bis rue Georges Claude Zone Industrielle de Ducos,
20260311538a,Assistant administratif / Assistante administrative et comptable,1,ACTIVE,M1213,2026-05-11 00:00:00+11:00,NOUMEA,CDI,0,0,0,false,4,true,false,false,2026-03-11 11:27:21+11:00,2026-03-11 11:27:21+11:00,,"Société de maintenance industrielle recherche son assistant(e) administratif(ve) :

pour animer le plan administratif de la structure : accès aux sites, compétences et certifications 

pour assurer le traitement des données comptables : suivi de facturation Clients, achats Fournisseurs et Trésorerie. Le candidat devra être autonome sur le plan de la comptabilité d'exploitation jusqu'à la déclaration de TGC, la fonction restant accompagnée et encadrée par les opérateurs du groupe.

pour traiter la paye mensuelle et annuelle ainsi que les déclarations sociales dans le même cadre que la comptabilité.",,,,,7a4319f5-c7b7-4e66-abd9-117cc6ba7b8b,,,,,,,
2026031059cd,Assistant / Assistante maétre d'hétel,1,ACTIVE,G1802,2026-03-14 00:00:00+11:00,NOUMEA,CDD,0,3,0,false,,false,false,false,2026-03-11 10:10:42+11:00,2026-03-11 10:10:42+11:00,HOTELLERIE RESTAURATION,,,,,,1befeb81-1c17-4a3c-85c5-5febfd4c3245,1234145001,CAFE STORE,SOCIETE A RESPONSABILITE LIMITEE (SARL),CAFE STORE,NOUMEA,119 promenade Roger Laroque Anse Vata Complexe La Promenade,
202603105243,Serveur / Serveuse de café,1,ACTIVE,G1809,,NOUMEA,CDD,0,3,0,false,,true,false,false,2026-03-11 09:58:24+11:00,2026-03-11 09:58:24+11:00,HOTELLERIE RESTAURATION,"## Barista / Préparateur (H/F)

Les établissements Café Store recherchent un Barista / Préparateur pour rejoindre leurs équipes.

Nous recherchons une personne dynamique, souriante et organisée, à l’aise dans un environnement rythmé et attachée à la qualité du service et des produits.",,,,,1befeb81-1c17-4a3c-85c5-5febfd4c3245,1234145001,CAFE STORE,SOCIETE A RESPONSABILITE LIMITEE (SARL),CAFE STORE,NOUMEA,119 promenade Roger Laroque Anse Vata Complexe La Promenade,
20260310cdbc,Chef / Cheffe de partie,1,ACTIVE,G1609,2026-05-18 00:00:00+11:00,NOUMEA,CDD,0,3,0,true,,false,false,false,2026-03-11 09:49:54+11:00,2026-03-11 09:49:54+11:00,HOTELLERIE RESTAURATION,,,,,,1befeb81-1c17-4a3c-85c5-5febfd4c3245,1234145001,CAFE STORE,SOCIETE A RESPONSABILITE LIMITEE (SARL),CAFE STORE,NOUMEA,119 promenade Roger Laroque Anse Vata Complexe La Promenade,
202603102093,Capitaine marine marchande,1,ACTIVE,N3101,2026-04-01 00:00:00+11:00,NOUMEA,CDD,0,6,0,true,7,true,true,true,2026-03-11 08:46:48+11:00,2026-03-11 08:46:48+11:00,,"Cherche capitaine > 3000 pour convoyage du remorqueur CYATHEA Nouméa / Brisbane départ 07/04/2026 (10 jours) + convoyage Brisbane / Nouméa départ 07/05/2026 (10 jours) + Nouméa / Wallis et Futuna départ début juin 2026 (1 mois) + Nouméa / Wallis et Futuna début septembre 2026 (1 mois)
Contact : direction@sorasorecal.nc",,,,,1327ca7b-abe0-404f-abed-cba089fd6975,0030866001,STE OCEANIENNE DE REMORQUAGE  ET D'ASSISTANCE,SOCIETE A RESPONSABILITE LIMITEE (SARL),STE OCEANIENNE DE REMORQUAGE  ET D'ASSISTANCE,NOUMEA,62 bis avenue James Cook Île Nou,
2026031132ba,Ouvrier / Ouvrière d'entretien propreté,1,ACTIVE,K2303,2026-03-10 11:00:00+11:00,PAITA,CDD,0,3,0,false,4,false,false,false,2026-03-10 19:05:34+11:00,2026-03-10 19:05:34+11:00,,"Durée: 3 mois
Validité jusqu'au 2026-03-31",23.02.85,recrutement@csp.nc,"Ceci est une offre créée sur l'ancien service (emploi.gouv.nc).

Si vous êtes l'employeur en charge de cette offre, vous pouvez la recréer sur ce nouveau service (emploi.nc) afin de profiter de toutes les nouvelles fonctionnalités.",2026-03-024575,,,,,,,,
20260311ff26,Menuisier / Menuisière atelier et pose,1,ACTIVE,H2206,2026-03-10 11:00:00+11:00,NOUMEA,CDD,0,3,0,false,4,true,false,false,2026-03-10 18:49:57+11:00,2026-03-10 18:49:57+11:00,Bac Pro Menuisier,"Spécificités:
- Déplacement à prévoir

Durée: 3 mois
Validité jusqu'au 2026-03-31",934606,mdpsarl@mdp.nc,"Ceci est une offre créée sur l'ancien service (emploi.gouv.nc).

Si vous êtes l'employeur en charge de cette offre, vous pouvez la recréer sur ce nouveau service (emploi.nc) afin de profiter de toutes les nouvelles fonctionnalités.",2026-03-024574,,,,,,,,
20260310f2a2,Technicien / Technicienne géométre,1,ACTIVE,F1109,,YATE,CDD,0,3,0,false,5,true,false,false,2026-03-10 17:10:28+11:00,2026-03-10 17:10:28+11:00,,"## **TECHNICIEN(NE) TOPOGRAPHE**

Dans le cadre du renforcement de notre équipe, nous recrutons un(e) Technicien(e)Topographe qui aura pour principales missions: des travaux de levés topographiques, des missions suppoorts pour des projets de terrassement, de construction et d’infrastructures.

Le candidat évoluera sur un site minier basé dans le Grand Sud (en rythme 4*4) en travaillant en collaboration avec les chefs d'équipe et le personnel encadrant pour:

- Réaliser des levés topographiques sur le terrain (GPS, station totale, niveau).
- Effectuer les implantations des ouvrages et infrastructures.
- Collecter, traiter et analyser les données topographiques.
- Élaborer des plans et des cartes à partir des relevés 
- Assurer la mise à jour des plans et documents techniques",,,,,fb58dad6-a70b-4e3e-b487-2e840f8874b5,1514488001,CAP TERRASSEMENT,SOCIETE PAR ACTIONS SIMPLIFIEE (SAS),CAP TERRASSEMENT,YATE,Tribu de Goro,
20260310ff26,Manipulateur / Manipulatrice en radiologie,1,ACTIVE,J1306,2026-03-23 00:00:00+11:00,PAITA,CDI,0,0,0,false,6,true,false,false,2026-03-10 15:25:52+11:00,2026-03-10 15:25:52+11:00,manipulateur en electroradiologie +forcomed,"## Mon offre d'emploi
Poste polyvalent accueil , secretariat",,,,,4739b32d-d0e9-447d-99fe-672e4a07775d,0555037001,CENTRE DE RADIOLOGIE SAVANNAH,SOCIETE D'EXERCICE LIBERAL A RESPONSABILITE LIMITEE (SELARL),CENTRE DE RADIOLOGIE SAVANNAH,PAITA,Centre Commercial Savannah,
202603118351,Représentant / Représentante en biens de consommation auprès des entreprises,1,ACTIVE,D1402,2026-03-09 11:00:00+11:00,NOUMEA,CDI,0,0,0,false,5,true,true,true,2026-03-10 04:53:23+11:00,2026-03-10 04:53:23+11:00,Commerce,"Spécificités:
- Déplacement à prévoir

Validité jusqu'au 2026-03-30",279188,a.jean@serdis.nc,"Ceci est une offre créée sur l'ancien service (emploi.gouv.nc).

Si vous êtes l'employeur en charge de cette offre, vous pouvez la recréer sur ce nouveau service (emploi.nc) afin de profiter de toutes les nouvelles fonctionnalités.",2026-03-024573,,,,,,,,
2026031198c3,Responsable du développement commercial,1,ACTIVE,M1707,2026-03-09 11:00:00+11:00,NOUMEA,CDI,0,0,0,false,6,true,true,true,2026-03-10 04:45:09+11:00,2026-03-10 04:45:09+11:00,"Commerce, marketing ou équivalent","Spécificités:
- Déplacement à prévoir

Validité jusqu'au 2026-03-30",279188,a.jean@serdis.nc,"Ceci est une offre créée sur l'ancien service (emploi.gouv.nc).

Si vous êtes l'employeur en charge de cette offre, vous pouvez la recréer sur ce nouveau service (emploi.nc) afin de profiter de toutes les nouvelles fonctionnalités.",2026-03-024572,,,,,,,,
20260311f030,Acheteur industriel / Acheteuse industrielle,1,ACTIVE,M1101,2026-03-09 11:00:00+11:00,NOUMEA,CDI,0,0,0,false,7,false,false,false,2026-03-10 01:47:02+11:00,2026-03-10 01:47:02+11:00,"Supply Chain, Commerce",Validité jusqu'au 2026-03-30,816836,remy.devedeux@easy-skill.com,"Ceci est une offre créée sur l'ancien service (emploi.gouv.nc).

Si vous êtes l'employeur en charge de cette offre, vous pouvez la recréer sur ce nouveau service (emploi.nc) afin de profiter de toutes les nouvelles fonctionnalités.",2026-03-024570,,,,,,,,
20260311a4c9,Agent / Agente d'accueil,1,ACTIVE,M1601,2026-03-09 11:00:00+11:00,NOUMEA,CDD,0,3,0,false,4,true,false,false,2026-03-10 01:36:56+11:00,2026-03-10 01:36:56+11:00,,"Durée: 3 mois
Validité jusqu'au 2026-03-30",246904,stephanie.biret@dhl.com,"Ceci est une offre créée sur l'ancien service (emploi.gouv.nc).

Si vous êtes l'employeur en charge de cette offre, vous pouvez la recréer sur ce nouveau service (emploi.nc) afin de profiter de toutes les nouvelles fonctionnalités.",2026-03-024569,,,,,,,,
202603116103,Responsable administratif et financier / administrative et financière,1,ACTIVE,M1205,2026-03-09 11:00:00+11:00,DUMBEA,CDI,0,0,0,true,7,true,true,true,2026-03-09 22:49:38+11:00,2026-03-10 00:15:03+11:00,,"Spécificités:
- Déplacement à prévoir

Validité jusqu'au 2026-03-30",467000,emploi@secal.nc,"Ceci est une offre créée sur l'ancien service (emploi.gouv.nc).

Si vous êtes l'employeur en charge de cette offre, vous pouvez la recréer sur ce nouveau service (emploi.nc) afin de profiter de toutes les nouvelles fonctionnalités.",2026-03-024567,,,,,,,,
20260311d2de,Valet / Femme de chambre,1,ACTIVE,G1501,2026-03-09 11:00:00+11:00,NOUMEA,CDD,0,1,0,false,3,false,false,false,2026-03-09 22:31:59+11:00,2026-03-09 22:31:59+11:00,,"Spécificités:
- Travail jours fériés
- Travail le samedi et le dimanche

Durée: 1 mois
Validité jusqu'au 2026-03-30",741669,gerance.abc.dupropre@gmail.com,"Ceci est une offre créée sur l'ancien service (emploi.gouv.nc).

Si vous êtes l'employeur en charge de cette offre, vous pouvez la recréer sur ce nouveau service (emploi.nc) afin de profiter de toutes les nouvelles fonctionnalités.",2026-03-024566,,,,,,,,
202603112a36,Conducteur / Conductrice de travaux du BTP,1,ACTIVE,F1201,2026-03-01 11:00:00+11:00,DUMBEA,CDI,0,0,0,false,7,true,true,true,2026-03-09 22:29:47+11:00,2026-03-09 22:29:47+11:00,,"Spécificités:
- Déplacement à prévoir

Validité jusqu'au 2026-03-30",000000,recrutement.a16@gmail.com,"Ceci est une offre créée sur l'ancien service (emploi.gouv.nc).

Si vous êtes l'employeur en charge de cette offre, vous pouvez la recréer sur ce nouveau service (emploi.nc) afin de profiter de toutes les nouvelles fonctionnalités.",2026-03-024565,,,,,,,,
20260311c084,Ingénieur / Ingénieure travaux,1,ACTIVE,F1106,2026-03-09 11:00:00+11:00,DUMBEA,CDI,0,0,0,true,7,true,true,true,2026-03-09 22:29:40+11:00,2026-03-10 00:22:35+11:00,,"Spécificités:
- Déplacement à prévoir

Validité jusqu'au 2026-03-30",467000,emploi@secal.nc,"Ceci est une offre créée sur l'ancien service (emploi.gouv.nc).

Si vous êtes l'employeur en charge de cette offre, vous pouvez la recréer sur ce nouveau service (emploi.nc) afin de profiter de toutes les nouvelles fonctionnalités.",2026-03-024564,,,,,,,,
20260311f135,"Conseiller / Conseillère Incendie, Accidents, Risques Divers -IARD-",1,ACTIVE,C1102,2026-03-09 11:00:00+11:00,NOUMEA,CDI,0,0,0,true,4,false,false,false,2026-03-09 20:10:56+11:00,2026-03-09 20:10:56+11:00,Certification Assurance IARD Prévoyance,Validité jusqu'au 2026-03-30,810202,brouveyrol@ifp.nc,"Ceci est une offre créée sur l'ancien service (emploi.gouv.nc).

Si vous êtes l'employeur en charge de cette offre, vous pouvez la recréer sur ce nouveau service (emploi.nc) afin de profiter de toutes les nouvelles fonctionnalités.",2026-03-024561,,,,,,,,
202603114f7c,Courtier / Courtière en assurances,1,ACTIVE,C1103,2026-03-09 11:00:00+11:00,NOUMEA,CDI,0,0,0,true,6,false,false,false,2026-03-09 20:10:31+11:00,2026-03-09 20:10:31+11:00,"finance, gestion ou école de commerce",Validité jusqu'au 2026-03-30,810202,brouveyrol@ifp.nc,"Ceci est une offre créée sur l'ancien service (emploi.gouv.nc).

Si vous êtes l'employeur en charge de cette offre, vous pouvez la recréer sur ce nouveau service (emploi.nc) afin de profiter de toutes les nouvelles fonctionnalités.",2026-03-024560,,,,,,,,
202603112406,Conseiller / Conseillère en gestion de fortune,1,ACTIVE,C1205,2026-03-09 11:00:00+11:00,NOUMEA,CDI,0,0,0,true,7,false,false,false,2026-03-09 20:10:07+11:00,2026-03-09 20:10:07+11:00,Master en GP,Validité jusqu'au 2026-03-30,810202,brouveyrol@ifp.nc,"Ceci est une offre créée sur l'ancien service (emploi.gouv.nc).

Si vous êtes l'employeur en charge de cette offre, vous pouvez la recréer sur ce nouveau service (emploi.nc) afin de profiter de toutes les nouvelles fonctionnalités.",2026-03-024559,,,,,,,,
2026031170eb,Conseiller / Conseillère en gestion de patrimoine financier,2,ACTIVE,C1205,2026-03-09 11:00:00+11:00,NOUMEA,CDI,0,0,0,true,7,false,false,false,2026-03-09 20:09:42+11:00,2026-03-09 20:09:42+11:00,"finance, gestion ou école de commerce",Validité jusqu'au 2026-03-30,810202,brouveyrol@ifp.nc,"Ceci est une offre créée sur l'ancien service (emploi.gouv.nc).

Si vous êtes l'employeur en charge de cette offre, vous pouvez la recréer sur ce nouveau service (emploi.nc) afin de profiter de toutes les nouvelles fonctionnalités.",2026-03-024558,,,,,,,,
202603117e30,Chargé / Chargée des relations publiques digitales,1,ACTIVE,E1103,2026-03-09 11:00:00+11:00,NOUMEA,CDI,0,0,0,false,6,false,false,false,2026-03-09 20:09:09+11:00,2026-03-09 20:09:09+11:00,Marketing digital / Communication,Validité jusqu'au 2026-03-30,810202,brouveyrol@ifp.nc,"Ceci est une offre créée sur l'ancien service (emploi.gouv.nc).

Si vous êtes l'employeur en charge de cette offre, vous pouvez la recréer sur ce nouveau service (emploi.nc) afin de profiter de toutes les nouvelles fonctionnalités.",2026-03-024556,,,,,,,,
2026031121a2,Technicien / Technicienne de maintenance en électronique,1,ACTIVE,I1305,2026-03-06 11:00:00+11:00,NOUMEA,CDI,0,0,0,false,5,false,false,false,2026-03-07 00:53:30+11:00,2026-03-07 00:53:30+11:00,electronique,"Spécificités:
- Travail de nuit
- Déplacement à prévoir

Validité jusqu'au 2026-03-27",25.26.26,recrutement@modulia.nc,"Ceci est une offre créée sur l'ancien service (emploi.gouv.nc).

Si vous êtes l'employeur en charge de cette offre, vous pouvez la recréer sur ce nouveau service (emploi.nc) afin de profiter de toutes les nouvelles fonctionnalités.",2026-03-024553,,,,,,,,
20260311fa39,Assistant / Assistante des ventes,1,ACTIVE,D1401,2026-03-20 11:00:00+11:00,NOUMEA,CDD,0,3,0,false,4,true,true,true,2026-03-07 00:51:17+11:00,2026-03-07 00:51:17+11:00,,"Durée: 3 mois
Validité jusqu'au 2026-03-27",464715,rh@pacific-care.nc,"Ceci est une offre créée sur l'ancien service (emploi.gouv.nc).

Si vous êtes l'employeur en charge de cette offre, vous pouvez la recréer sur ce nouveau service (emploi.nc) afin de profiter de toutes les nouvelles fonctionnalités.",2026-03-024552,,,,,,,,
202603114f24,Contrôleur / Contrôleuse de gestion de groupe,1,ACTIVE,M1204,2026-07-01 11:00:00+11:00,NOUMEA,CDI,0,0,0,true,5,false,false,false,2026-03-06 21:13:10+11:00,2026-03-06 21:13:10+11:00,En contrôle de gestion,Validité jusqu'au 2026-03-27,246140,rh@intermed.nc,"Ceci est une offre créée sur l'ancien service (emploi.gouv.nc).

Si vous êtes l'employeur en charge de cette offre, vous pouvez la recréer sur ce nouveau service (emploi.nc) afin de profiter de toutes les nouvelles fonctionnalités.",2026-03-024550,,,,,,,,
202603111b6b,Développeur / Développeuse full-stack,1,ACTIVE,M1805,2026-03-06 11:00:00+11:00,NOUMEA,CDI,0,0,0,true,6,false,false,false,2026-03-06 19:57:47+11:00,2026-03-06 19:57:47+11:00,,Validité jusqu'au 2026-03-27,96 57 63,contact@agilesoft.nc,"Ceci est une offre créée sur l'ancien service (emploi.gouv.nc).

Si vous êtes l'employeur en charge de cette offre, vous pouvez la recréer sur ce nouveau service (emploi.nc) afin de profiter de toutes les nouvelles fonctionnalités.",2026-03-024547,,,,,,,,
20260311373e,Contrôleur / Contrôleuse de gestion,1,ACTIVE,M1204,2026-03-06 11:00:00+11:00,MONT-DORE,CDI,0,0,0,true,6,true,false,false,2026-03-06 18:48:17+11:00,2026-03-06 19:02:03+11:00,,Validité jusqu'au 2026-03-27,282249,recrutement@goodmanfielder.nc,"Ceci est une offre créée sur l'ancien service (emploi.gouv.nc).

Si vous êtes l'employeur en charge de cette offre, vous pouvez la recréer sur ce nouveau service (emploi.nc) afin de profiter de toutes les nouvelles fonctionnalités.",2026-03-024546,,,,,,,,
20260311f121,Agent / Agente de maintenance sur systèmes d'impression et de reprographie,1,ACTIVE,I1401,2026-03-05 11:00:00+11:00,NOUMEA,CDI,0,0,0,true,5,true,true,true,2026-03-06 05:17:49+11:00,2026-03-06 05:17:49+11:00,electro-technique,Validité jusqu'au 2026-03-26,255045,c.tourdot@sharp-center.nc,"Ceci est une offre créée sur l'ancien service (emploi.gouv.nc).

Si vous êtes l'employeur en charge de cette offre, vous pouvez la recréer sur ce nouveau service (emploi.nc) afin de profiter de toutes les nouvelles fonctionnalités.",2026-03-024545,,,,,,,,
20260311aefd,Ingénieur / Ingénieure système réseau informatique,1,ACTIVE,M1802,2026-03-05 11:00:00+11:00,NOUMEA,CDI,0,0,0,false,6,true,true,true,2026-03-06 05:17:23+11:00,2026-03-06 05:17:23+11:00,,Validité jusqu'au 2026-03-26,937373,c.tourdot@optimium.nc,"Ceci est une offre créée sur l'ancien service (emploi.gouv.nc).

Si vous êtes l'employeur en charge de cette offre, vous pouvez la recréer sur ce nouveau service (emploi.nc) afin de profiter de toutes les nouvelles fonctionnalités.",2026-03-024544,,,,,,,,
20260311ffe0,Contrôleur / Contrôleuse de gestion financière,1,ACTIVE,M1204,2026-03-05 11:00:00+11:00,NOUMEA,CDI,0,0,0,true,6,false,false,false,2026-03-06 05:16:46+11:00,2026-03-06 05:16:46+11:00,,Validité jusqu'au 2026-03-26,255045,c.tourdot@sharp-center.nc,"Ceci est une offre créée sur l'ancien service (emploi.gouv.nc).

Si vous êtes l'employeur en charge de cette offre, vous pouvez la recréer sur ce nouveau service (emploi.nc) afin de profiter de toutes les nouvelles fonctionnalités.",2026-03-024543,,,,,,,,
202603119463,Consultant / Consultante IT,1,ACTIVE,M1806,2026-03-05 11:00:00+11:00,NOUMEA,CDD,0,0,1,false,6,false,false,false,2026-03-06 03:49:26+11:00,2026-03-06 19:02:42+11:00,License,"Durée: 1 an(s)
Validité jusqu'au 2026-03-27",772084,pierre@digibarre.com,"Ceci est une offre créée sur l'ancien service (emploi.gouv.nc).

Si vous êtes l'employeur en charge de cette offre, vous pouvez la recréer sur ce nouveau service (emploi.nc) afin de profiter de toutes les nouvelles fonctionnalités.",2026-03-024542,,,,,,,,
202603114d45,Pharmacien / Pharmacienne,1,ACTIVE,J1202,2026-03-05 11:00:00+11:00,NOUMEA,CDD,0,6,0,false,7,false,false,false,2026-03-06 02:40:17+11:00,2026-03-06 02:40:17+11:00,DOCTORAT,"Durée: 6 mois
Validité jusqu'au 2026-03-26",283025,direction@pharmavdc.nc,"Ceci est une offre créée sur l'ancien service (emploi.gouv.nc).

Si vous êtes l'employeur en charge de cette offre, vous pouvez la recréer sur ce nouveau service (emploi.nc) afin de profiter de toutes les nouvelles fonctionnalités.",2026-03-024540,,,,,,,,
202603116638,Secrétaire comptable,1,ACTIVE,M1608,2026-03-05 11:00:00+11:00,NOUMEA,CDI,0,0,0,false,5,true,false,false,2026-03-06 00:39:38+11:00,2026-03-06 00:39:38+11:00,BTS comptabilité,"Spécificités:
- Travail le samedi
- Travail jours fériés

Validité jusqu'au 2026-03-26",279002,daf@cuenet.nc,"Ceci est une offre créée sur l'ancien service (emploi.gouv.nc).

Si vous êtes l'employeur en charge de cette offre, vous pouvez la recréer sur ce nouveau service (emploi.nc) afin de profiter de toutes les nouvelles fonctionnalités.",2026-03-024538,,,,,,,,
202603119a8e,Technicien / Technicienne de maintenance industrielle,1,ACTIVE,I1304,2026-04-06 11:00:00+11:00,NOUMEA,CDD,0,1,0,true,5,true,false,false,2026-03-06 00:14:32+11:00,2026-03-06 00:14:32+11:00,BTS / DUT Maintenance,"Durée: 1 mois
Validité jusqu'au 2026-03-26",816836,remy.devedeux@easy-skill.com,"Ceci est une offre créée sur l'ancien service (emploi.gouv.nc).

Si vous êtes l'employeur en charge de cette offre, vous pouvez la recréer sur ce nouveau service (emploi.nc) afin de profiter de toutes les nouvelles fonctionnalités.",2026-03-024537,,,,,,,,
202603113612,Agent / Agente de maintenance des bâtiments,2,ACTIVE,I1203,2026-03-02 11:00:00+11:00,BOURAIL,CDD,0,3,0,true,3,false,false,false,2026-03-05 23:30:59+11:00,2026-03-05 23:30:59+11:00,pour postuler : https://www.mdf.nc,"Durée: 3 mois
Validité jusqu'au 2026-03-26",299120,recrutement@mdf.nc,"Ceci est une offre créée sur l'ancien service (emploi.gouv.nc).

Si vous êtes l'employeur en charge de cette offre, vous pouvez la recréer sur ce nouveau service (emploi.nc) afin de profiter de toutes les nouvelles fonctionnalités.",2026-03-024536,,,,,,,,
20260311e5b8,Éducateur spécialisé / Éducatrice spécialisée en milieu ouvert,1,ACTIVE,K1207,2026-03-05 11:00:00+11:00,OUVEA,CDD,0,0,1,true,6,true,false,true,2026-03-05 22:22:14+11:00,2026-03-05 22:22:14+11:00,EDUCATEUR SPECIALISE,"Durée: 1 an(s)
Validité jusqu'au 2026-03-26",28 42 62,accueil@apej.nc,"Ceci est une offre créée sur l'ancien service (emploi.gouv.nc).

Si vous êtes l'employeur en charge de cette offre, vous pouvez la recréer sur ce nouveau service (emploi.nc) afin de profiter de toutes les nouvelles fonctionnalités.",2026-03-024535,,,,,,,,
20260311fa1c,Échafaudeur / Échafaudeuse,15,ACTIVE,F1502,2026-03-05 11:00:00+11:00,NOUMEA,CDD,0,3,0,true,4,true,false,false,2026-03-05 22:20:57+11:00,2026-03-05 22:20:57+11:00,,"Spécificités:
- Travail en hauteur

Durée: 3 mois
Validité jusqu'au 2026-03-26",816836,remy.devedeux@easy-skill.com,"Ceci est une offre créée sur l'ancien service (emploi.gouv.nc).

Si vous êtes l'employeur en charge de cette offre, vous pouvez la recréer sur ce nouveau service (emploi.nc) afin de profiter de toutes les nouvelles fonctionnalités.",2026-03-024534,,,,,,,,
202603113f3e,Logisticien / Logisticienne,1,ACTIVE,N1303,2026-03-05 11:00:00+11:00,NOUMEA,CDD,0,6,0,false,5,false,false,false,2026-03-05 21:51:18+11:00,2026-03-05 21:51:18+11:00,LOGISTICIEN,"Durée: 6 mois
Validité jusqu'au 2026-03-26",253050,l.maunier@hiddekel.nc,"Ceci est une offre créée sur l'ancien service (emploi.gouv.nc).

Si vous êtes l'employeur en charge de cette offre, vous pouvez la recréer sur ce nouveau service (emploi.nc) afin de profiter de toutes les nouvelles fonctionnalités.",2026-03-024533,,,,,,,,
202603111a0e,Vendeur / Vendeuse en prêt-à-porter féminin,1,ACTIVE,D1214,2026-04-01 11:00:00+11:00,NOUMEA,CDD,0,3,0,false,4,false,false,false,2026-03-05 20:45:04+11:00,2026-03-05 20:45:04+11:00,,"Spécificités:
- Travail le samedi

Durée: 3 mois
Validité jusqu'au 2026-03-26",858170,contact@sunandthecity.nc,"Ceci est une offre créée sur l'ancien service (emploi.gouv.nc).

Si vous êtes l'employeur en charge de cette offre, vous pouvez la recréer sur ce nouveau service (emploi.nc) afin de profiter de toutes les nouvelles fonctionnalités.",2026-03-024531,,,,,,,,
202603113903,Pharmacien / Pharmacienne,1,ACTIVE,J1202,2026-04-09 11:00:00+11:00,NOUMEA,CDD,0,2,0,false,7,false,false,false,2026-03-05 20:18:31+11:00,2026-03-05 20:18:31+11:00,DOCTORAT EN PHARMACIE,"Spécificités:
- Travail le samedi

Durée: 2 mois
Validité jusqu'au 2026-03-26",272967,pharmaciecaledonienne@gmail.com,"Ceci est une offre créée sur l'ancien service (emploi.gouv.nc).

Si vous êtes l'employeur en charge de cette offre, vous pouvez la recréer sur ce nouveau service (emploi.nc) afin de profiter de toutes les nouvelles fonctionnalités.",2026-03-024530,,,,,,,,
20260311f6be,Graphiste multimédia,1,ACTIVE,E1205,2026-04-01 11:00:00+11:00,NOUMEA,CDD,0,3,0,false,7,true,false,false,2026-03-05 20:04:52+11:00,2026-03-05 20:04:52+11:00,,"Durée: 3 mois
Validité jusqu'au 2026-03-26",968958,daryl.meuret@coupdouest.nc,"Ceci est une offre créée sur l'ancien service (emploi.gouv.nc).

Si vous êtes l'employeur en charge de cette offre, vous pouvez la recréer sur ce nouveau service (emploi.nc) afin de profiter de toutes les nouvelles fonctionnalités.",2026-03-024528,,,,,,,,
20260311b82e,Éducateur spécialisé / Éducatrice spécialisée en milieu ouvert,1,ACTIVE,K1207,2026-03-05 11:00:00+11:00,NOUMEA,CDD,0,6,0,true,6,true,true,false,2026-03-05 18:45:47+11:00,2026-03-05 18:45:47+11:00,EDUCATEUR SPECIALISE,"Durée: 6 mois
Validité jusqu'au 2026-03-26",28 42 62,accueil@apej.nc,"Ceci est une offre créée sur l'ancien service (emploi.gouv.nc).

Si vous êtes l'employeur en charge de cette offre, vous pouvez la recréer sur ce nouveau service (emploi.nc) afin de profiter de toutes les nouvelles fonctionnalités.",2026-03-024525,,,,,,,,
202603112f0b,Adjoint / Adjointe au chef comptable,1,ACTIVE,M1206,2026-03-04 11:00:00+11:00,NOUMEA,CDD,0,1,0,true,6,false,false,false,2026-03-05 04:17:04+11:00,2026-03-05 04:17:04+11:00,,"Durée: 1 mois
Validité jusqu'au 2026-03-25",746888,sandrine.boyrie@sonepar.fr,"Ceci est une offre créée sur l'ancien service (emploi.gouv.nc).

Si vous êtes l'employeur en charge de cette offre, vous pouvez la recréer sur ce nouveau service (emploi.nc) afin de profiter de toutes les nouvelles fonctionnalités.",2026-03-024522,,,,,,,,
202603116e25,Conducteur / Conductrice de travaux,1,ACTIVE,F1201,2026-03-04 11:00:00+11:00,PAITA,CDI,0,0,0,false,,true,true,true,2026-03-05 01:49:08+11:00,2026-03-05 19:32:49+11:00,,Validité jusqu'au 2026-03-26,744699,compta@axalu.nc,"Ceci est une offre créée sur l'ancien service (emploi.gouv.nc).

Si vous êtes l'employeur en charge de cette offre, vous pouvez la recréer sur ce nouveau service (emploi.nc) afin de profiter de toutes les nouvelles fonctionnalités.",2026-03-024520,,,,,,,,
202603114018,Cadreur / Cadreuse,1,ACTIVE,L1505,2026-03-04 11:00:00+11:00,NOUMEA,CDD,0,6,0,false,5,true,true,true,2026-03-04 20:07:36+11:00,2026-03-04 20:07:36+11:00,,"Spécificités:
- Déplacement à prévoir

Durée: 6 mois
Validité jusqu'au 2026-03-25",74 64 66,contact@neomedia.nc,"Ceci est une offre créée sur l'ancien service (emploi.gouv.nc).

Si vous êtes l'employeur en charge de cette offre, vous pouvez la recréer sur ce nouveau service (emploi.nc) afin de profiter de toutes les nouvelles fonctionnalités.",2026-03-024519,,,,,,,,
20260311edf6,Conseiller / Conseillère en investissements financiers,1,ACTIVE,C1205,2026-03-03 11:00:00+11:00,NOUMEA,CDI,0,0,0,false,7,false,false,false,2026-03-04 12:35:17+11:00,2026-03-04 12:35:17+11:00,,Validité jusqu'au 2026-03-25,+377 93 10 22 25,xgluszyk@cfm-indosuez.mc,"Ceci est une offre créée sur l'ancien service (emploi.gouv.nc).

Si vous êtes l'employeur en charge de cette offre, vous pouvez la recréer sur ce nouveau service (emploi.nc) afin de profiter de toutes les nouvelles fonctionnalités.",2026-03-024517,,,,,,,,
202603115c08,Chef cuisinier / cuisinière,1,ACTIVE,G1601,2026-03-10 11:00:00+11:00,NOUMEA,CDD,0,3,0,true,4,false,false,false,2026-03-04 02:21:42+11:00,2026-03-04 02:21:42+11:00,,"Spécificités:
- Travail le samedi et le dimanche
- Travail jours fériés

Durée: 3 mois
Validité jusqu'au 2026-03-24",269426,contact.tlqs@gmail.com,"Ceci est une offre créée sur l'ancien service (emploi.gouv.nc).

Si vous êtes l'employeur en charge de cette offre, vous pouvez la recréer sur ce nouveau service (emploi.nc) afin de profiter de toutes les nouvelles fonctionnalités.",2026-03-024516,,,,,,,,
20260311e63d,Secrétaire juridique,1,ACTIVE,M1607,2026-03-15 11:00:00+11:00,KONE,CDD,0,6,0,true,6,false,false,false,2026-03-03 22:53:01+11:00,2026-03-04 00:11:14+11:00,DIPLOMEJURIDIQUE,"Durée: 6 mois
Validité jusqu'au 2026-03-24",999708,contact.avocatrodriguez@gmail.com,"Ceci est une offre créée sur l'ancien service (emploi.gouv.nc).

Si vous êtes l'employeur en charge de cette offre, vous pouvez la recréer sur ce nouveau service (emploi.nc) afin de profiter de toutes les nouvelles fonctionnalités.",2026-03-024513,,,,,,,,
202603117fe8,Chauffeur / Chauffeuse de ligne transport de personnes,2,ACTIVE,N4103,2026-03-03 11:00:00+11:00,KAALA-GOMEN,CDD,0,3,0,false,,false,true,false,2026-03-03 21:48:04+11:00,2026-03-03 21:48:04+11:00,,"Durée: 3 mois
Validité jusqu'au 2026-03-24",476738,transportdevillers@hotmail.fr,"Ceci est une offre créée sur l'ancien service (emploi.gouv.nc).

Si vous êtes l'employeur en charge de cette offre, vous pouvez la recréer sur ce nouveau service (emploi.nc) afin de profiter de toutes les nouvelles fonctionnalités.",2026-03-024511,,,,,,,,
20260311f72c,Applicateur / Applicatrice en peinture industrielle,20,ACTIVE,H3404,2026-05-11 11:00:00+11:00,NOUMEA,CDD,0,3,0,false,,true,false,false,2026-03-03 21:25:24+11:00,2026-03-03 21:25:24+11:00,,"Spécificités:
- Port d'équipement de protection individuel
- Travail en hauteur
- Travail le samedi

Durée: 3 mois
Validité jusqu'au 2026-03-24",816836,remy.devedeux@easy-skill.com,"Ceci est une offre créée sur l'ancien service (emploi.gouv.nc).

Si vous êtes l'employeur en charge de cette offre, vous pouvez la recréer sur ce nouveau service (emploi.nc) afin de profiter de toutes les nouvelles fonctionnalités.",2026-03-024509,,,,,,,,
202603119972,Employé polyvalent / Employée polyvalente de libre-service,1,ACTIVE,D1507,2026-03-03 11:00:00+11:00,NOUMEA,CDD,0,1,0,false,,false,false,false,2026-03-03 20:07:59+11:00,2026-03-03 20:07:59+11:00,,"Spécificités:
- Travail le samedi et le dimanche

Durée: 1 mois
Validité jusqu'au 2026-03-24",000000,cvgevkpp@gmail.com,"Ceci est une offre créée sur l'ancien service (emploi.gouv.nc).

Si vous êtes l'employeur en charge de cette offre, vous pouvez la recréer sur ce nouveau service (emploi.nc) afin de profiter de toutes les nouvelles fonctionnalités.",2026-03-024508,,,,,,,,
20260311fd2b,Attaché commercial / Attachée commerciale auprès des particuliers,1,ACTIVE,D1403,2026-04-20 11:00:00+11:00,NOUMEA,CDD,0,5,0,false,5,false,false,false,2026-03-03 03:21:51+11:00,2026-03-03 03:21:51+11:00,vente ou commerce,"Spécificités:
- Travail le samedi
- Travail jours fériés

Durée: 5 mois
Validité jusqu'au 2026-03-23",915060,caroline@oxalis.nc,"Ceci est une offre créée sur l'ancien service (emploi.gouv.nc).

Si vous êtes l'employeur en charge de cette offre, vous pouvez la recréer sur ce nouveau service (emploi.nc) afin de profiter de toutes les nouvelles fonctionnalités.",2026-03-024505,,,,,,,,
20260311600d,Contrôleur / Contrôleuse de gestion,1,ACTIVE,M1204,2026-03-02 11:00:00+11:00,NOUMEA,CDI,0,0,0,false,6,true,false,false,2026-03-02 23:02:12+11:00,2026-03-02 23:02:12+11:00,,Validité jusqu'au 2026-03-23,242018,rachelle.sekeme@aboro.nc,"Ceci est une offre créée sur l'ancien service (emploi.gouv.nc).

Si vous êtes l'employeur en charge de cette offre, vous pouvez la recréer sur ce nouveau service (emploi.nc) afin de profiter de toutes les nouvelles fonctionnalités.",2026-03-024503,,,,,,,,
20260311967b,"Technicien / Technicienne en Hygiène, Sécurité, Environnement industriel -HSE-",1,ACTIVE,H1303,2026-03-02 11:00:00+11:00,NOUMEA,CDI,0,0,0,true,5,true,false,false,2026-03-02 22:58:47+11:00,2026-03-02 22:58:47+11:00,,"Spécificités:
- Déplacement à prévoir

Validité jusqu'au 2026-03-23",242018,rachelle.sekeme@aboro.nc,"Ceci est une offre créée sur l'ancien service (emploi.gouv.nc).

Si vous êtes l'employeur en charge de cette offre, vous pouvez la recréer sur ce nouveau service (emploi.nc) afin de profiter de toutes les nouvelles fonctionnalités.",2026-03-024502,,,,,,,,
202603114a26,Calorifugeur / Calorifugeuse,1,ACTIVE,F1613,2026-03-02 11:00:00+11:00,NOUMEA,CDD,0,3,0,true,4,true,false,false,2026-03-02 21:27:25+11:00,2026-03-02 21:27:25+11:00,,"Durée: 3 mois
Validité jusqu'au 2026-03-23",816836,remy.devedeux@easy-skill.com,"Ceci est une offre créée sur l'ancien service (emploi.gouv.nc).

Si vous êtes l'employeur en charge de cette offre, vous pouvez la recréer sur ce nouveau service (emploi.nc) afin de profiter de toutes les nouvelles fonctionnalités.",2026-03-024501,,,,,,,,
202603115b8b,Officier / Officière de port,2,ACTIVE,N3101,2026-03-02 11:00:00+11:00,NOUMEA,CDD,0,0,1,false,,false,false,false,2026-03-02 20:37:30+11:00,2026-03-02 20:37:30+11:00,Capitaine 500,"Spécificités:
- Travail le samedi et le dimanche
- Travail jours fériés
- Port d'équipement de protection individuel
- Travail de nuit

Durée: 1 an(s)
Validité jusqu'au 2026-03-23",255004,recrutement@noumeaport.nc,"Ceci est une offre créée sur l'ancien service (emploi.gouv.nc).

Si vous êtes l'employeur en charge de cette offre, vous pouvez la recréer sur ce nouveau service (emploi.nc) afin de profiter de toutes les nouvelles fonctionnalités.",2026-03-024499,,,,,,,,
20260301d2d0,Directeur / Directrice comptable,1,ACTIVE,M1206,2026-03-02 00:00:00+11:00,,CDI,0,0,0,false,8,false,false,false,2026-03-02 09:55:42+11:00,2026-03-02 09:55:42+11:00,,"## Poste d'expert-compbtale

Cabinet recherche un expert comptable, avec matrise de outils informatiques, de la fiscalité locale et des outils de production.",,,,,193f6c22-40ea-441a-9d06-07adcb4b0229,1189331001,LAGARDE EXPERTISE ET CONSEIL,SOCIETE A RESPONSABILITE LIMITEE (SARL),LAGARDE EXPERTISE ET CONSEIL,NOUMEA,37 rue René Coty Mont Venus,
202603114695,Opticien-optométriste / Opticienne-optométriste,1,ACTIVE,J1405,2026-03-01 11:00:00+11:00,NOUMEA,CDI,0,0,0,false,5,true,false,false,2026-03-02 06:07:44+11:00,2026-03-02 06:07:44+11:00,,"Spécificités:
- Travail le samedi

Validité jusqu'au 2026-03-22",415540,sud-optic-dumbea@sud-optic.nc,"Ceci est une offre créée sur l'ancien service (emploi.gouv.nc).

Si vous êtes l'employeur en charge de cette offre, vous pouvez la recréer sur ce nouveau service (emploi.nc) afin de profiter de toutes les nouvelles fonctionnalités.",2026-03-024498,,,,,,,,
202603112b02,Assistant / Assistante de coiffure,1,ACTIVE,D1202,2026-02-28 11:00:00+11:00,NOUMEA,CDD,0,1,0,false,3,false,false,false,2026-03-01 08:53:16+11:00,2026-03-01 08:53:16+11:00,,"Spécificités:
- Travail le dimanche

Durée: 1 mois
Validité jusqu'au 2026-03-21",973685,tropicalbeauty.nc@gmail.com,"Ceci est une offre créée sur l'ancien service (emploi.gouv.nc).

Si vous êtes l'employeur en charge de cette offre, vous pouvez la recréer sur ce nouveau service (emploi.nc) afin de profiter de toutes les nouvelles fonctionnalités.",2026-02-024495,,,,,,,,
202603118efc,Chef cuisinier / cuisinière,1,ACTIVE,G1601,2026-02-28 11:00:00+11:00,NOUMEA,CDD,0,3,0,true,4,false,false,false,2026-03-01 02:49:48+11:00,2026-03-02 18:04:19+11:00,,"Spécificités:
- Travail le samedi et le dimanche

Durée: 3 mois
Validité jusqu'au 2026-03-23",522015,sportpassion.nc@gmail.com,"Ceci est une offre créée sur l'ancien service (emploi.gouv.nc).

Si vous êtes l'employeur en charge de cette offre, vous pouvez la recréer sur ce nouveau service (emploi.nc) afin de profiter de toutes les nouvelles fonctionnalités.",2026-02-024493,,,,,,,,
20260311be80,Chaudronnier-tuyauteur / Chaudronnière-tuyauteuse,4,ACTIVE,H2902,2026-02-27 11:00:00+11:00,YATE,CDD,0,0,1,true,4,true,false,false,2026-02-28 17:45:46+11:00,2026-03-02 18:05:04+11:00,,"Spécificités:
- Port d'équipement de protection individuel
- Travail en hauteur

Durée: 1 an(s)
Validité jusqu'au 2026-03-23",351321,marinau.nc@gmail.com,"Ceci est une offre créée sur l'ancien service (emploi.gouv.nc).

Si vous êtes l'employeur en charge de cette offre, vous pouvez la recréer sur ce nouveau service (emploi.nc) afin de profiter de toutes les nouvelles fonctionnalités.",2026-02-024491,,,,,,,,
20260311d5ea,Monteur / Monteuse d'assemblage mécanique de précision,6,ACTIVE,H2909,2026-02-27 11:00:00+11:00,YATE,CDD,0,0,1,true,4,true,false,false,2026-02-28 16:56:55+11:00,2026-03-02 18:05:17+11:00,,"Spécificités:
- Port d'équipement de protection individuel
- Travail en hauteur

Durée: 1 an(s)
Validité jusqu'au 2026-03-23",351321,marinau.nc@gmail.com,"Ceci est une offre créée sur l'ancien service (emploi.gouv.nc).

Si vous êtes l'employeur en charge de cette offre, vous pouvez la recréer sur ce nouveau service (emploi.nc) afin de profiter de toutes les nouvelles fonctionnalités.",2026-02-024490,,,,,,,,
20260311af13,Conducteur / Conductrice de travaux génie civil,1,ACTIVE,F1201,2026-02-28 11:00:00+11:00,YATE,CDI,0,0,0,true,5,true,false,false,2026-02-28 15:37:43+11:00,2026-02-28 15:37:43+11:00,,"Spécificités:
- Port d'équipement de protection individuel

Validité jusqu'au 2026-03-21",760557,administration@novance.nc,"Ceci est une offre créée sur l'ancien service (emploi.gouv.nc).

Si vous êtes l'employeur en charge de cette offre, vous pouvez la recréer sur ce nouveau service (emploi.nc) afin de profiter de toutes les nouvelles fonctionnalités.",2026-02-024489,,,,,,,,
202603110ee9,Expert / Experte en assurances dommages,1,ACTIVE,C1106,2026-04-01 11:00:00+11:00,NOUMEA,CDI,0,0,0,true,6,true,true,true,2026-02-28 13:47:14+11:00,2026-03-02 18:05:44+11:00,Licence Contrôle et Expertise bâtiment,"Spécificités:
- Déplacement à prévoir

Validité jusqu'au 2026-03-23",0614999493,melanie.mesmin@elex.fr,"Ceci est une offre créée sur l'ancien service (emploi.gouv.nc).

Si vous êtes l'employeur en charge de cette offre, vous pouvez la recréer sur ce nouveau service (emploi.nc) afin de profiter de toutes les nouvelles fonctionnalités.",2026-02-024488,,,,,,,,
2026031185a5,Magasinier / Magasinière cariste,1,ACTIVE,N1103,2026-02-27 11:00:00+11:00,PAITA,CDD,0,3,0,false,,false,false,false,2026-02-27 22:16:12+11:00,2026-02-27 22:16:12+11:00,,"Durée: 3 mois
Validité jusqu'au 2026-03-20",446191,resp.exploitation@frigodom.nc,"Ceci est une offre créée sur l'ancien service (emploi.gouv.nc).

Si vous êtes l'employeur en charge de cette offre, vous pouvez la recréer sur ce nouveau service (emploi.nc) afin de profiter de toutes les nouvelles fonctionnalités.",2026-02-024484,,,,,,,,
20260311f4dc,Vendeur / Vendeuse en boulangerie-pâtisserie,1,ACTIVE,D1106,2026-04-01 11:00:00+11:00,NOUMEA,CDD,0,3,0,false,,false,false,false,2026-02-27 21:55:09+11:00,2026-02-27 21:55:09+11:00,,"Spécificités:
- Travail le dimanche
- Travail jours fériés
- Travail de nuit

Durée: 3 mois
Validité jusqu'au 2026-03-20",+33687277634,laptiteboulangerienc@gmail.com,"Ceci est une offre créée sur l'ancien service (emploi.gouv.nc).

Si vous êtes l'employeur en charge de cette offre, vous pouvez la recréer sur ce nouveau service (emploi.nc) afin de profiter de toutes les nouvelles fonctionnalités.",2026-02-024483,,,,,,,,
202603116903,Moniteur / Monitrice de voile,1,ACTIVE,G1204,2026-02-27 11:00:00+11:00,LIFOU,CDD,0,3,0,false,4,false,false,false,2026-02-27 20:53:22+11:00,2026-03-02 18:05:26+11:00,Moniteur fédéral de voile,"Spécificités:
- Travail le samedi

Durée: 3 mois
Validité jusqu'au 2026-03-23",451818,lifouvoilecanhl@gmail.com,"Ceci est une offre créée sur l'ancien service (emploi.gouv.nc).

Si vous êtes l'employeur en charge de cette offre, vous pouvez la recréer sur ce nouveau service (emploi.nc) afin de profiter de toutes les nouvelles fonctionnalités.",2026-02-024482,,,,,,,,
20260311ebfe,Électricien / Électricienne photovoltaïque,1,ACTIVE,F1602,2026-02-27 11:00:00+11:00,NOUMEA,CDD,0,6,0,false,5,true,false,false,2026-02-27 20:28:48+11:00,2026-02-27 20:28:48+11:00,,"Spécificités:
- Déplacement à prévoir

Durée: 6 mois
Validité jusqu'au 2026-03-20",242018,rachelle.sekeme@aboro.nc,"Ceci est une offre créée sur l'ancien service (emploi.gouv.nc).

Si vous êtes l'employeur en charge de cette offre, vous pouvez la recréer sur ce nouveau service (emploi.nc) afin de profiter de toutes les nouvelles fonctionnalités.",2026-02-024481,,,,,,,,
202603116489,Secrétaire médical / médicale,1,ACTIVE,M1609,2026-02-27 11:00:00+11:00,PAITA,CDD,0,6,0,true,5,false,false,false,2026-02-27 18:06:34+11:00,2026-02-27 18:38:31+11:00,,"Durée: 6 mois
Validité jusqu'au 2026-03-20",434223,jerome98897@gmail.com,"Ceci est une offre créée sur l'ancien service (emploi.gouv.nc).

Si vous êtes l'employeur en charge de cette offre, vous pouvez la recréer sur ce nouveau service (emploi.nc) afin de profiter de toutes les nouvelles fonctionnalités.",2026-02-024480,,,,,,,,
202603116d58,Chargé / Chargée d'affaires bancaires professionnelles,1,ACTIVE,C1203,2026-02-26 11:00:00+11:00,NOUMEA,CDI,0,0,0,false,5,true,true,true,2026-02-27 01:20:01+11:00,2026-02-27 01:20:01+11:00,,Validité jusqu'au 2026-03-19,000000,cyril.jay@inter-invest.fr,"Ceci est une offre créée sur l'ancien service (emploi.gouv.nc).

Si vous êtes l'employeur en charge de cette offre, vous pouvez la recréer sur ce nouveau service (emploi.nc) afin de profiter de toutes les nouvelles fonctionnalités.",2026-02-024476,,,,,,,,
20260311c5ff,Assistant / Assistante achat,1,ACTIVE,D1401,2026-02-26 11:00:00+11:00,NOUMEA,CDD,0,3,0,true,5,true,false,false,2026-02-26 23:19:45+11:00,2026-02-26 23:19:45+11:00,BTS,"Durée: 3 mois
Validité jusqu'au 2026-03-19",275880,gerard.besson@marine-corail.nc,"Ceci est une offre créée sur l'ancien service (emploi.gouv.nc).

Si vous êtes l'employeur en charge de cette offre, vous pouvez la recréer sur ce nouveau service (emploi.nc) afin de profiter de toutes les nouvelles fonctionnalités.",2026-02-024474,,,,,,,,
202603110d58,Chargé / Chargée d'affaires en industrie,1,ACTIVE,H1102,2026-02-26 11:00:00+11:00,NOUMEA,CDD,0,3,0,false,5,true,true,true,2026-02-26 22:57:12+11:00,2026-02-26 22:57:12+11:00,Bac +5,"Spécificités:
- Déplacement à prévoir

Durée: 3 mois
Validité jusqu'au 2026-03-19",289919,comptabilite@amcsud.nc,"Ceci est une offre créée sur l'ancien service (emploi.gouv.nc).

Si vous êtes l'employeur en charge de cette offre, vous pouvez la recréer sur ce nouveau service (emploi.nc) afin de profiter de toutes les nouvelles fonctionnalités.",2026-02-024473,,,,,,,,
202603112a84,Magasinier vendeur / Magasinière vendeuse,1,ACTIVE,N1103,2026-02-26 11:00:00+11:00,LA FOA,CDD,0,1,0,true,3,false,false,false,2026-02-26 20:46:36+11:00,2026-02-26 20:46:36+11:00,BEP – Filière Commerce / Vente,"Spécificités:
- Travail le samedi

Durée: 1 mois
Validité jusqu'au 2026-03-20",000000,cvgevkpp@gmail.com,"Ceci est une offre créée sur l'ancien service (emploi.gouv.nc).

Si vous êtes l'employeur en charge de cette offre, vous pouvez la recréer sur ce nouveau service (emploi.nc) afin de profiter de toutes les nouvelles fonctionnalités.",2026-02-024467,,,,,,,,
20260311203a,Technicien / Technicienne de maintenance de véhicules industriels,1,ACTIVE,I1604,2026-02-26 11:00:00+11:00,NOUMEA,CDD,0,0,1,false,,true,true,true,2026-02-26 20:30:06+11:00,2026-02-26 20:30:06+11:00,,"Durée: 1 an(s)
Validité jusqu'au 2026-03-19",802529,yendhis.toutain@marconnet.nc,"Ceci est une offre créée sur l'ancien service (emploi.gouv.nc).

Si vous êtes l'employeur en charge de cette offre, vous pouvez la recréer sur ce nouveau service (emploi.nc) afin de profiter de toutes les nouvelles fonctionnalités.",2026-02-024466,,,,,,,,
2026031124f9,Chargé / Chargée de clientèle en assurances,1,ACTIVE,C1102,2026-02-26 11:00:00+11:00,MONT-DORE,CDD,0,3,0,false,5,true,false,false,2026-02-26 20:16:39+11:00,2026-02-26 20:16:39+11:00,"BTS ASSURANCE, BTS NRC","Spécificités:
- Déplacement à prévoir

Durée: 3 mois
Validité jusqu'au 2026-03-19",46 07 07,laurence.chenu@cea-assurances.nc,"Ceci est une offre créée sur l'ancien service (emploi.gouv.nc).

Si vous êtes l'employeur en charge de cette offre, vous pouvez la recréer sur ce nouveau service (emploi.nc) afin de profiter de toutes les nouvelles fonctionnalités.",2026-02-024465,,,,,,,,
202603118790,Chargé / Chargée de clientèle en assurances,1,ACTIVE,C1102,2026-02-26 11:00:00+11:00,LA FOA,CDD,0,3,0,false,5,true,false,false,2026-02-26 20:13:12+11:00,2026-02-26 20:13:12+11:00,"BTS ASSURANCES, BTS NRC","Spécificités:
- Déplacement à prévoir

Durée: 3 mois
Validité jusqu'au 2026-03-19",46 07 07,laurence.chenu@cea-assurances.nc,"Ceci est une offre créée sur l'ancien service (emploi.gouv.nc).

Si vous êtes l'employeur en charge de cette offre, vous pouvez la recréer sur ce nouveau service (emploi.nc) afin de profiter de toutes les nouvelles fonctionnalités.",2026-02-024464,,,,,,,,
20260311841e,Assistant commercial / Assistante commerciale,1,ACTIVE,D1401,2026-02-26 11:00:00+11:00,PAITA,CDD,0,6,0,false,6,false,false,false,2026-02-26 19:16:05+11:00,2026-02-26 19:16:05+11:00,"Ecole Commerce, marketing, merchandising","Durée: 6 mois
Validité jusqu'au 2026-03-19",249466,accueil@partnersinterim.nc,"Ceci est une offre créée sur l'ancien service (emploi.gouv.nc).

Si vous êtes l'employeur en charge de cette offre, vous pouvez la recréer sur ce nouveau service (emploi.nc) afin de profiter de toutes les nouvelles fonctionnalités.",2026-02-024460,,,,,,,,
20260311ecbc,Infirmier général / Infirmière générale,4,ACTIVE,J1502,2026-03-02 11:00:00+11:00,DUMBEA,CDI,0,0,0,false,6,false,false,false,2026-02-26 06:56:46+11:00,2026-02-26 06:56:46+11:00,Diplôme d'Etat d'Infirmier,"Spécificités:
- Travail de nuit
- Travail jours fériés
- Travail le samedi et le dimanche

Validité jusqu'au 2026-03-18",+687 24.38.69,rh@cssr.nc,"Ceci est une offre créée sur l'ancien service (emploi.gouv.nc).

Si vous êtes l'employeur en charge de cette offre, vous pouvez la recréer sur ce nouveau service (emploi.nc) afin de profiter de toutes les nouvelles fonctionnalités.",2026-02-024458,,,,,,,,
2026031178f5,Orthophoniste,1,ACTIVE,J1406,2026-06-01 11:00:00+11:00,DUMBEA,CDI,0,0,0,true,7,true,false,false,2026-02-26 06:54:43+11:00,2026-02-26 06:54:43+11:00,Certificat de capacité d'orthophoniste,Validité jusqu'au 2026-03-18,+687 24.38.69,rh@cssr.nc,"Ceci est une offre créée sur l'ancien service (emploi.gouv.nc).

Si vous êtes l'employeur en charge de cette offre, vous pouvez la recréer sur ce nouveau service (emploi.nc) afin de profiter de toutes les nouvelles fonctionnalités.",2026-02-024457,,,,,,,,
202603114cc0,Technicien / Technicienne d'installation en courants faibles,1,ACTIVE,I1307,2026-02-25 11:00:00+11:00,NOUMEA,CDD,0,3,0,true,5,true,true,true,2026-02-26 03:38:14+11:00,2026-02-26 03:38:14+11:00,,"Spécificités:
- Déplacement à prévoir

Durée: 3 mois
Validité jusqu'au 2026-03-18",442295,rh@assystem.nc,"Ceci est une offre créée sur l'ancien service (emploi.gouv.nc).

Si vous êtes l'employeur en charge de cette offre, vous pouvez la recréer sur ce nouveau service (emploi.nc) afin de profiter de toutes les nouvelles fonctionnalités.",2026-02-024456,,,,,,,,
20260311d518,Pâtissier / Pâtissière,1,ACTIVE,D1104,2026-02-25 11:00:00+11:00,NOUMEA,CDD,0,6,0,true,3,true,false,false,2026-02-26 01:31:48+11:00,2026-02-26 01:31:48+11:00,,"Durée: 6 mois
Validité jusqu'au 2026-03-18",282835,cv.bpsh@outlook.fr,"Ceci est une offre créée sur l'ancien service (emploi.gouv.nc).

Si vous êtes l'employeur en charge de cette offre, vous pouvez la recréer sur ce nouveau service (emploi.nc) afin de profiter de toutes les nouvelles fonctionnalités.",2026-02-024454,,,,,,,,
20260311409e,Analyste en intelligence économique,1,ACTIVE,M1403,2026-02-25 11:00:00+11:00,NOUMEA,CDI,0,0,0,true,7,true,false,false,2026-02-26 01:23:29+11:00,2026-02-26 01:23:29+11:00,,Validité jusqu'au 2026-03-18,279141,IEOM-NC-RessourcesHumaines@ieom.nc,"Ceci est une offre créée sur l'ancien service (emploi.gouv.nc).

Si vous êtes l'employeur en charge de cette offre, vous pouvez la recréer sur ce nouveau service (emploi.nc) afin de profiter de toutes les nouvelles fonctionnalités.",2026-02-024453,,,,,,,,
20260311d1e1,Adjoint / Adjointe du directeur / de la directrice en hôtellerie-restauration,1,ACTIVE,G1401,2026-02-25 11:00:00+11:00,NOUMEA,CDI,0,0,0,false,3,false,false,false,2026-02-26 00:25:43+11:00,2026-02-26 00:25:43+11:00,Restauration,"Spécificités:
- Travail le samedi et le dimanche

Validité jusqu'au 2026-03-18",30.94.53,cv@cafestore.nc,"Ceci est une offre créée sur l'ancien service (emploi.gouv.nc).

Si vous êtes l'employeur en charge de cette offre, vous pouvez la recréer sur ce nouveau service (emploi.nc) afin de profiter de toutes les nouvelles fonctionnalités.",2026-02-024452,,,,,,,,
202603116149,Assistant / Assistante d'éducation,1,ACTIVE,K2104,2026-03-02 11:00:00+11:00,POINDIMIE,CDD,0,9,0,true,4,false,false,false,2026-02-25 22:53:39+11:00,2026-02-25 23:21:13+11:00,,"Durée: 9 mois
Validité jusqu'au 2026-03-18",42.72.76,ce.9830008s@ac-noumea.nc,"Ceci est une offre créée sur l'ancien service (emploi.gouv.nc).

Si vous êtes l'employeur en charge de cette offre, vous pouvez la recréer sur ce nouveau service (emploi.nc) afin de profiter de toutes les nouvelles fonctionnalités.",2026-02-024450,,,,,,,,
202603116f41,"Responsable administratif, comptable et financier / Responsable administrative, comptable et financière",1,ACTIVE,M1205,2026-06-01 11:00:00+11:00,NOUMEA,CDI,0,0,0,false,6,false,false,false,2026-02-25 21:47:13+11:00,2026-02-25 21:47:13+11:00,En comptabilité,Validité jusqu'au 2026-03-18,28 41 42,rh@cma.nc,"Ceci est une offre créée sur l'ancien service (emploi.gouv.nc).

Si vous êtes l'employeur en charge de cette offre, vous pouvez la recréer sur ce nouveau service (emploi.nc) afin de profiter de toutes les nouvelles fonctionnalités.",2026-02-024449,,,,,,,,
202603116886,Vendeur / Vendeuse en boulangerie-pâtisserie,1,ACTIVE,D1106,2026-03-02 11:00:00+11:00,NOUMEA,CDD,0,2,0,true,3,true,false,false,2026-02-25 21:04:47+11:00,2026-02-25 21:04:47+11:00,CAP PATISSERIE,"Spécificités:
- Travail le samedi

Durée: 2 mois
Validité jusqu'au 2026-03-18",272524,ncjose@hotmail.fr,"Ceci est une offre créée sur l'ancien service (emploi.gouv.nc).

Si vous êtes l'employeur en charge de cette offre, vous pouvez la recréer sur ce nouveau service (emploi.nc) afin de profiter de toutes les nouvelles fonctionnalités.",2026-02-024447,,,,,,,,
20260311be21,Vendeur / Vendeuse en boulangerie-pâtisserie,1,ACTIVE,D1106,2026-03-02 11:00:00+11:00,NOUMEA,CDI,0,0,0,true,3,true,false,false,2026-02-25 21:00:14+11:00,2026-02-25 21:00:14+11:00,,Validité jusqu'au 2026-03-18,272524,ncjose@hotmail.fr,"Ceci est une offre créée sur l'ancien service (emploi.gouv.nc).

Si vous êtes l'employeur en charge de cette offre, vous pouvez la recréer sur ce nouveau service (emploi.nc) afin de profiter de toutes les nouvelles fonctionnalités.",2026-02-024446,,,,,,,,
